N,Código,Tipo de muestra,x,y,Zona,Hoja,Nombre del proyecto,Año del proyecto ,N° Boletín,Serie,Año de Publicación,Región,Reporte,Laboratorio,Análisis,Geología,Au_g/Tm,Hg_ppb,Ag _ppm,Ba_ppm,Co_ppm,Cr_ppm,Cu_ppm,La _ppm,Li_ppm,Ni_ppm,Pb_ppm,Sc_ppm,Rb_ppm,Sr_ppm,V_ppm,Zn_ppm,As_ppm,Bi_ppm,Cd_ppm,Mo_ppm,Sb_ppm,Tl_2_ppm,W_2_ppm,Al_pct,Ca_pct,Fe_pct,K_pct,Mg_pct,Mn_pct,Na_pct,P_pct,Si_pct,Ti_pct,Y_ppm,Zr_ppm,Be_ppm,Ce_ppm,Cs_ppm,Dy_ppm,Er_ppm,Eu_ppm,Ga_ppm,Gd_ppm,Hf_ppm,Ho_ppm,In_ppm,Lu_ppm,Nb_ppm,Nd_ppm,Pr_ppm,Sm_ppm,Ta_ppm,Tb_ppm,Th_ppm,Tm_ppm,U_ppm,W_1_ppm,Yb_ppm
1,23l-RGQ24-026,Rocas,427987,8753813,18,23-l,"GE36A9-T02: MAGMATISMO Y GEOQUÍMICA DEL BATOLITO DE LA COORDILLERA ORIENTAL DEL PERÚ CENTRAL, SU RELACIÓN CON ELEMENTOS ESTRATÉGICOS Y ÁREAS DE INTERÉS PROSPECTIVO",2024,No elaborado,No elaborado,No elaborado,Junín,087-2024,INGEMMET,"I, IIa, IIb, III, IV, V","Roca metamórfica de textura bandeada, color gris verdoso, presenta boxwork en partes, con óxidos, epídota y clorita en fracturas. Roca caja alterada. E1: S40°W, E2: S70°W, E3: S20°W.",<0.027,<10,<0.5,26,48,58,191,7.4,28.756,68,<5,44,<2,205,359,127,<5,<10,<1,<2,<2,<0.5,<5,7.05,4.51,9.96,0.02,3.91,0.2,1.33,0.07,24.3,0.76,25,88,1.1,17.2,0.12,4.8,3,1,18.6,4.2,2.4,1,<0.2,0.44,4.1,11.8,2.5,3.8,<0.5,0.7,1.7,0.5,0.5,<1,2.9
2,23l-RGQ24-025,Rocas,427987,8753813,18,23-l,"GE36A9-T02: MAGMATISMO Y GEOQUÍMICA DEL BATOLITO DE LA COORDILLERA ORIENTAL DEL PERÚ CENTRAL, SU RELACIÓN CON ELEMENTOS ESTRATÉGICOS Y ÁREAS DE INTERÉS PROSPECTIVO",2024,No elaborado,No elaborado,No elaborado,Junín,087-2024,INGEMMET,"I, IIa, IIb, III, IV, V","Roca metamórfica de textura bandeada, color gris verdoso, presenta boxwork en partes, con óxidos, epídota y clorita en fracturas. Estructura de baritina y cuarzo. E1: S40°W, E2: S70°W, E3: S20°W.",<0.027,<10,<0.5,137,33,28,105,6.1,19.291,40,<5,26,<2,119,224,81,<5,<10,<1,<2,<2,<0.5,<5,4.06,1.84,5.85,<0.01,1.65,0.12,0.83,0.03,32.64,0.42,14,55,0.7,12.1,0.15,2.7,1.7,0.6,11.4,2.4,1.4,0.6,<0.2,0.26,2.5,7.5,1.6,2.1,<0.5,0.4,1.1,0.3,0.3,<1,1.7
3,23l-RGQ24-022,Rocas,437474,8738758,18,23-l,"GE36A9-T02: MAGMATISMO Y GEOQUÍMICA DEL BATOLITO DE LA COORDILLERA ORIENTAL DEL PERÚ CENTRAL, SU RELACIÓN CON ELEMENTOS ESTRATÉGICOS Y ÁREAS DE INTERÉS PROSPECTIVO",2024,No elaborado,No elaborado,No elaborado,Junín,087-2024,INGEMMET,"I, IIa, IIb, III, IV, V","Estructura mineralizada con baritina y óxidos de hierro, textura bandeada. Veta N 190°/65°NE.",<0.027,1440,<0.5,>100000,18,73,52,<2,19.302,29,<5,12,22,528,75,16,7,<10,<1,<2,9,<0.5,<5,1.96,0.03,9.21,0.4,0.08,0.74,0.13,0.04,8.02,0.18,<5,12,<0.6,3.6,4.78,0.7,0.5,3.5,4.6,1.2,0.6,0.1,<0.2,<0.15,<0.5,3.8,0.6,1.2,<0.5,0.2,<0.2,<0.1,<0.1,<1,0.4
4,23l-RGQ24-009,Rocas,435058,8740254,18,23-l,"GE36A9-T02: MAGMATISMO Y GEOQUÍMICA DEL BATOLITO DE LA COORDILLERA ORIENTAL DEL PERÚ CENTRAL, SU RELACIÓN CON ELEMENTOS ESTRATÉGICOS Y ÁREAS DE INTERÉS PROSPECTIVO",2024,No elaborado,No elaborado,No elaborado,Junín,087-2024,INGEMMET,"I, IIa, IIb, III, IV, V","Estructura mineralizada con serpentinización y silicificación, cortando a posible volcánico lavasen (capas de posibles filitas) de rumbo N50°W/10°SW.",<0.027,<10,<0.5,12,82,711,23,<2,8.738,1313,<5,31,<2,<2,515,60,42,<10,<1,<2,<2,<0.5,<5,2.62,0.75,9.9,<0.01,17.3,0.24,<0.01,0.02,17.06,1.75,9,15,<0.6,1.1,0.32,2.1,1.4,0.3,13.1,1.4,0.6,0.5,<0.2,0.23,1,1.7,0.3,1,<0.5,0.3,<0.2,0.2,<0.1,<1,1.4
5,22m-RGQ24-002,Rocas,469384,8795021,18,22-m,"GE36A9-T02: MAGMATISMO Y GEOQUÍMICA DEL BATOLITO DE LA COORDILLERA ORIENTAL DEL PERÚ CENTRAL, SU RELACIÓN CON ELEMENTOS ESTRATÉGICOS Y ÁREAS DE INTERÉS PROSPECTIVO",2024,No elaborado,No elaborado,No elaborado,Junín,087-2024,INGEMMET,"I, IIa, IIb, III","Roca intrusiva granítica de textura granítica - inequigranular; contiene cuarzo > 20%, feldespatos > 30%, biotitas anhedrales < 10%. Fractura N175°/ 40°SO.",na,na,<0.5,91,2,3,<2,11.5,11.047,<5,11,<5,186,36,<10,1,<5,<10,<1,<2,<2,1.3,<5,6.28,0.42,0.93,3.66,0.09,<0.01,2.41,0.03,35.03,0.1,31,167,5.1,119.8,6.3,5.6,3.5,0.4,21.2,5.8,6.4,1.1,<0.2,0.65,39.6,35.4,10.2,7.2,4.2,0.9,50.5,0.6,5.7,4,4.3
6,23m-RGQ24-006,Rocas,467614,8770564,18,23-m,"GE36A9-T02: MAGMATISMO Y GEOQUÍMICA DEL BATOLITO DE LA COORDILLERA ORIENTAL DEL PERÚ CENTRAL, SU RELACIÓN CON ELEMENTOS ESTRATÉGICOS Y ÁREAS DE INTERÉS PROSPECTIVO",2024,No elaborado,No elaborado,No elaborado,Junín,087-2024,INGEMMET,"I, IIa, IIb, III","Sienogranito cortado por venillas de óxidos de hierro (hematita-gohetita) + sílice, a su vez estas son cortadas por venillas de jarosita con arcillas blancas dispuestas a manera de sutura centrada.",na,na,<0.5,293,10,5,3,1255.2,20.018,8,8,<5,460,2,<10,21,51,<10,<1,3,<2,4.4,8,13.01,0.01,6.23,3.2,0.23,0.11,0.18,0.04,23.06,0.02,369,91,26.8,860.6,5.09,125.9,36.6,9.1,93.3,221.1,4.7,16.9,0.5,3.83,67.2,785.8,200.6,280.8,6.2,27.7,98.3,4.7,76.7,7,30.2
7,23m-RGQ24-008,Rocas,465536,8772375,18,23-m,"GE36A9-T02: MAGMATISMO Y GEOQUÍMICA DEL BATOLITO DE LA COORDILLERA ORIENTAL DEL PERÚ CENTRAL, SU RELACIÓN CON ELEMENTOS ESTRATÉGICOS Y ÁREAS DE INTERÉS PROSPECTIVO",2024,No elaborado,No elaborado,No elaborado,Junín,087-2024,INGEMMET,"I, IIa, IIb, III, IV, V","Veta de cuarzo blanco masivo con parches de goethita y jarosita, que hacia la caja piso es cortada por una venilla de cuarzo blanco tipo diente de perro con sutura centrada y oquedades rellenadas con especularita. Roca caja sienogranito rojizo de tonalidad mesócrata. Cuarzo (30%), feldespatos (40%), plagioclasas (10%). Veta N220°/60°NO, ancho 0.30 m.",<0.027,<10,<0.5,1088,4,8,3,51.6,39.385,6,13,<5,999,66,13,61,<5,<10,<1,<2,<2,4.4,8,8.15,0.09,2.68,4.65,0.4,0.02,0.1,0.03,32.2,0.07,157,237,15.4,98.8,18.42,21.7,14.2,1,46.2,19.1,9.3,4.6,<0.2,2.05,100.5,82.6,19.6,22.6,6.8,3.1,63.4,2.3,11.7,8,15.2
8,23l-RGQ24-004,Rocas,436993,8738979,18,23-l,"GE36A9-T02: MAGMATISMO Y GEOQUÍMICA DEL BATOLITO DE LA COORDILLERA ORIENTAL DEL PERÚ CENTRAL, SU RELACIÓN CON ELEMENTOS ESTRATÉGICOS Y ÁREAS DE INTERÉS PROSPECTIVO",2024,No elaborado,No elaborado,No elaborado,Junín,087-2024,INGEMMET,"I, IIa, IIb, III, IV, V","Veta de cuarzo y baritina con venillas de sílice - goethita, presenta textura bandeada coloforme, a su vez, corta a la brecha hidrotermal de textura de reemplazamiento polimíctica. Azimut/buzamiento de veta= N 255°/75°NW. Ancho de veta 15 cm.",<0.027,128,<0.5,>100000,22,52,31,4.2,32.897,25,<5,12,11,974,105,15,17,<10,<1,<2,8,<0.5,<5,2.58,0.01,12.67,0.16,0.03,0.54,0.05,0.05,9.02,0.3,7,30,<0.6,44.8,0.94,2,1,3.7,6.9,3.4,0.9,0.4,0.2,0.17,2.8,23.1,5.9,4.4,<0.5,0.4,0.9,0.2,0.1,<1,1.1
9,23m-RGQ24-013,Rocas,448136,8745945,18,23-m,"GE36A9-T02: MAGMATISMO Y GEOQUÍMICA DEL BATOLITO DE LA COORDILLERA ORIENTAL DEL PERÚ CENTRAL, SU RELACIÓN CON ELEMENTOS ESTRATÉGICOS Y ÁREAS DE INTERÉS PROSPECTIVO",2024,No elaborado,No elaborado,No elaborado,Junín,087-2024,INGEMMET,"I, IIa, IIb, III","Roca metamórfica de color gris claro y textura foliada, con presencia de lentes de cuarzo hialino, sin clorita y epídota. Foliación N15°E/65°NO.",na,na,<0.5,543,17,84,18,24.9,42.255,31,20,19,106,108,150,85,<5,<10,<1,<2,<2,0.6,<5,8.27,0.37,4.47,2.29,1.09,0.04,1.19,0.07,30.41,0.46,33,213,3.3,82.5,4.84,6.2,3.5,1.5,23.7,7.1,6.1,1.2,<0.2,0.54,15.1,39.7,10,8.4,1.4,1,18.1,0.5,3.7,2,3.5
10,23l-RGQ24-005,Rocas,437173,8738940,18,23-l,"GE36A9-T02: MAGMATISMO Y GEOQUÍMICA DEL BATOLITO DE LA COORDILLERA ORIENTAL DEL PERÚ CENTRAL, SU RELACIÓN CON ELEMENTOS ESTRATÉGICOS Y ÁREAS DE INTERÉS PROSPECTIVO",2024,No elaborado,No elaborado,No elaborado,Junín,087-2024,INGEMMET,"I, IIa, IIb, III, IV, V","Brecha hidrotermal polimíctica, matriz soportada - cemento silicificado, con óxidos de gohetita+++, hematita- y jarosita++, con venillas y parches de magnetita, y presencia de venillas malaquita-calcantita, fragmentos de toba crist y esquisto argilizando fuertemente, forma subangular - subredondeado, ø > 15 cm, ø ? 8 - 6, ø < 2 cm. N 320°/80°NE. Ancho 3 m. ",<0.027,139,<0.5,3288,33,532,16,<2,292.515,70,<5,31,23,131,204,38,7,<10,<1,<2,9,<0.5,<5,7.78,0.04,16.66,0.63,0.07,1.13,0.67,0.03,22.25,0.59,15,54,1.1,11.4,5.12,3.5,2,1,17.1,2.9,1.5,0.7,0.2,0.29,1.4,8.9,1.8,2.7,<0.5,0.5,<0.2,0.3,0.3,1,1.9
11,23l-RGQ24-008,Rocas,435016,8740309,18,23-l,"GE36A9-T02: MAGMATISMO Y GEOQUÍMICA DEL BATOLITO DE LA COORDILLERA ORIENTAL DEL PERÚ CENTRAL, SU RELACIÓN CON ELEMENTOS ESTRATÉGICOS Y ÁREAS DE INTERÉS PROSPECTIVO",2024,No elaborado,No elaborado,No elaborado,Junín,087-2024,INGEMMET,"I, IIa, IIb, III","Roca metamórfica de color gris verdoso y textura obliterada, con minerales verdosos (serpentinita?) y óxidos oscuros (ancho: 2 m).",na,na,<0.5,38,84,1084,46,<2,4.255,1202,<5,18,<2,<2,623,70,<5,<10,<1,<2,<2,<0.5,<5,2.99,0.34,9.88,<0.01,18.62,0.31,<0.01,<0.01,16.72,0.89,<5,7,<0.6,1,0.41,1.2,0.8,0.1,13.1,0.7,0.3,0.2,<0.2,<0.15,<0.5,1.1,0.2,0.5,<0.5,0.1,<0.2,0.1,<0.1,<1,0.8
12,23l-RGQ24-010,Rocas,435266,8741054,18,23-l,"GE36A9-T02: MAGMATISMO Y GEOQUÍMICA DEL BATOLITO DE LA COORDILLERA ORIENTAL DEL PERÚ CENTRAL, SU RELACIÓN CON ELEMENTOS ESTRATÉGICOS Y ÁREAS DE INTERÉS PROSPECTIVO",2024,No elaborado,No elaborado,No elaborado,Junín,087-2024,INGEMMET,"I, IIa, IIb, III","Cuerpo de peridotita gris oscuro, tonalidad melanócrata con textura afánitica y diseminación de carbonatos. Estas rocas exponen una alteración de serpentina con diseminación y venillas de magnetita. Esquistocidad N 350°/60°NE. Ancho 3 m.",na,na,<0.5,8,86,1518,8,11.2,2.247,1124,<5,15,<2,2,130,93,<5,<10,<1,<2,<2,<0.5,<5,3.42,3.69,9.65,<0.01,17.24,0.32,<0.01,0.12,15.97,0.99,105,82,0.7,38.6,0.07,17.8,11.8,2.2,10.8,13.4,3.5,3.9,<0.2,1.69,6.2,34.1,6.5,10.9,0.7,2.4,1,1.8,0.2,<1,11.6
13,23l-RGQ24-012,Rocas,435589,8739606,18,23-l,"GE36A9-T02: MAGMATISMO Y GEOQUÍMICA DEL BATOLITO DE LA COORDILLERA ORIENTAL DEL PERÚ CENTRAL, SU RELACIÓN CON ELEMENTOS ESTRATÉGICOS Y ÁREAS DE INTERÉS PROSPECTIVO",2024,No elaborado,No elaborado,No elaborado,Junín,087-2024,INGEMMET,"I, IIa, IIb, III","Afloramiento de peridotita gris melanócrata que se altera a serpentinita con presencia de diseminados y parches de magnetita que se alteran a serpentinitas. Rumbo de la labor N 330°, esquistosidad N 150°/65°SW.",na,na,<0.5,9,100,2884,<2,<2,<2,2391,<5,<5,<2,<2,21,38,7,<10,<1,<2,<2,<0.5,<5,0.23,0.03,4.8,<0.01,21.68,0.04,<0.01,<0.01,18.98,<0.01,<5,<5,<0.6,1.1,0.06,<0.1,<0.1,0.1,0.7,<0.1,<0.2,<0.1,<0.2,<0.15,<0.5,0.5,0.1,0.1,<0.5,<0.1,<0.2,<0.1,<0.1,<1,<0.1
14,23l-RGQ24-016,Rocas,431490,8749245,18,23-l,"GE36A9-T02: MAGMATISMO Y GEOQUÍMICA DEL BATOLITO DE LA COORDILLERA ORIENTAL DEL PERÚ CENTRAL, SU RELACIÓN CON ELEMENTOS ESTRATÉGICOS Y ÁREAS DE INTERÉS PROSPECTIVO",2024,No elaborado,No elaborado,No elaborado,Junín,087-2024,INGEMMET,"I, IIa, IIb, III","Roca volcánica (toba) color gris claro, geometría tabular, textura porfirítica alterada (obliterada) con biotita y hornblendas anhedrales alterándose a óxidos de hierro.",na,na,<0.5,49,4,4,<2,16.9,10.934,<5,<5,6,<2,84,22,25,<5,<10,<1,<2,<2,<0.5,<5,7.67,0.11,1.82,0.17,0.62,0.03,4.81,0.04,32.84,0.27,42,390,2.4,126.7,0.21,8.4,4.5,2.2,21.3,9.9,10.9,1.6,<0.2,0.65,25.4,63.7,16.3,12.7,1.7,1.4,14.7,0.7,3.2,<1,4.5
15,23l-RGQ24-017,Rocas,431400,8749526,18,23-l,"GE36A9-T02: MAGMATISMO Y GEOQUÍMICA DEL BATOLITO DE LA COORDILLERA ORIENTAL DEL PERÚ CENTRAL, SU RELACIÓN CON ELEMENTOS ESTRATÉGICOS Y ÁREAS DE INTERÉS PROSPECTIVO",2024,No elaborado,No elaborado,No elaborado,Junín,087-2024,INGEMMET,"I, IIa, IIb, III","Roca metamórfica color gris verdoso y textura foliada, con vetillas de cuarzo; se encuentra en contacto con las tobas riodacíticas, estratos de filitas y esquistos.",na,na,<0.5,538,19,68,20,15.6,31.448,36,11,15,92,66,97,79,<5,<10,<1,<2,<2,0.7,<5,8.25,0.43,4.47,3.02,1.58,0.07,1.64,0.11,30.07,0.46,31,215,3.1,77.5,7.6,5.6,3.3,1.4,22.5,6.3,5.8,1.1,<0.2,0.48,15.7,36.4,9.4,7.8,1.3,0.9,13,0.5,2.6,2,3.2
16,23l-RGQ24-018,Rocas,429909,8751286,18,23-l,"GE36A9-T02: MAGMATISMO Y GEOQUÍMICA DEL BATOLITO DE LA COORDILLERA ORIENTAL DEL PERÚ CENTRAL, SU RELACIÓN CON ELEMENTOS ESTRATÉGICOS Y ÁREAS DE INTERÉS PROSPECTIVO",2024,No elaborado,No elaborado,No elaborado,Junín,087-2024,INGEMMET,"I, IIa, IIb, III","Esquistos sericítico con fracturas tapizadas óxidos - jarosita, textura lepidoblástica, grado de metamorfismo medio a alto. Esquistosidad N 160°/30°SW.",na,na,<0.5,574,18,81,3,<2,26.039,45,<5,25,90,48,121,98,<5,<10,<1,<2,<2,0.9,<5,9.17,0.01,5.13,3.36,0.74,0.04,0.25,0.03,28.98,0.61,35,230,4.1,97.3,9.14,6.6,4,1.5,26.4,7.7,6.5,1.3,<0.2,0.6,25.8,44,11.6,8.9,2.1,1.1,18.5,0.6,3.3,3,3.9
17,23l-RGQ24-019,Rocas,430549,8750070,18,23-l,"GE36A9-T02: MAGMATISMO Y GEOQUÍMICA DEL BATOLITO DE LA COORDILLERA ORIENTAL DEL PERÚ CENTRAL, SU RELACIÓN CON ELEMENTOS ESTRATÉGICOS Y ÁREAS DE INTERÉS PROSPECTIVO",2024,No elaborado,No elaborado,No elaborado,Junín,087-2024,INGEMMET,"I, IIa, IIb, III","Esquisto sericítico de textura lepidoblástica, con fracturas tapizadas de óxidos. Esquistosidad: N 190°/ 50°NW.",na,na,<0.5,334,20,81,81,<2,21.618,51,<5,15,22,48,102,58,6,<10,<1,<2,<2,0.7,<5,8.52,0.12,5.55,2.63,1.22,0.06,0.25,0.1,28.88,0.57,29,475,2.8,98.8,6.66,5.7,3.4,1.3,22.9,5.5,12.5,1.2,<0.2,0.59,18.3,28.6,7.6,6.2,1.5,0.9,15.2,0.6,3.6,2,3.8
18,23l-RGQ24-020,Rocas,430960,8749061,18,23-l,"GE36A9-T02: MAGMATISMO Y GEOQUÍMICA DEL BATOLITO DE LA COORDILLERA ORIENTAL DEL PERÚ CENTRAL, SU RELACIÓN CON ELEMENTOS ESTRATÉGICOS Y ÁREAS DE INTERÉS PROSPECTIVO",2024,No elaborado,No elaborado,No elaborado,Junín,087-2024,INGEMMET,"I, IIa, IIb, III","Toba volcánica de color gris, geometría tabular, textura irregular, conformada por clastos subangulares y redondeados. Presenta ojos de caruzo y xenolitos. Diaclasa S15°E/45°SW.",na,na,<0.5,486,8,17,42,6.7,12.34,6,7,8,35,36,32,19,30,<10,<1,<2,<2,<0.5,<5,7.23,0.1,2.55,1.55,0.56,0.06,2.56,0.04,32.91,0.14,28,157,2.4,64.5,3.2,5.1,3.2,1,17.9,5.2,5,1.1,<0.2,0.49,12.4,27.5,7.6,6.1,1.4,0.8,18.9,0.5,4.1,<1,3.3
19,23l-RGQ24-024,Rocas,427804,8752429,18,23-l,"GE36A9-T02: MAGMATISMO Y GEOQUÍMICA DEL BATOLITO DE LA COORDILLERA ORIENTAL DEL PERÚ CENTRAL, SU RELACIÓN CON ELEMENTOS ESTRATÉGICOS Y ÁREAS DE INTERÉS PROSPECTIVO",2024,No elaborado,No elaborado,No elaborado,Junín,087-2024,INGEMMET,"I, IIa, IIb, III","Roca volcánica-sedimentaria, tabular-afanítica, tonalidad gris claro, textura granular fina, intercalada con lutitas grises oscuras. Fractura N40°W, vertical.",na,na,<0.5,261,21,52,15,<2,32.966,34,<5,10,60,36,98,40,13,<10,<1,<2,<2,0.6,<5,6.32,0.06,3.09,1.79,0.53,0.04,0.35,0.03,34.53,0.37,27,162,2.6,59.5,5.07,5.2,2.9,1.2,17,5.4,4.8,1,<0.2,0.44,9.2,28.3,7.2,6.3,1.2,0.8,11.6,0.5,2.6,2,3
20,23l-RGQ24-027,Rocas,428029,8760767,18,23-l,"GE36A9-T02: MAGMATISMO Y GEOQUÍMICA DEL BATOLITO DE LA COORDILLERA ORIENTAL DEL PERÚ CENTRAL, SU RELACIÓN CON ELEMENTOS ESTRATÉGICOS Y ÁREAS DE INTERÉS PROSPECTIVO",2024,No elaborado,No elaborado,No elaborado,Junín,087-2024,INGEMMET,"I, IIa, IIb, III",Roca intrusiva color blanquecino y textura obliterada. Moderadamente intemperizada y deleznable con relictos de biotita anhedral.,na,na,<0.5,485,6,6,3,27.7,16.993,8,21,11,195,40,28,40,<5,<10,<1,<2,<2,0.6,<5,13.93,0.1,1.91,3.73,0.34,0.03,0.17,0.03,24.8,0.22,53,220,4.7,43.6,3.31,8.5,5,2.3,30.8,8.9,6.1,1.7,<0.2,0.75,28.8,44,12.1,9.4,3.2,1.3,10.3,0.8,4.4,1,5.3
21,23l-RGQ24-028,Rocas,428348,8760356,18,23-l,"GE36A9-T02: MAGMATISMO Y GEOQUÍMICA DEL BATOLITO DE LA COORDILLERA ORIENTAL DEL PERÚ CENTRAL, SU RELACIÓN CON ELEMENTOS ESTRATÉGICOS Y ÁREAS DE INTERÉS PROSPECTIVO",2024,No elaborado,No elaborado,No elaborado,Junín,087-2024,INGEMMET,"I, IIa, IIb, III, IV, V","Roca intrusiva de tonalidad mesócrata, geometría tabular, textura obliterada con relictos de biotita y óxidos de hierro en las fracturas, cortado por aplitas de cuarzo (5-10 cm).",<0.027,<10,<0.5,425,18,12,3,7.9,10.843,8,<5,<5,20,103,40,18,<5,<10,<1,<2,<2,<0.5,<5,7.53,0.77,3.06,2.98,0.67,0.05,2.79,0.09,30.88,0.32,20,285,2.6,69.8,0.48,3.9,2.4,1.3,17.2,4.4,6.9,0.8,<0.2,0.38,42.4,26.8,7.5,5.1,3.3,0.6,13,0.4,3.6,1,2.5
22,23l-RGQ24-029,Rocas,425354,8768006,18,23-l,"GE36A9-T02: MAGMATISMO Y GEOQUÍMICA DEL BATOLITO DE LA COORDILLERA ORIENTAL DEL PERÚ CENTRAL, SU RELACIÓN CON ELEMENTOS ESTRATÉGICOS Y ÁREAS DE INTERÉS PROSPECTIVO",2024,No elaborado,No elaborado,No elaborado,Junín,087-2024,INGEMMET,"I, IIa, IIb, III","Roca intrusiva melanócrata gris verdoso, geometría tabular y textura porfirítica. Presenta biotita anhedral con óxidos en fracturas y moderado magnetismo. Alteración propilítica débil con venillas milimétricas de epídota y clorita, así como en la matriz.",na,na,<0.5,447,21,56,3,14.8,21.288,50,6,16,38,142,86,51,<5,<10,<1,<2,<2,<0.5,<5,7.27,1.04,4.96,2.25,1.5,0.1,2.03,0.06,30.22,0.52,26,252,3,87.9,1.66,5.1,2.8,1.5,21.2,6.3,7.1,1,<0.2,0.4,18.7,38.4,9.8,8,1.3,0.9,15.1,0.4,2.1,<1,2.6
23,23l-RGQ24-045,Rocas,425310,8767963,18,23-l,"GE36A9-T02: MAGMATISMO Y GEOQUÍMICA DEL BATOLITO DE LA COORDILLERA ORIENTAL DEL PERÚ CENTRAL, SU RELACIÓN CON ELEMENTOS ESTRATÉGICOS Y ÁREAS DE INTERÉS PROSPECTIVO",2024,No elaborado,No elaborado,No elaborado,Junín,087-2024,INGEMMET,"I, IIa, IIb, III, IV, V","Veta de cuarzo que corta al intrusivo, con presencia de hematita y goethita en fracturas, parches esporádicos de pirita. Veta de cuarzo S60°W/65°NW.",<0.027,<10,<0.5,20,3,19,3,<2,<2,5,<5,<5,5,10,<10,3,<5,<10,<1,<2,<2,<0.5,<5,0.42,0.06,0.46,0.09,0.09,0.02,0.04,0.01,45.37,0.02,<5,7,<0.6,3.5,0.2,0.2,<0.1,<0.1,2,0.3,<0.2,<0.1,<0.2,<0.15,<0.5,1.6,0.4,0.4,<0.5,<0.1,0.2,<0.1,0.1,<1,<0.1
24,23l-RGQ24-046,Rocas,425243,8767937,18,23-l,"GE36A9-T02: MAGMATISMO Y GEOQUÍMICA DEL BATOLITO DE LA COORDILLERA ORIENTAL DEL PERÚ CENTRAL, SU RELACIÓN CON ELEMENTOS ESTRATÉGICOS Y ÁREAS DE INTERÉS PROSPECTIVO",2024,No elaborado,No elaborado,No elaborado,Junín,087-2024,INGEMMET,"I, IIa, IIb, III, IV, V","Roca intrusiva tabular de tonaliadad melanócrata, con epídota y clorita en matriz y venillas milimétricas. Presenta alteración propilítica moderada con pirita diseminada. La biotita anhedral alterando a clorita.",<0.027,<10,<0.5,913,16,50,35,46,15.301,26,9,11,113,182,79,43,<5,<10,<1,<2,<2,<0.5,<5,7.81,1.06,4.39,2.66,0.9,0.09,1.54,0.13,30.52,0.48,35,274,3.6,61.1,1.8,6.6,3.8,3.1,21.6,7.3,7.5,1.3,<0.2,0.54,13.3,31.8,7.7,7.8,1.4,1.1,7.3,0.6,2.6,<1,3.8
25,23l-RGQ24-047,Rocas,426755,8765650,18,23-l,"GE36A9-T02: MAGMATISMO Y GEOQUÍMICA DEL BATOLITO DE LA COORDILLERA ORIENTAL DEL PERÚ CENTRAL, SU RELACIÓN CON ELEMENTOS ESTRATÉGICOS Y ÁREAS DE INTERÉS PROSPECTIVO",2024,No elaborado,No elaborado,No elaborado,Junín,087-2024,INGEMMET,"I, IIa, IIb, III, IV, V","Roca metamórfica de color gris oscuro y textura foliada, presenta biotita anhedral alterando a clorita, con abundante óxido, posible protolito intrusivo con pirita diseminada. Estructura S25°E/55°SW.",<0.027,<10,<0.5,347,18,61,76,47.4,29.466,34,10,24,72,133,170,58,7,<10,<1,4,<2,<0.5,<5,6.76,0.48,4.82,1.61,1.51,0.07,0.92,0.09,30.62,0.72,30,149,2.8,65.4,2.23,5.9,3.3,1.4,20.6,6.5,4.1,1.2,<0.2,0.43,12.3,34.4,8.5,7.6,1.2,0.9,9.3,0.5,4.6,1,3.1
26,23l-RGQ24-048,Rocas,426978,8764378,18,23-l,"GE36A9-T02: MAGMATISMO Y GEOQUÍMICA DEL BATOLITO DE LA COORDILLERA ORIENTAL DEL PERÚ CENTRAL, SU RELACIÓN CON ELEMENTOS ESTRATÉGICOS Y ÁREAS DE INTERÉS PROSPECTIVO",2024,No elaborado,No elaborado,No elaborado,Junín,087-2024,INGEMMET,"I, IIa, IIb, III, IV, V","Roca metamórfica micácea color gris verdoso y textura foliada, con abundante óxidos en fracturas y lentes de cuarzo. Roca alterada con pirita diseminada. Estructura S20°E/80°SW.",<0.027,<10,<0.5,505,18,65,5,25.9,23.309,36,7,16,61,78,95,55,<5,<10,<1,<2,<2,<0.5,<5,7.55,0.31,4.75,2.16,1.51,0.09,0.99,0.08,30.57,0.48,41,250,3.4,76.8,1.42,7.9,4.3,1.7,21.4,8.6,6.7,1.6,<0.2,0.59,16.7,38.7,9.7,9.3,1.3,1.2,13.8,0.7,2.1,2,4.1
27,23l-RGQ24-049,Rocas,437021,8772093,18,23-l,"GE36A9-T02: MAGMATISMO Y GEOQUÍMICA DEL BATOLITO DE LA COORDILLERA ORIENTAL DEL PERÚ CENTRAL, SU RELACIÓN CON ELEMENTOS ESTRATÉGICOS Y ÁREAS DE INTERÉS PROSPECTIVO",2024,No elaborado,No elaborado,No elaborado,Junín,087-2024,INGEMMET,"I, IIa, IIb, III","Roca intrusiva tabular porfirítica, contiene cuarzo anhedral (20%), plagioclasa anhedral (15%) gris claro con tonalidad verdosa, óxidos en fracturas con magnetismo moderado, con epídota y clorita; la biotita anhedral está alterando a clorita. Diaclasa S50°E, vertical.",na,na,<0.5,391,11,30,16,15.8,34.911,12,14,12,131,82,66,28,6,<10,<1,<2,<2,0.6,<5,7.23,0.66,2.76,2.49,0.96,0.05,1.59,0.08,32.5,0.25,16,123,2,42.1,5.31,3.3,1.7,0.8,17.8,4,3.6,0.6,<0.2,0.22,9.7,20,5.1,4.9,0.9,0.6,11.4,0.2,1.9,2,1.6
28,23l-RGQ24-050,Rocas,435849,8772674,18,23-l,"GE36A9-T02: MAGMATISMO Y GEOQUÍMICA DEL BATOLITO DE LA COORDILLERA ORIENTAL DEL PERÚ CENTRAL, SU RELACIÓN CON ELEMENTOS ESTRATÉGICOS Y ÁREAS DE INTERÉS PROSPECTIVO",2024,No elaborado,No elaborado,No elaborado,Junín,087-2024,INGEMMET,"I, IIa, IIb, III","Roca intrusiva tabular porfirítica de tonalidad leucócrata y color gris claro a blanquecino; contiene cuarzo (30%, plagioclasas (15%), granos grandes de cuarzo hialino anhedral y granos medios de cuarzo cristalino subhedral, con óxidos en fracturas, cristales de epídota y biotita subhedral, débil silicificación.",na,na,<0.5,210,13,28,10,10.4,50.38,11,18,9,38,63,65,70,9,<10,<1,<2,<2,<0.5,<5,7.08,0.21,3.16,1.51,0.82,0.06,2.1,0.07,32.87,0.26,29,258,2.2,59,3.18,5.2,3.1,1,17,5.5,7.4,1.1,<0.2,0.46,8.9,27.7,7,6.2,0.9,0.8,12.5,0.5,2.6,2,3.1
29,23l-RGQ24-051,Rocas,435311,8772466,18,23-l,"GE36A9-T02: MAGMATISMO Y GEOQUÍMICA DEL BATOLITO DE LA COORDILLERA ORIENTAL DEL PERÚ CENTRAL, SU RELACIÓN CON ELEMENTOS ESTRATÉGICOS Y ÁREAS DE INTERÉS PROSPECTIVO",2024,No elaborado,No elaborado,No elaborado,Junín,087-2024,INGEMMET,"I, IIa, IIb, III","Roca metamórfica gris oscuro verdoso, foliada-porfidoblástica micácea, con óxidos en fracturas y venillas de epídota. Esquistosidad S40°E/60°SW.",na,na,<0.5,716,3,5,14,16.9,48.382,<5,<5,8,32,68,<10,27,7,<10,<1,19,2,<0.5,<5,7.31,0.3,1.58,2.36,0.59,0.07,2.86,0.04,33.63,0.24,41,426,2.9,116.6,3.59,7.7,4.4,2.5,20.7,9.3,11.4,1.5,<0.2,0.61,23.3,57.6,14.5,12,1.6,1.3,13.4,0.6,3.2,3,4.2
30,23l-RGQ24-052,Rocas,435125,8771603,18,23-l,"GE36A9-T02: MAGMATISMO Y GEOQUÍMICA DEL BATOLITO DE LA COORDILLERA ORIENTAL DEL PERÚ CENTRAL, SU RELACIÓN CON ELEMENTOS ESTRATÉGICOS Y ÁREAS DE INTERÉS PROSPECTIVO",2024,No elaborado,No elaborado,No elaborado,Junín,087-2024,INGEMMET,"I, IIa, IIb, III","Roca intrusiva tabular fanerítica diaclasada, tonalidad mesócrata, cuarzo gris claro (30%), plagioclasa (15%, ambas anhedrales; presencia de clorita y epídota, óxidos en fracturas con débil magnetismo, biotita anhedral alterando a clorita. Diaclasa S80°W, vertical.",na,na,<0.5,577,5,10,10,7,14.892,<5,61,7,30,362,37,104,<5,<10,<1,<2,<2,<0.5,<5,7.56,2.03,1.84,1.84,0.67,0.06,2.63,0.06,33.12,0.17,22,127,2.3,44.4,1.82,3.8,2.1,1.1,17.5,4.1,3.3,0.7,<0.2,0.3,7.7,21.2,5.5,4.9,1.3,0.6,6,0.4,1.4,<1,2.3
31,23l-RGQ24-053,Rocas,431635,8781561,18,23-l,"GE36A9-T02: MAGMATISMO Y GEOQUÍMICA DEL BATOLITO DE LA COORDILLERA ORIENTAL DEL PERÚ CENTRAL, SU RELACIÓN CON ELEMENTOS ESTRATÉGICOS Y ÁREAS DE INTERÉS PROSPECTIVO",2024,No elaborado,No elaborado,No elaborado,Junín,087-2024,INGEMMET,"I, IIa, IIb, III","Roca intrusiva color blanquecino y textura granular, con biotitas anhedrales y óxidos de hierro en fracturas; presenta boxwork esporádicos, asociado a los granitos de la unidad Quiparacra.",na,na,<0.5,44,3,3,<2,<2,<2,<5,<5,7,19,22,<10,4,<5,<10,<1,<2,<2,<0.5,<5,7.38,0.18,0.51,1.19,0.09,0.03,3.75,0.04,35.81,0.01,6,21,1.8,13.1,1.35,1.3,0.6,0.5,20.5,1.5,1.5,0.2,<0.2,<0.15,4.8,6.9,1.7,2.1,1.4,0.2,6.4,0.1,11.2,<1,0.7
32,23l-RGQ24-054,Rocas,431567,8779303,18,23-l,"GE36A9-T02: MAGMATISMO Y GEOQUÍMICA DEL BATOLITO DE LA COORDILLERA ORIENTAL DEL PERÚ CENTRAL, SU RELACIÓN CON ELEMENTOS ESTRATÉGICOS Y ÁREAS DE INTERÉS PROSPECTIVO",2024,No elaborado,No elaborado,No elaborado,Junín,087-2024,INGEMMET,"I, IIa, IIb, III","Roca intrusiva color blanquecino y textura porfirítica, presenta plagioclasas > 20%, cuarzo > 10%, biotitas < 10% de forma anhedral.",na,na,<0.5,359,4,5,4,5.8,36.228,<5,36,7,108,164,22,32,<5,<10,<1,<2,<2,0.9,<5,7.42,1.15,1.53,3.19,0.36,0.04,2.16,0.05,32.78,0.15,12,77,7,34.2,6.46,2.6,1.2,0.8,21.1,3,2.3,0.5,<0.2,<0.15,6.8,15.4,4,3.4,1.2,0.4,5.4,0.2,2.7,<1,1.1
33,23l-RGQ24-055,Rocas,432345,8778719,18,23-l,"GE36A9-T02: MAGMATISMO Y GEOQUÍMICA DEL BATOLITO DE LA COORDILLERA ORIENTAL DEL PERÚ CENTRAL, SU RELACIÓN CON ELEMENTOS ESTRATÉGICOS Y ÁREAS DE INTERÉS PROSPECTIVO",2024,No elaborado,No elaborado,No elaborado,Junín,087-2024,INGEMMET,"I, IIa, IIb, III","Roca intrusiva color blanquecino, textura granular y obliterada, con biotitas anhedrales esporádicas, óxidos de hierro en la matriz y fracturas, además, de especularita en fracturas asociada a una granodiorita. Diaclasa S40°E, vertical.",na,na,<0.5,180,4,5,3,<2,<2,<5,<5,<5,15,63,34,4,<5,<10,<1,<2,<2,<0.5,<5,6.64,0.39,1.47,0.82,0.08,0.06,4,0.04,35.29,0.14,8,125,1.6,2.8,0.91,1.2,1,0.2,13.8,0.8,3.5,0.3,<0.2,0.17,6.2,1.5,0.4,0.5,0.7,0.2,8.8,0.2,2.5,3,1
34,23l-RGQ24-056,Rocas,421817,8759748,18,23-l,"GE36A9-T02: MAGMATISMO Y GEOQUÍMICA DEL BATOLITO DE LA COORDILLERA ORIENTAL DEL PERÚ CENTRAL, SU RELACIÓN CON ELEMENTOS ESTRATÉGICOS Y ÁREAS DE INTERÉS PROSPECTIVO",2024,No elaborado,No elaborado,No elaborado,Junín,087-2024,INGEMMET,"I, IIa, IIb, III","Roca metamórfica foliada lepidoblástica sericítica con óxidos en fracuras, presenta lentes de cuarzo. Esquistosidad S80°E/50°SW.",na,na,<0.5,415,25,68,91,7.4,21.734,48,7,18,84,27,118,106,<5,<10,<1,<2,<2,0.8,<5,8.8,0.15,5.28,3.48,1.77,0.1,1.23,0.09,28.19,0.52,31,204,3.3,84.3,6,6,3.4,1.5,23.1,6.6,5.7,1.2,<0.2,0.52,18.1,39,10,8.1,1.5,1,15.8,0.5,2.8,2,3.5
35,23l-RGQ24-058,Rocas,423382,8755523,18,23-l,"GE36A9-T02: MAGMATISMO Y GEOQUÍMICA DEL BATOLITO DE LA COORDILLERA ORIENTAL DEL PERÚ CENTRAL, SU RELACIÓN CON ELEMENTOS ESTRATÉGICOS Y ÁREAS DE INTERÉS PROSPECTIVO",2024,No elaborado,No elaborado,No elaborado,Junín,087-2024,INGEMMET,"I, IIa, IIb, III","Roca metamórfica foliada, tonalidad gris claro, con óxidos en fracturas, debilmente alterada. Esquistosidad N20°W/25°SE.",na,na,<0.5,566,11,67,32,<2,30.881,31,84,21,49,26,117,145,47,<10,<1,<2,<2,0.7,<5,11.71,0.03,6.16,3.86,1.37,0.06,0.09,0.05,25.45,0.69,44,237,4.4,115.5,4.93,8.5,4.7,1.8,29.8,9.8,7,1.7,<0.2,0.66,29.5,56.9,14.8,11.9,2.3,1.4,19.5,0.7,3.5,2,4.6
36,23l-RGQ24-059,Rocas,425933,8781905,18,23-l,"GE36A9-T02: MAGMATISMO Y GEOQUÍMICA DEL BATOLITO DE LA COORDILLERA ORIENTAL DEL PERÚ CENTRAL, SU RELACIÓN CON ELEMENTOS ESTRATÉGICOS Y ÁREAS DE INTERÉS PROSPECTIVO",2024,No elaborado,No elaborado,No elaborado,Junín,087-2024,INGEMMET,"I, IIa, IIb, III, IV, V","Roca intrusiva color blanquecino, textura fanerítica, con cuarzo > 20%, de forma tubular color lechozo y cuarzo hialino anhedral, biotitas subhedrales cortada por venilla de clorita, presentea trozo de calcopirita?",<0.027,<10,<0.5,609,11,22,7,5.2,15.868,8,<5,8,39,121,59,34,8,<10,<1,<2,<2,<0.5,<5,6.96,1.16,2.96,2.88,1.1,0.07,2.34,0.07,30.96,0.27,16,199,2.1,36,1.2,3,1.9,0.7,19.3,3.3,5.6,0.6,<0.2,0.31,12.9,18,4.5,3.8,1.4,0.5,13.9,0.3,3.4,1,2.1
37,23l-RGQ24-060,Rocas,424674,8782437,18,23-l,"GE36A9-T02: MAGMATISMO Y GEOQUÍMICA DEL BATOLITO DE LA COORDILLERA ORIENTAL DEL PERÚ CENTRAL, SU RELACIÓN CON ELEMENTOS ESTRATÉGICOS Y ÁREAS DE INTERÉS PROSPECTIVO",2024,No elaborado,No elaborado,No elaborado,Junín,087-2024,INGEMMET,"I, IIa, IIb, III","Roca intrusiva tabular color blanquecino, textura granular y biotitas anhedrales alterando a clorita.",na,na,<0.5,29,2,4,<2,5.5,<2,<5,7,<5,193,11,<10,7,<5,<10,<1,<2,<2,1.3,<5,6.14,0.17,0.8,3.95,0.06,0.02,2.25,0.02,36.58,0.03,88,101,5.1,54.5,0.97,13.5,9,0.1,17.2,10.3,4.3,2.9,<0.2,1.37,24.3,30,7.4,9.6,2.6,1.8,44.9,1.4,10.9,1,9.5
38,23l-RGQ24-061,Rocas,421362,8780820,18,23-l,"GE36A9-T02: MAGMATISMO Y GEOQUÍMICA DEL BATOLITO DE LA COORDILLERA ORIENTAL DEL PERÚ CENTRAL, SU RELACIÓN CON ELEMENTOS ESTRATÉGICOS Y ÁREAS DE INTERÉS PROSPECTIVO",2024,No elaborado,No elaborado,No elaborado,Junín,087-2024,INGEMMET,"I, IIa, IIb, III","Roca intrusiva de color blanquecina y textura granular de grano grueso; presenta cuarzo (30%), feldespato potásico (40%), plagioclasas (30%); presenta cuarzo de 0.5 a 1 cm subhedral.",na,na,<0.5,158,4,5,<2,<2,13.754,5,5,<5,43,66,20,26,<5,<10,<1,<2,<2,<0.5,<5,9.26,0.22,1.28,2.72,0.68,0.03,3.74,0.03,30.41,0.08,5,112,4.7,41.8,0.92,1.3,0.8,0.4,21.3,1.5,4,0.3,<0.2,0.23,19.1,12.4,3.8,2.1,2.5,0.2,32.1,0.2,7.6,<1,1.3
39,23l-RGQ24-062,Rocas,420930,8779676,18,23-l,"GE36A9-T02: MAGMATISMO Y GEOQUÍMICA DEL BATOLITO DE LA COORDILLERA ORIENTAL DEL PERÚ CENTRAL, SU RELACIÓN CON ELEMENTOS ESTRATÉGICOS Y ÁREAS DE INTERÉS PROSPECTIVO",2024,No elaborado,No elaborado,No elaborado,Junín,087-2024,INGEMMET,"I, IIa, IIb, III","Roca intrusiva tabular, color blanquecino, textura fanerítica con ojos de cuarzo entre 0.5 - 1 cm, biotitas anhedrales alternando a cloritas. Cuarzo > 20%, plagioclasas > 15% y biotita < 10%.",na,na,<0.5,828,7,6,2,20.7,9.293,<5,6,6,76,237,48,33,<5,<10,<1,<2,<2,0.5,<5,7.19,1.67,2.19,3.47,0.6,0.07,2.2,0.05,32.58,0.25,26,181,2.6,92.1,1.59,4.6,2.7,1.2,18.2,5.5,5,0.9,<0.2,0.46,16.7,38.4,10.7,7.3,1.9,0.7,14.5,0.4,3.9,<1,2.9
40,23l-RGQ24-063,Rocas,419090,8776464,18,23-l,"GE36A9-T02: MAGMATISMO Y GEOQUÍMICA DEL BATOLITO DE LA COORDILLERA ORIENTAL DEL PERÚ CENTRAL, SU RELACIÓN CON ELEMENTOS ESTRATÉGICOS Y ÁREAS DE INTERÉS PROSPECTIVO",2024,No elaborado,No elaborado,No elaborado,Junín,087-2024,INGEMMET,"I, IIa, IIb, III","Roca metamórfica (gneis) de color gris verdosa y textura foliada, presenta agragados de cuarzo, asociada a los gneis del complejo metamorfico Huaytapallana.",na,na,<0.5,742,21,68,38,76.6,23.994,39,<5,27,159,151,102,75,<5,<10,<1,<2,<2,0.5,<5,8.9,0.7,4.96,3.1,1.57,0.11,1.17,0.08,28.67,0.5,44,210,2.9,115.3,3.96,7.7,3.9,1.9,25.2,9.4,6.9,1.4,<0.2,0.56,19.5,52.1,13.4,9.6,1.7,1.3,16.6,0.6,3,3,3.9
41,23l-RGQ24-064,Rocas,417825,8762935,18,23-l,"GE36A9-T02: MAGMATISMO Y GEOQUÍMICA DEL BATOLITO DE LA COORDILLERA ORIENTAL DEL PERÚ CENTRAL, SU RELACIÓN CON ELEMENTOS ESTRATÉGICOS Y ÁREAS DE INTERÉS PROSPECTIVO",2024,No elaborado,No elaborado,No elaborado,Junín,087-2024,INGEMMET,"I, IIa, IIb, III","Roca metamórfica de color gris oscuro y textura faliada, asociada a esquistos del complejo metamorfico Huaytapallana.",na,na,<0.5,871,20,91,45,18.1,30.344,27,74,35,116,118,130,130,<5,<10,<1,<2,<2,0.9,<5,11.44,0.43,6.69,4.58,1.34,0.1,0.45,0.09,24.57,0.64,33,235,3.5,133.4,5.73,10.1,5.8,2.3,33.3,11.5,7.2,2,<0.2,0.86,17.7,62.7,15.9,12,1.5,1.7,16.1,0.9,3.4,3,6
42,23l-RGQ24-065,Rocas,417192,8763519,18,23-l,"GE36A9-T02: MAGMATISMO Y GEOQUÍMICA DEL BATOLITO DE LA COORDILLERA ORIENTAL DEL PERÚ CENTRAL, SU RELACIÓN CON ELEMENTOS ESTRATÉGICOS Y ÁREAS DE INTERÉS PROSPECTIVO",2024,No elaborado,No elaborado,No elaborado,Junín,087-2024,INGEMMET,"I, IIa, IIb, III, IV, V","Roca metamórfica de color gris claro y textura foliada, con lentes de cuarzo, presenta óxidos de fierro entre las fracturas y pirita diseminadas en trazas. Fractura E-W, vertical.",<0.027,<10,<0.5,747,17,59,13,27.3,28.388,34,6,19,52,115,92,80,<5,<10,<1,<2,<2,<0.5,<5,7.94,0.78,4.15,2.05,1.22,0.08,2.3,0.06,30.6,0.47,34,324,2.9,74.6,2.22,5.9,3.7,1.4,21.4,6.1,8.9,1.2,<0.2,0.55,15.1,34.5,8.7,7.4,1.3,0.9,14.7,0.5,2.9,2,3.7
43,23l-RGQ24-066,Rocas,411839,8771948,18,23-l,"GE36A9-T02: MAGMATISMO Y GEOQUÍMICA DEL BATOLITO DE LA COORDILLERA ORIENTAL DEL PERÚ CENTRAL, SU RELACIÓN CON ELEMENTOS ESTRATÉGICOS Y ÁREAS DE INTERÉS PROSPECTIVO",2024,No elaborado,No elaborado,No elaborado,Junín,087-2024,INGEMMET,"I, IIa, IIb, III","Roca intrusiva color gris claro, textura granular, cuarzo (40%), plagioclasas (20%) y biotitas anhedrales alterandose a cloritas. Diaclasa E-W, 65°S",na,na,<0.5,415,6,10,14,7.9,36.073,7,22,5,73,231,30,41,<5,<10,<1,<2,<2,0.8,<5,7.2,1.01,1.51,2.86,0.5,0.05,2.39,0.08,33.44,0.18,16,129,4.5,42,2.94,3,1.5,0.7,17.3,3.4,3.5,0.6,<0.2,0.24,12.3,19.3,5.1,3.9,1.4,0.5,10.4,0.3,2.2,2,1.7
44,23l-RGQ24-067,Rocas,412260,8772389,18,23-l,"GE36A9-T02: MAGMATISMO Y GEOQUÍMICA DEL BATOLITO DE LA COORDILLERA ORIENTAL DEL PERÚ CENTRAL, SU RELACIÓN CON ELEMENTOS ESTRATÉGICOS Y ÁREAS DE INTERÉS PROSPECTIVO",2024,No elaborado,No elaborado,No elaborado,Junín,087-2024,INGEMMET,"I, IIa, IIb, III","Roca intrusiva color gris claro, textura granular, cuarzo (40%), plagioclasas (40%), biotitas anhedrales alterando a cloritas. Diaclasa S35°W/80°SE.",na,na,<0.5,175,4,8,15,6.2,21.389,<5,32,<5,51,99,19,34,<5,<10,<1,<2,<2,0.6,<5,7.61,1.22,0.99,3.32,0.23,0.05,2.57,0.13,32.86,0.13,36,255,4,73.5,3.52,6.6,3.5,0.8,16.3,6.5,7.6,1.3,<0.2,0.6,12.2,34.4,8.8,7.6,1.5,1,21.7,0.6,4.3,2,4.1
45,22l-RGQ24-003,Rocas,410382,8791359,18,22-l,"GE36A9-T02: MAGMATISMO Y GEOQUÍMICA DEL BATOLITO DE LA COORDILLERA ORIENTAL DEL PERÚ CENTRAL, SU RELACIÓN CON ELEMENTOS ESTRATÉGICOS Y ÁREAS DE INTERÉS PROSPECTIVO",2024,No elaborado,No elaborado,No elaborado,Junín,087-2024,INGEMMET,"I, IIa, IIb, III","Roca intrusiva color marron con tonalidades rojizas, textura granular con cuarzo (30%), feldespatos potásicos (20%), plagioclasas (10%). Biotitas anhedrales. Diaclasa N30°W / 55°NE.",na,na,<0.5,195,2,3,18,11.2,11.235,<5,10,<5,243,43,<10,8,<5,<10,<1,<2,<2,1.3,<5,7.87,0.14,0.97,4.61,0.23,0.02,2.4,0.03,33.62,0.09,82,158,4.7,91.4,3.65,13.4,8.4,1.1,19.2,14.4,5.5,2.8,<0.2,1.53,22.5,54.4,14.8,14.2,4.4,2.1,34.2,1.4,9.9,5,10.2
46,22l-RGQ24-004,Rocas,410195,8790840,18,22-l,"GE36A9-T02: MAGMATISMO Y GEOQUÍMICA DEL BATOLITO DE LA COORDILLERA ORIENTAL DEL PERÚ CENTRAL, SU RELACIÓN CON ELEMENTOS ESTRATÉGICOS Y ÁREAS DE INTERÉS PROSPECTIVO",2024,No elaborado,No elaborado,No elaborado,Junín,087-2024,INGEMMET,"I, IIa, IIb, III","Roca intrusiva color marron con tonalidades rojizas, textura granular con cuarzo (30%), feldespatos potásicos (20%), plagioclasas (10%) y biotitas anhedrales.",na,na,<0.5,42,1,2,<2,<2,8.756,<5,<5,<5,181,8,<10,5,<5,<10,<1,<2,<2,1.3,<5,6.41,0.06,0.49,4.08,0.12,0.04,1.89,0.03,35.87,0.04,83,95,3.8,25.1,3.31,11.2,8.3,0.2,16.3,6.1,4.2,2.5,<0.2,1.52,26.5,11.5,3.1,4,5.2,1.3,38.2,1.4,7.4,3,10.2
47,22l-RGQ24-005,Rocas,410647,8789651,18,22-l,"GE36A9-T02: MAGMATISMO Y GEOQUÍMICA DEL BATOLITO DE LA COORDILLERA ORIENTAL DEL PERÚ CENTRAL, SU RELACIÓN CON ELEMENTOS ESTRATÉGICOS Y ÁREAS DE INTERÉS PROSPECTIVO",2024,No elaborado,No elaborado,No elaborado,Junín,087-2024,INGEMMET,"I, IIa, IIb, III","Roca intrusiva color gris claro, textura granular, con cuarzo > 30% de tamaño 0.5 - 1 cm, plagioclasas anhedrales alteradas y biotitas anhedrales. Presenta óxidos de hierro en matriz y venillas. Diaclasa E-W, 90°.",na,na,<0.5,146,2,4,<2,5.8,10.964,<5,8,<5,183,32,<10,14,<5,<10,<1,<2,<2,1.2,<5,7.17,0.1,0.98,4.03,0.17,0.04,2.22,0.03,34.74,0.09,57,136,4.1,89.5,3.06,9.3,5.9,0.6,17.8,8.3,4.8,1.9,<0.2,0.98,28.2,40.3,11.1,9.4,3.7,1.4,41.7,1,8.7,2,6.6
48,22l-RGQ24-006,Rocas,411511,8788354,18,22-l,"GE36A9-T02: MAGMATISMO Y GEOQUÍMICA DEL BATOLITO DE LA COORDILLERA ORIENTAL DEL PERÚ CENTRAL, SU RELACIÓN CON ELEMENTOS ESTRATÉGICOS Y ÁREAS DE INTERÉS PROSPECTIVO",2024,No elaborado,No elaborado,No elaborado,Junín,087-2024,INGEMMET,"I, IIa, IIb, III, IV, V","Roca intrusiva compacta, color blanquecina, textura granular con relictos de biotitas y plagioclasas, alteración argílica selectiva, presenta boxwork de pirita esporádicos con goethita.",<0.027,<10,<0.5,619,1,13,<2,7,23.03,<5,<5,7,196,16,29,<1,<5,<10,<1,<2,<2,2.8,23,8.08,0.19,0.32,3.94,0.4,0.01,0.07,0.09,34.65,0.24,34,164,2.2,79.2,3.1,6.3,3.6,0.7,16.4,6.8,4.8,1.3,<0.2,0.45,16.5,36.2,9.5,8,1.4,1,17.2,0.5,1.8,41,3.1
49,21k-RGQ24-007a,Rocas,378586,8877043,18,21-k,"GE36A9-T02: MAGMATISMO Y GEOQUÍMICA DEL BATOLITO DE LA COORDILLERA ORIENTAL DEL PERÚ CENTRAL, SU RELACIÓN CON ELEMENTOS ESTRATÉGICOS Y ÁREAS DE INTERÉS PROSPECTIVO",2024,No elaborado,No elaborado,No elaborado,Huanuco,091-2024,INGEMMET,"I, IIa, IIb, III, IV, V",Veta de cuarzo con óxidos de hierro (<1%) en microfracturas.,<0.027,12,<0.5,470,1,12,15,9,3.789,8,<5,<5,37,5,23,7,28,<10,<1,<2,<2,<0.5,<5,3.11,<0.01,0.82,0.93,0.14,<0.01,0.03,<0.01,41.03,0.18,16,198,0.6,46.9,1.84,2.5,1.6,0.9,6.7,2.8,5.3,0.5,<0.2,0.24,7.9,18.7,5.2,3.2,1.1,0.4,11.9,0.2,1.3,1,1.6
50,21k-RGQ24-007,Rocas,378365,8877179,18,21-k,"GE36A9-T02: MAGMATISMO Y GEOQUÍMICA DEL BATOLITO DE LA COORDILLERA ORIENTAL DEL PERÚ CENTRAL, SU RELACIÓN CON ELEMENTOS ESTRATÉGICOS Y ÁREAS DE INTERÉS PROSPECTIVO",2024,No elaborado,No elaborado,No elaborado,Huanuco,091-2024,INGEMMET,"I, IIa, IIb, III, IV","Roca metamórfica (esquisto) de textura foliada, cloritizada (+).",na,na,<0.5,330,12,87,26,8.7,25.67,25,<5,9,60,7,124,84,<5,<10,<1,<2,<2,1.2,<5,9.17,0.06,5.1,3.68,1.72,0.05,0.09,0.04,28.17,0.57,32,170,2.8,100.9,6.12,6.1,3.6,1.9,24.4,7.3,5.1,1.2,<0.2,0.51,18.6,45.3,11.9,8.3,1.7,1,16.8,0.5,3.2,3,3.4
51,21k-RGQ24-002,Rocas,386895,8877007,18,21-k,"GE36A9-T02: MAGMATISMO Y GEOQUÍMICA DEL BATOLITO DE LA COORDILLERA ORIENTAL DEL PERÚ CENTRAL, SU RELACIÓN CON ELEMENTOS ESTRATÉGICOS Y ÁREAS DE INTERÉS PROSPECTIVO",2024,No elaborado,No elaborado,No elaborado,Huanuco,091-2024,INGEMMET,"I, IIa, IIb, III, IV","Roca intrusiva (monzogranito?) de textura fanerítica, con óxidos de hierro (+) rellenando microfracturas.",na,na,<0.5,666,9,10,5,12.8,21.953,<5,8,8,41,216,70,64,<5,<10,<1,<2,<2,0.5,<5,7.63,2.5,2.77,2.61,0.91,0.06,2.52,0.04,31.11,0.37,25,249,2.3,86.5,1.85,4.7,2.6,1.6,18.9,5.8,6.9,0.9,<0.2,0.42,16,37.4,10.1,6.5,1.4,0.8,12.9,0.4,3.7,<1,2.7
52,21k-RGQ24-004,Rocas,372141,8875795,18,21-k,"GE36A9-T02: MAGMATISMO Y GEOQUÍMICA DEL BATOLITO DE LA COORDILLERA ORIENTAL DEL PERÚ CENTRAL, SU RELACIÓN CON ELEMENTOS ESTRATÉGICOS Y ÁREAS DE INTERÉS PROSPECTIVO",2024,No elaborado,No elaborado,No elaborado,Huanuco,091-2024,INGEMMET,"I, IIa, IIb, III, IV","Roca intrusiva (monzogranito?) de textura fanerítica, con óxidos de hierro (+) rellenando microfracturas.",na,na,<0.5,67,4,15,<2,6.6,<2,6,<5,5,<2,45,27,13,39,<10,<1,<2,<2,<0.5,<5,6.32,0.2,1.17,0.53,0.1,<0.01,4.23,0.03,35.56,0.19,38,136,2.6,53.5,0.65,6.5,3.9,0.7,13.3,5.6,4.3,1.3,<0.2,0.52,12.1,24.9,6.5,5.5,1.6,1,9.8,0.6,2.8,<1,3.9
53,21k-RGQ24-005,Rocas,373826,8842812,18,21-k,"GE36A9-T02: MAGMATISMO Y GEOQUÍMICA DEL BATOLITO DE LA COORDILLERA ORIENTAL DEL PERÚ CENTRAL, SU RELACIÓN CON ELEMENTOS ESTRATÉGICOS Y ÁREAS DE INTERÉS PROSPECTIVO",2024,No elaborado,No elaborado,No elaborado,Pasco,091-2024,INGEMMET,"I, IIa, IIb, III, IV","Roca metamórfica (esquisto) cloritizada/epidotizada, con óxidos de hierro (<1%) en microfracturas.",na,na,<0.5,286,18,65,6,19.7,17.524,38,<5,11,74,51,100,114,<5,<10,<1,<2,<2,0.7,<5,8.33,0.13,4.62,2.56,1.91,0.08,1.43,0.02,29.15,0.53,35,197,2.8,108.2,5.77,6.4,3.5,1.7,22.2,8.2,5.8,1.2,<0.2,0.49,17.8,49.2,12.8,9,1.7,1.1,15.2,0.5,2.1,3,3.4
54,22k-RGQ24-002,Rocas,374915,8838624,18,22-k,"GE36A9-T02: MAGMATISMO Y GEOQUÍMICA DEL BATOLITO DE LA COORDILLERA ORIENTAL DEL PERÚ CENTRAL, SU RELACIÓN CON ELEMENTOS ESTRATÉGICOS Y ÁREAS DE INTERÉS PROSPECTIVO",2024,No elaborado,No elaborado,No elaborado,Pasco,091-2024,INGEMMET,"I, IIa, IIb, III, IV",Roca metamórfica (gneis) con óxidos de hierro (1%) en microfracturas.,na,na,<0.5,311,18,77,3,4.7,28.383,43,<5,13,91,13,116,129,<5,<10,<1,<2,<2,1.2,<5,9.61,<0.01,5.24,4.24,0.96,0.04,0.08,0.01,28.13,0.54,31,194,3.5,91.4,9.65,5.9,3.3,1.4,25.1,7.2,5.4,1.2,<0.2,0.53,18.8,42,10.2,7.4,1.6,1,16.6,0.5,2.5,3,3.6
55,22k-RGQ24-002a,Rocas,374975,8838597,18,22-k,"GE36A9-T02: MAGMATISMO Y GEOQUÍMICA DEL BATOLITO DE LA COORDILLERA ORIENTAL DEL PERÚ CENTRAL, SU RELACIÓN CON ELEMENTOS ESTRATÉGICOS Y ÁREAS DE INTERÉS PROSPECTIVO",2024,No elaborado,No elaborado,No elaborado,Pasco,091-2024,INGEMMET,"I, IIa, IIb, III, IV, V",Veta de cuarzo blanco con óxidos de hierro rellenando fracturas (+).,<0.027,17,<0.5,175,11,8,11,<2,22.811,14,<5,<5,15,7,13,54,9,<10,<1,<2,<2,<0.5,<5,1.4,0.02,2.16,0.36,0.09,0.18,0.03,0.01,41.36,0.04,8,17,0.8,24.1,1.51,1.9,1,0.3,3.4,1.8,0.5,0.4,<0.2,<0.15,1.5,6,1.4,1.3,<0.5,0.3,1.5,0.1,1,<1,0.9
56,21l-RGQ24-007,Rocas,393669,8860307,18,21-l,"GE36A9-T02: MAGMATISMO Y GEOQUÍMICA DEL BATOLITO DE LA COORDILLERA ORIENTAL DEL PERÚ CENTRAL, SU RELACIÓN CON ELEMENTOS ESTRATÉGICOS Y ÁREAS DE INTERÉS PROSPECTIVO",2024,No elaborado,No elaborado,No elaborado,Huanuco,091-2024,INGEMMET,"I, IIa, IIb, III, IV","Roca intrusiva (granodiorita) de textura fanerítica cloritizada (+), con óxidos de hierro (1%) en microfracturas.",na,na,<0.5,399,7,18,5,13,6.206,6,<5,9,8,335,62,18,<5,<10,<1,<2,<2,<0.5,<5,8.56,4.04,4.17,2.26,0.7,0.04,2.75,0.03,28.02,0.35,28,362,1.3,83.9,0.24,5.1,2.8,2,23.6,6.2,9.3,1,<0.2,0.38,12.8,35.1,9.2,6.6,0.9,0.8,11.5,0.4,2.2,1,2.5
57,21k-RGQ24-010,Rocas,389890,8857288,18,21-k,"GE36A9-T02: MAGMATISMO Y GEOQUÍMICA DEL BATOLITO DE LA COORDILLERA ORIENTAL DEL PERÚ CENTRAL, SU RELACIÓN CON ELEMENTOS ESTRATÉGICOS Y ÁREAS DE INTERÉS PROSPECTIVO",2024,No elaborado,No elaborado,No elaborado,Huanuco,091-2024,INGEMMET,"I, IIa, IIb, III, IV",Roca intrusiva (granodiorita) de textura fanerítica cloritizada (+).,na,na,<0.5,487,2,3,3,8.7,2.389,<5,<5,<5,25,43,<10,46,<5,<10,<1,<2,<2,<0.5,<5,7.23,0.48,1.19,1.94,0.22,0.05,4.19,0.01,33.87,0.17,35,283,2.2,106.7,0.24,6.2,3.6,2,17.6,7.8,8.1,1.2,<0.2,0.55,18.1,48.8,12.7,8.7,1.4,1,12.3,0.5,2.5,<1,3.7
58,21k-RGQ24-009,Rocas,385547,8857197,18,21-k,"GE36A9-T02: MAGMATISMO Y GEOQUÍMICA DEL BATOLITO DE LA COORDILLERA ORIENTAL DEL PERÚ CENTRAL, SU RELACIÓN CON ELEMENTOS ESTRATÉGICOS Y ÁREAS DE INTERÉS PROSPECTIVO",2024,No elaborado,No elaborado,No elaborado,Huanuco,091-2024,INGEMMET,"I, IIa, IIb, III, IV","Roca intrusiva (monzogranito) de textura fanerítica con cloritas (1%), venilleo de cuarzo  (2%) y óxidos de hierro (2%) rellenando microfracturas.",na,na,<0.5,383,5,7,2,4.9,13.223,<5,8,<5,47,62,31,64,<5,<10,<1,12,<2,0.8,<5,7.22,0.93,1.9,3.6,0.53,0.07,2.73,0.02,32.39,0.25,32,235,2.7,95.7,2.07,5.9,3.4,1.3,17,6.6,6.7,1.2,<0.2,0.53,19.9,41,11.2,7.2,2,1,20,0.6,6.4,2,3.8
59,21k-RGQ24-003,Rocas,378875,8860677,18,21-k,"GE36A9-T02: MAGMATISMO Y GEOQUÍMICA DEL BATOLITO DE LA COORDILLERA ORIENTAL DEL PERÚ CENTRAL, SU RELACIÓN CON ELEMENTOS ESTRATÉGICOS Y ÁREAS DE INTERÉS PROSPECTIVO",2024,No elaborado,No elaborado,No elaborado,Huanuco,091-2024,INGEMMET,"I, IIa, IIb, III, IV",Roca metamórfica (gneis) con ojos de cuarzo y óxidos de hierro (+) en la foliación.,na,na,<0.5,361,11,29,23,7.8,17.17,15,12,7,80,60,68,52,<5,<10,<1,<2,<2,1,<5,7.58,0.58,3.17,3.35,0.87,0.06,1.98,0.03,31.26,0.45,41,264,2.5,99.2,4.71,8.2,4.5,1.4,18.7,9.7,7.5,1.6,<0.2,0.59,19,48.3,12.3,9.6,1.7,1.4,17.9,0.6,3.5,2,4.1
60,21k-RGQ24-003a,Rocas,378780,8860739,18,21-k,"GE36A9-T02: MAGMATISMO Y GEOQUÍMICA DEL BATOLITO DE LA COORDILLERA ORIENTAL DEL PERÚ CENTRAL, SU RELACIÓN CON ELEMENTOS ESTRATÉGICOS Y ÁREAS DE INTERÉS PROSPECTIVO",2024,No elaborado,No elaborado,No elaborado,Huanuco,091-2024,INGEMMET,"I, IIa, IIb, III, IV, V",Veta de cuarzo con óxidos de hierro (2%) en microfracturas.,<0.027,52,<0.5,33,1,3,<2,<2,2.578,<5,<5,<5,5,4,<10,10,<5,<10,<1,<2,<2,<0.5,<5,0.19,0.03,0.37,0.11,0.01,0.02,0.03,<0.01,45.1,<0.01,<5,9,<0.6,2.5,0.21,0.3,0.2,<0.1,0.4,0.4,<0.2,<0.1,<0.2,<0.15,<0.5,1.2,0.3,0.3,<0.5,<0.1,0.3,<0.1,0.2,<1,0.1
61,22k-RGQ24-004,Rocas,381884,8829166,18,22-k,"GE36A9-T02: MAGMATISMO Y GEOQUÍMICA DEL BATOLITO DE LA COORDILLERA ORIENTAL DEL PERÚ CENTRAL, SU RELACIÓN CON ELEMENTOS ESTRATÉGICOS Y ÁREAS DE INTERÉS PROSPECTIVO",2024,No elaborado,No elaborado,No elaborado,Pasco,091-2024,INGEMMET,"I, IIa, IIb, III, IV",Roca ígnea intrusiva (diorita) de textura fanerítica con venilleo de cuarzo y biotita.,na,na,<0.5,692,9,26,42,21.9,15.886,13,15,9,82,127,58,74,7,<10,<1,<2,<2,0.5,<5,7.44,0.74,3.04,3.16,1.2,0.06,1.93,0.04,31.18,0.39,38,312,2.5,78.7,1.69,7.4,4.3,1.2,18.8,7.3,9.1,1.5,<0.2,0.66,17,37.1,8.8,7.1,1.6,1.1,18.2,0.6,3.6,2,4.4
62,22k-RGQ24-004a,Rocas,381981,8829580,18,22-k,"GE36A9-T02: MAGMATISMO Y GEOQUÍMICA DEL BATOLITO DE LA COORDILLERA ORIENTAL DEL PERÚ CENTRAL, SU RELACIÓN CON ELEMENTOS ESTRATÉGICOS Y ÁREAS DE INTERÉS PROSPECTIVO",2024,No elaborado,No elaborado,No elaborado,Pasco,091-2024,INGEMMET,"I, IIa, IIb, III, IV, V",Veta de cuarzo blanco con óxidos de hierro (1%) rellenando microfracturas.,<0.027,<10,<0.5,70,3,13,<2,7.1,3.53,<5,<5,<5,16,22,11,9,<5,<10,<1,<2,<2,<0.5,<5,1.93,0.05,0.86,0.47,0.14,0.04,0.77,0.01,42.07,0.09,18,92,0.8,36.7,1.18,2.9,1.6,0.6,5.6,3,2.4,0.6,<0.2,0.23,7.4,16.8,4,3.1,0.8,0.4,5.5,0.2,1.3,<1,1.5
63,22k-RGQ24-008,Rocas,383118,8832013,18,22-k,"GE36A9-T02: MAGMATISMO Y GEOQUÍMICA DEL BATOLITO DE LA COORDILLERA ORIENTAL DEL PERÚ CENTRAL, SU RELACIÓN CON ELEMENTOS ESTRATÉGICOS Y ÁREAS DE INTERÉS PROSPECTIVO",2024,No elaborado,No elaborado,No elaborado,Pasco,091-2024,INGEMMET,"I, IIa, IIb, III, IV",Roca metamórfica de textura foliada con óxidos de hierro (1%).,na,na,<0.5,149,10,35,89,15.8,12.69,18,<5,<5,58,33,42,65,<5,<10,<1,<2,<2,<0.5,<5,6.31,0.65,2.72,1.88,0.95,0.07,1.7,0.03,34.38,0.35,41,251,2.3,67.2,4.03,6.5,3.5,1.3,13.7,6.8,6.7,1.2,<0.2,0.48,12.1,32.7,7.5,6.1,1,1.1,9.8,0.5,2.1,1,3.4
64,22k-RGQ24-010,Rocas,387474,8832880,18,22-k,"GE36A9-T02: MAGMATISMO Y GEOQUÍMICA DEL BATOLITO DE LA COORDILLERA ORIENTAL DEL PERÚ CENTRAL, SU RELACIÓN CON ELEMENTOS ESTRATÉGICOS Y ÁREAS DE INTERÉS PROSPECTIVO",2024,No elaborado,No elaborado,No elaborado,Pasco,091-2024,INGEMMET,"I, IIa, IIb, III, IV",Roca intrusiva (sienogranito) de textura fanerítica con venilleo de cuarzo (1%).,na,na,<0.5,133,3,3,12,11.1,<2,<5,20,<5,77,9,<10,28,<5,<10,<1,<2,<2,0.7,<5,6.67,0.19,1.62,4.31,0.13,0.03,1.94,0.03,34.76,0.15,56,212,3.7,77.9,0.99,9.5,5.6,1.2,17,9,6.5,1.9,<0.2,0.8,21.2,38.7,9.1,8.3,1.9,1.5,16.7,0.9,4,3,5.5
65,22l-RGQ24-035,Rocas,396778,8839138,18,22-l,"GE36A9-T02: MAGMATISMO Y GEOQUÍMICA DEL BATOLITO DE LA COORDILLERA ORIENTAL DEL PERÚ CENTRAL, SU RELACIÓN CON ELEMENTOS ESTRATÉGICOS Y ÁREAS DE INTERÉS PROSPECTIVO",2024,No elaborado,No elaborado,No elaborado,Pasco,091-2024,INGEMMET,"I, IIa, IIb, III, IV",Roca intrusiva (Pultón Mulachurzo) con venillas de cloritas (1%) y óxidos de hierro (1%).,na,na,<0.5,521,7,6,<2,9.1,6.663,<5,<5,6,18,82,57,70,<5,<10,<1,<2,<2,0.7,<5,8.34,1.35,2.61,3.29,0.78,0.09,4.11,0.03,30.7,0.36,29,229,2.2,90.3,1.34,4.9,2.8,1.5,17.9,6.2,6.1,1,<0.2,0.43,16.4,40.3,9.7,6.7,1.4,0.9,15.2,0.4,3.6,2,3
66,22l-RGQ24-035a,Rocas,396763,8839036,18,22-l,"GE36A9-T02: MAGMATISMO Y GEOQUÍMICA DEL BATOLITO DE LA COORDILLERA ORIENTAL DEL PERÚ CENTRAL, SU RELACIÓN CON ELEMENTOS ESTRATÉGICOS Y ÁREAS DE INTERÉS PROSPECTIVO",2024,No elaborado,No elaborado,No elaborado,Pasco,091-2024,INGEMMET,"I, IIa, IIb, III, IV, V",Dique andesítico? Gris verdoso de textura afanítica.,<0.027,312.3173415,<0.5,635,30,96,5,13.1,33.641,13,617,32,12,204,224,1469,12,<10,4,<2,2,<0.5,<5,9.24,2.15,7.27,1.17,4.71,0.43,3,0.04,22.8,0.66,23,134,1.8,53.8,0.87,4.6,2.5,1.5,21,5.4,3.6,0.9,<0.2,0.36,6.5,29.1,6.5,5.5,0.6,0.8,4.3,0.4,1.3,2,2.4
67,22k-RGQ24-003,Rocas,384751,8836367,18,22-k,"GE36A9-T02: MAGMATISMO Y GEOQUÍMICA DEL BATOLITO DE LA COORDILLERA ORIENTAL DEL PERÚ CENTRAL, SU RELACIÓN CON ELEMENTOS ESTRATÉGICOS Y ÁREAS DE INTERÉS PROSPECTIVO",2024,No elaborado,No elaborado,No elaborado,Pasco,091-2024,INGEMMET,"I, IIa, IIb, III, IV",Roca metamórfica (esquisto) de textura foliada con pirita diseminada (5%) y epidota (+).,<0.027,na,<0.5,332,4,4,28,11.4,2.401,<5,16,12,<2,50,<10,52,<5,<10,<1,<2,<2,<0.5,<5,6.24,1.57,2.77,1.45,0.47,0.05,2.7,0.03,33.59,0.29,62,398,3.4,117.4,0.98,11.4,6.6,2.3,19.5,12,11,2.4,<0.2,0.99,25.1,57.9,13.3,11.6,2.2,1.8,18.8,1,4.4,<1,6.6
68,22k-RGQ24-007,Rocas,387926,8838705,18,22-k,"GE36A9-T02: MAGMATISMO Y GEOQUÍMICA DEL BATOLITO DE LA COORDILLERA ORIENTAL DEL PERÚ CENTRAL, SU RELACIÓN CON ELEMENTOS ESTRATÉGICOS Y ÁREAS DE INTERÉS PROSPECTIVO",2024,No elaborado,No elaborado,No elaborado,Pasco,091-2024,INGEMMET,"I, IIa, IIb, III, IV","Roca intrusiva (granito?) de textura fanerítica, predomina los cristales de cuarzo.",na,na,<0.5,15,<1,4,2,5.2,<2,<5,<5,<5,4,233,<10,3,<5,<10,<1,<2,<2,<0.5,<5,0.21,34.41,0.15,0.1,0.19,0.05,0.01,<0.01,4.84,0.01,12,7,<0.6,3.7,0.25,0.8,0.5,0.2,0.5,1,<0.2,0.2,<0.2,<0.15,<0.5,3.9,0.8,0.8,<0.5,0.1,0.4,<0.1,0.7,<1,0.4
69,22k-RGQ24-001,Rocas,375398,8830985,18,22-k,"GE36A9-T02: MAGMATISMO Y GEOQUÍMICA DEL BATOLITO DE LA COORDILLERA ORIENTAL DEL PERÚ CENTRAL, SU RELACIÓN CON ELEMENTOS ESTRATÉGICOS Y ÁREAS DE INTERÉS PROSPECTIVO",2024,No elaborado,No elaborado,No elaborado,Pasco,091-2024,INGEMMET,"I, IIa, IIb, III, IV",Roca metamórfica (esquisto) de textura foliada con óxidos de manganeso (1%) en la foliación.,na,na,<0.5,416,18,77,20,26.1,17.869,42,<5,15,86,60,104,113,8,<10,<1,<2,<2,0.6,<5,8.5,0.13,5.18,2.55,1.5,0.07,1.46,0.02,28.87,0.6,38,214,3.1,127.9,5.26,6.9,3.7,1.8,23.3,9,6.1,1.3,<0.2,0.55,22,58.7,14.4,10,1.8,1.2,16.2,0.5,2.9,2,3.8
70,22k-RGQ24-001a,Rocas,375395,8830980,18,22-k,"GE36A9-T02: MAGMATISMO Y GEOQUÍMICA DEL BATOLITO DE LA COORDILLERA ORIENTAL DEL PERÚ CENTRAL, SU RELACIÓN CON ELEMENTOS ESTRATÉGICOS Y ÁREAS DE INTERÉS PROSPECTIVO",2024,No elaborado,No elaborado,No elaborado,Pasco,091-2024,INGEMMET,"I, IIa, IIb, III, IV, V",Veta de cuarzo blanco con óxidos de hierro (1%) y manganeso (1%) en microfracturas e impregnadas.,<0.027,<10,<0.5,19,1,4,2,<2,<2,<5,<5,<5,8,6,<10,3,<5,<10,<1,<2,<2,<0.5,<5,0.23,0.41,0.44,0.09,0.11,0.04,0.02,<0.01,44.72,0.01,<5,<5,<0.6,3,0.28,0.4,0.2,0.1,0.8,0.4,<0.2,<0.1,<0.2,<0.15,0.7,1.4,0.3,0.3,<0.5,<0.1,0.4,<0.1,0.1,<1,0.2
71,22k-RGQ24-011,Rocas,377929,8838770,18,22-k,"GE36A9-T02: MAGMATISMO Y GEOQUÍMICA DEL BATOLITO DE LA COORDILLERA ORIENTAL DEL PERÚ CENTRAL, SU RELACIÓN CON ELEMENTOS ESTRATÉGICOS Y ÁREAS DE INTERÉS PROSPECTIVO",2024,No elaborado,No elaborado,No elaborado,Pasco,091-2024,INGEMMET,"I, IIa, IIb, III, IV",Roca metamórfica de textura foliada con óxidos de hierro (1%).,na,na,<0.5,115,4,17,<2,7.9,6.229,8,<5,<5,41,24,34,8,<5,<10,<1,<2,<2,<0.5,<5,7.45,0.13,2.2,2.75,1.13,0.01,2.34,0.02,32.38,0.28,43,247,2.5,90.5,1.44,7.1,4.1,0.9,18.3,7.4,7.2,1.5,<0.2,0.55,17.9,41,10.1,7.5,1.6,1.2,18.4,0.6,2.7,2,3.8
72,22k-RGQ24-005,Rocas,385585,8831375,18,22-k,"GE36A9-T02: MAGMATISMO Y GEOQUÍMICA DEL BATOLITO DE LA COORDILLERA ORIENTAL DEL PERÚ CENTRAL, SU RELACIÓN CON ELEMENTOS ESTRATÉGICOS Y ÁREAS DE INTERÉS PROSPECTIVO",2024,No elaborado,No elaborado,No elaborado,Pasco,091-2024,INGEMMET,"I, IIa, IIb, III, IV",Roca metamórfica (esquisto) cloritizada (+) de textura foliada.,na,na,<0.5,369,16,55,10,15.2,13.037,29,6,10,64,47,66,126,<5,<10,<1,<2,<2,0.7,<5,7.61,0.19,4.28,2.51,1.44,0.07,1.44,0.04,31,0.47,49,235,2.8,80.1,5.08,8.3,4.7,1.5,19.2,7.9,6.6,1.7,<0.2,0.58,15.6,37.7,9.1,7.5,1.4,1.3,13.1,0.7,2.2,2,4.2
73,22k-RGQ24-005a,Rocas,385583,8831368,18,22-k,"GE36A9-T02: MAGMATISMO Y GEOQUÍMICA DEL BATOLITO DE LA COORDILLERA ORIENTAL DEL PERÚ CENTRAL, SU RELACIÓN CON ELEMENTOS ESTRATÉGICOS Y ÁREAS DE INTERÉS PROSPECTIVO",2024,No elaborado,No elaborado,No elaborado,Pasco,091-2024,INGEMMET,"I, IIa, IIb, III, IV, V",Veta de cuarzo blanco con óxidos de hierro (1%) rellenando microfracturas.,<0.027,31,<0.5,49,4,11,3,6.9,2.813,<5,<5,<5,14,16,12,11,<5,<10,<1,<2,<2,<0.5,<5,0.93,0.04,2.07,0.29,0.14,0.02,0.29,<0.01,43.17,0.06,<5,30,<0.6,17.4,0.59,1.9,0.9,0.3,2.2,1.8,0.6,0.3,<0.2,<0.15,2.1,7.9,1.9,1.5,<0.5,0.3,1.9,<0.1,0.8,2,0.9
74,22k-RGQ24-009,Rocas,380948,8827956,18,22-k,"GE36A9-T02: MAGMATISMO Y GEOQUÍMICA DEL BATOLITO DE LA COORDILLERA ORIENTAL DEL PERÚ CENTRAL, SU RELACIÓN CON ELEMENTOS ESTRATÉGICOS Y ÁREAS DE INTERÉS PROSPECTIVO",2024,No elaborado,No elaborado,No elaborado,Pasco,091-2024,INGEMMET,"I, IIa, IIb, III, IV","Roca intrusiva (metagranito?) de textura fanerítica, con feldespato potásico, cuarzo y minerales oscuros; presenta débil magnetismo.",na,na,<0.5,483,15,31,59,20.7,11.463,17,10,11,60,97,71,67,<5,<10,<1,<2,<2,<0.5,<5,7.46,1.04,3.3,3.05,1.38,0.06,2.46,0.04,30.23,0.41,44,364,2.3,87.6,0.62,8.3,5,1.2,20.1,8.2,10.5,1.7,<0.2,0.72,18.7,40.7,9.9,8,1.8,1.3,20.9,0.8,4.1,1,4.9
75,22k-RGQ24-009a,Rocas,380874,8826154,18,22-k,"GE36A9-T02: MAGMATISMO Y GEOQUÍMICA DEL BATOLITO DE LA COORDILLERA ORIENTAL DEL PERÚ CENTRAL, SU RELACIÓN CON ELEMENTOS ESTRATÉGICOS Y ÁREAS DE INTERÉS PROSPECTIVO",2024,No elaborado,No elaborado,No elaborado,Pasco,091-2024,INGEMMET,"I, IIa, IIb, III, IV, V",Veta de cuarzo blanco con óxidos de hierro (1%) en microfracturas.,<0.027,<10,<0.5,13,<1,6,<2,<2,<2,<5,<5,<5,<2,18,<10,2,<5,<10,<1,<2,<2,<0.5,<5,0.75,0.05,0.22,0.05,0.05,0.01,0.51,<0.01,45.22,0.03,<5,24,<0.6,6.2,0.08,0.6,0.4,<0.1,1.4,0.5,0.5,0.1,<0.2,<0.15,1.4,2.8,0.7,0.5,<0.5,<0.1,1.1,<0.1,0.4,<1,0.4
76,21k-RGQ24-008,Rocas,384882,8889976,18,21-k,"GE36A9-T02: MAGMATISMO Y GEOQUÍMICA DEL BATOLITO DE LA COORDILLERA ORIENTAL DEL PERÚ CENTRAL, SU RELACIÓN CON ELEMENTOS ESTRATÉGICOS Y ÁREAS DE INTERÉS PROSPECTIVO",2024,No elaborado,No elaborado,No elaborado,Pasco,091-2024,INGEMMET,"I, IIa, IIb, III, IV",Roca intrusiva (monzogranito?) de textura fanerítica cloritizada (+).,na,na,<0.5,633,2,3,<2,20.6,4,<5,8,<5,67,96,14,24,<5,<10,<1,<2,<2,0.5,<5,6.34,0.88,1.29,3.51,0.26,0.04,2.27,0.02,34.32,0.16,20,152,1.7,133.7,0.74,4.4,2.5,1.6,14.6,6.1,4.6,0.9,<0.2,0.38,13.3,49.2,14.6,7.3,1.3,0.8,15.1,0.4,3,<1,2.5
77,21l-RGQ24-001,Rocas,412491,8848504,18,21-l,"GE36A9-T02: MAGMATISMO Y GEOQUÍMICA DEL BATOLITO DE LA COORDILLERA ORIENTAL DEL PERÚ CENTRAL, SU RELACIÓN CON ELEMENTOS ESTRATÉGICOS Y ÁREAS DE INTERÉS PROSPECTIVO",2024,No elaborado,No elaborado,No elaborado,Pasco,091-2024,INGEMMET,"I, IIa, IIb, III, IV",Roca intrusiva (granito) de textura fanerítica con pátinas de óxidos de manganeso (<1%).,na,na,<0.5,158,1,5,<2,2.3,48.5,<5,49,<5,46,45,<10,25,<5,<10,<1,<2,<2,1,<5,7.77,0.88,0.7,3.12,0.15,0.02,3.01,0.05,33.51,0.06,34,70,8.9,34.3,16.3,6.3,2.7,1.8,17.4,5.2,2.4,1.1,<0.2,0.25,9.9,15.7,4.1,4.5,2.1,1,4.7,0.3,4.7,1,1.9
78,21l-RGQ24-001a,Rocas,412533,8848389,18,21-l,"GE36A9-T02: MAGMATISMO Y GEOQUÍMICA DEL BATOLITO DE LA COORDILLERA ORIENTAL DEL PERÚ CENTRAL, SU RELACIÓN CON ELEMENTOS ESTRATÉGICOS Y ÁREAS DE INTERÉS PROSPECTIVO",2024,No elaborado,No elaborado,No elaborado,Pasco,091-2024,INGEMMET,"I, IIa, IIb, III, IV, V",Veta de cuarzo con plagioclasas y flogopita en los bordes.,<0.027,<10,<0.5,61,1,4,<2,<2,32.424,<5,39,<5,103,20,<10,16,<5,<10,<1,<2,<2,1,<5,7.38,0.48,0.5,3.85,0.1,0.02,2.54,0.05,33.79,0.04,10,41,5.5,18.1,6.16,2,0.8,0.7,16.2,2.3,1.6,0.3,<0.2,<0.15,6.2,8.1,2.1,2.3,1.4,0.4,2.3,<0.1,5.1,1,0.6
79,22l-RGQ24-026,Rocas,402810,8836128,18,22-l,"GE36A9-T02: MAGMATISMO Y GEOQUÍMICA DEL BATOLITO DE LA COORDILLERA ORIENTAL DEL PERÚ CENTRAL, SU RELACIÓN CON ELEMENTOS ESTRATÉGICOS Y ÁREAS DE INTERÉS PROSPECTIVO",2024,No elaborado,No elaborado,No elaborado,Pasco,091-2024,INGEMMET,"I, IIa, IIb, III, IV","Roca intrusiva (monzogranito?) de textura fanerítica, con alto contenido de biotita (10%).",na,na,<0.5,257,10,7,14,7.8,16.436,<5,19,12,45,106,80,55,<5,<10,<1,<2,<2,0.6,<5,7.36,2.64,3.07,1.8,0.92,0.06,2.34,0.02,31.67,0.25,25,145,2.7,29,4.36,4.2,2.7,0.7,14.4,4.1,4.2,0.9,<0.2,0.44,6,16.8,3.6,3.8,0.8,0.7,9.8,0.4,4.9,<1,2.9
80,22l-RGQ24-019,Rocas,413386,8823442,18,22-l,"GE36A9-T02: MAGMATISMO Y GEOQUÍMICA DEL BATOLITO DE LA COORDILLERA ORIENTAL DEL PERÚ CENTRAL, SU RELACIÓN CON ELEMENTOS ESTRATÉGICOS Y ÁREAS DE INTERÉS PROSPECTIVO",2024,No elaborado,No elaborado,No elaborado,Pasco,091-2024,INGEMMET,"I, IIa, IIb, III, IV",Roca intrusiva (monzogranito) con impregnaciones de pirolusita (1%) y óxids de hierro (1%).,na,na,<0.5,323,1,3,<2,2.3,<2,<5,<5,<5,31,23,<10,4,<5,<10,<1,<2,<2,<0.5,<5,8.63,0.1,0.63,2.16,0.09,0.01,3.85,<0.01,33.56,0.04,20,85,4.9,50.9,1.52,3.3,1.9,0.5,17.4,3.7,3,0.7,<0.2,0.31,5.9,20.1,5.2,3.7,0.9,0.5,12.7,0.3,2.1,1,2
81,22l-RGQ24-024,Rocas,408977,8823543,18,22-l,"GE36A9-T02: MAGMATISMO Y GEOQUÍMICA DEL BATOLITO DE LA COORDILLERA ORIENTAL DEL PERÚ CENTRAL, SU RELACIÓN CON ELEMENTOS ESTRATÉGICOS Y ÁREAS DE INTERÉS PROSPECTIVO",2024,No elaborado,No elaborado,No elaborado,Pasco,091-2024,INGEMMET,"I, IIa, IIb, III, IV","Roca intrusiva (monzogranito?) de textura fanerítica, presenta plagioclasa, cuarzo y abundante biotita (10%) y flogopita (2%).",na,na,<0.5,253,18,21,30,10.6,14.487,6,7,22,46,154,145,66,<5,<10,<1,<2,<2,<0.5,<5,8.01,3.81,4.17,1.13,1.66,0.09,2.05,0.02,29.41,0.32,25,113,1.3,25.9,2.31,4,2.6,0.8,13.9,3.8,3.6,0.9,<0.2,0.42,3,14.7,3.2,3.2,<0.5,0.6,2.4,0.4,1.1,<1,2.8
82,22l-RGQ24-031,Rocas,410143,8830606,18,22-l,"GE36A9-T02: MAGMATISMO Y GEOQUÍMICA DEL BATOLITO DE LA COORDILLERA ORIENTAL DEL PERÚ CENTRAL, SU RELACIÓN CON ELEMENTOS ESTRATÉGICOS Y ÁREAS DE INTERÉS PROSPECTIVO",2024,No elaborado,No elaborado,No elaborado,Pasco,091-2024,INGEMMET,"I, IIa, IIb, III, IV","Roca intrusiva (monzogranito) de textura fanerítica con alto contenido de biotita (10%), algunas de ellas se alteran a flogopita (3%).",na,na,<0.5,235,29,53,43,10.3,6.681,16,<5,39,43,197,228,82,5,<10,<1,<2,<2,<0.5,<5,8.93,6.96,6.99,0.89,3.55,0.12,1.33,0.02,23.91,0.36,18,74,0.9,22.6,1.76,2.9,1.7,0.7,15.9,2.9,1.9,0.6,<0.2,0.29,3.2,12.8,2.7,2.6,<0.5,0.4,2.3,0.3,0.9,<1,1.8
83,22l-RGQ24-031a,Rocas,410146,8830726,18,22-l,"GE36A9-T02: MAGMATISMO Y GEOQUÍMICA DEL BATOLITO DE LA COORDILLERA ORIENTAL DEL PERÚ CENTRAL, SU RELACIÓN CON ELEMENTOS ESTRATÉGICOS Y ÁREAS DE INTERÉS PROSPECTIVO",2024,No elaborado,No elaborado,No elaborado,Pasco,091-2024,INGEMMET,"I, IIa, IIb, III, IV, V",Veta de cuarzo blanco con incrustaciones de mineral verde oliva de cristales prismáticos.,<0.027,<10,<0.5,252,2,6,2,<2,<2,<5,15,11,40,44,30,7,<5,<10,<1,<2,<2,0.7,<5,8.57,1.84,1.07,3.25,0.16,0.04,3.43,<0.01,32.51,0.06,192,123,4.2,28.3,2.38,23.7,20.9,0.4,17.1,10.5,8.4,6.1,<0.2,4.05,15.7,18,3.7,5.9,4.6,2.7,25,3.7,11.5,<1,26.6
84,22l-RGQ24-029,Rocas,400463,8826121,18,22-l,"GE36A9-T02: MAGMATISMO Y GEOQUÍMICA DEL BATOLITO DE LA COORDILLERA ORIENTAL DEL PERÚ CENTRAL, SU RELACIÓN CON ELEMENTOS ESTRATÉGICOS Y ÁREAS DE INTERÉS PROSPECTIVO",2024,No elaborado,No elaborado,No elaborado,Pasco,091-2024,INGEMMET,"I, IIa, IIb, III, IV","Roca intrusiva cloritizada (+) de textura fanerítica, con cuarzo, plagioclasas, anfíboles y cristales de biotita.",na,na,<0.5,300,2,2,3,2.6,4.831,<5,9,<5,39,40,11,29,<5,<10,<1,<2,<2,<0.5,<5,6.73,0.49,1.19,2.69,0.31,0.02,2.68,<0.01,34.88,0.09,13,80,2.1,36.3,1.51,2.1,1.4,0.5,11.2,2.3,2.4,0.4,<0.2,0.25,6.6,13.4,3.6,2.3,1,0.4,14,0.2,4.2,<1,1.7
85,22k-RGQ24-012,Rocas,389246,8818987,18,22-k,"GE36A9-T02: MAGMATISMO Y GEOQUÍMICA DEL BATOLITO DE LA COORDILLERA ORIENTAL DEL PERÚ CENTRAL, SU RELACIÓN CON ELEMENTOS ESTRATÉGICOS Y ÁREAS DE INTERÉS PROSPECTIVO",2024,No elaborado,No elaborado,No elaborado,Pasco,091-2024,INGEMMET,"I, IIa, IIb, III, IV",Roca metamórfica (esquisto) de textura foliada con óxidos de hierro (<1%).,na,na,<0.5,139,16,66,4,12.4,27.758,33,8,11,<2,440,77,53,<5,<10,<1,<2,<2,<0.5,<5,10.53,2.35,4.28,0.96,1.57,0.1,4.63,0.04,25.9,0.56,45,307,9,97.7,1.82,7.5,4.2,1.9,23.7,8.4,8.4,1.5,<0.2,0.63,20.6,46.9,11.1,8.3,1.6,1.3,16.2,0.6,3.6,<1,4.2
86,22l-RGQ24-030,Rocas,393882,8817644,18,22-l,"GE36A9-T02: MAGMATISMO Y GEOQUÍMICA DEL BATOLITO DE LA COORDILLERA ORIENTAL DEL PERÚ CENTRAL, SU RELACIÓN CON ELEMENTOS ESTRATÉGICOS Y ÁREAS DE INTERÉS PROSPECTIVO",2024,No elaborado,No elaborado,No elaborado,Pasco,091-2024,INGEMMET,"I, IIa, IIb, III, IV","Roca intrusiva (sienogranito?) de textura fanerítica, equigranular de grano grueso; con alto contenido de cristales de ortosa (15%) y cuarzo (50%).",na,na,<0.5,139,2,3,<2,4.4,10.446,<5,13,<5,79,21,16,18,<5,<10,<1,3,<2,0.9,<5,7.77,0.78,1.06,4.81,0.21,0.04,2.71,0.02,33.41,0.16,50,310,3.8,117.5,2.24,7.6,5.2,0.9,16.7,7.8,10.1,1.6,<0.2,1,29.6,48,12.6,8.3,4.5,1.2,60.4,0.9,19,2,6.3
87,22l-RGQ24-030a,Rocas,393256,8817492,18,22-l,"GE36A9-T02: MAGMATISMO Y GEOQUÍMICA DEL BATOLITO DE LA COORDILLERA ORIENTAL DEL PERÚ CENTRAL, SU RELACIÓN CON ELEMENTOS ESTRATÉGICOS Y ÁREAS DE INTERÉS PROSPECTIVO",2024,No elaborado,No elaborado,No elaborado,Pasco,091-2024,INGEMMET,"I, IIa, IIb, III, IV, V","Roca intrusiva (sienogranito?) craquelada, equigranular de grano grueso; con alto contenido de cristales de ortosa (15%) y cuarzo (50%) y vetillas/vetas de cuarzo blanco.",<0.027,237,<0.5,58,1,2,5,5.4,10.077,<5,<5,<5,150,6,<10,14,<5,<10,<1,<2,<2,1.5,8,6.47,0.05,0.57,4.45,0.1,0.02,1.16,<0.01,35.74,0.08,60,108,4.2,92.2,4.17,9.3,5.8,0.5,17.4,8.7,4.1,1.9,<0.2,0.96,20.2,43.6,11.1,8.7,2.9,1.5,36.3,0.9,6.9,8,6.6
88,22l-RGQ24-041,Rocas,410458,8816438,18,22-l,"GE36A9-T02: MAGMATISMO Y GEOQUÍMICA DEL BATOLITO DE LA COORDILLERA ORIENTAL DEL PERÚ CENTRAL, SU RELACIÓN CON ELEMENTOS ESTRATÉGICOS Y ÁREAS DE INTERÉS PROSPECTIVO",2024,No elaborado,No elaborado,No elaborado,Pasco,091-2024,INGEMMET,"I, IIa, IIb, III, IV","Roca intrusiva (granodiorita) con biotita (4%) alterándose a flogopita (1%), venilleo de cuarzo (3%) y epídota (1%).",na,na,<0.5,312,19,16,58,13.6,11.714,13,14,22,18,312,170,98,7,<10,<1,<2,<2,<0.5,<5,8.94,4.63,5.46,1.09,1.96,0.12,2.55,0.04,26.82,0.65,29,113,1.2,34.5,1,4.6,2.7,1.3,19.3,4.7,3,1,<0.2,0.41,4.1,19.4,4.2,4.4,0.5,0.7,4.7,0.4,1.3,1,2.7
89,22l-RGQ24-013,Rocas,402133,8815740,18,22-l,"GE36A9-T02: MAGMATISMO Y GEOQUÍMICA DEL BATOLITO DE LA COORDILLERA ORIENTAL DEL PERÚ CENTRAL, SU RELACIÓN CON ELEMENTOS ESTRATÉGICOS Y ÁREAS DE INTERÉS PROSPECTIVO",2024,No elaborado,No elaborado,No elaborado,Pasco,091-2024,INGEMMET,"I, IIa, IIb, III, IV","Roca intrusiva (sienogranito?) de textura fanerítica, equigranular de grano grueso; con alto contenido de cristales de ortosa (15%) y cuarzo (50%). Presenta venilleo de cuarzo con clorita en trazas.",na,na,<0.5,212,2,3,<2,9.4,2.946,<5,6,<5,60,41,15,12,<5,<10,<1,<2,<2,0.5,<5,6.9,0.45,0.97,3.64,0.38,0.02,2.73,0.01,34.21,0.14,22,204,2.7,79.6,1.19,3.7,2.3,0.8,14.1,4,6.1,0.8,<0.2,0.46,17.6,28.5,8,4.6,2.1,0.6,17.8,0.3,4.1,<1,2.8
90,22l-RGQ24-014,Rocas,397498,8823320,18,22-l,"GE36A9-T02: MAGMATISMO Y GEOQUÍMICA DEL BATOLITO DE LA COORDILLERA ORIENTAL DEL PERÚ CENTRAL, SU RELACIÓN CON ELEMENTOS ESTRATÉGICOS Y ÁREAS DE INTERÉS PROSPECTIVO",2024,No elaborado,No elaborado,No elaborado,Pasco,091-2024,INGEMMET,"I, IIa, IIb, III, IV","Roca intrusiva cloritizado (+) de textura fanerítica, compuesto de cuarzo, plagioclasas, anfíboles y biotitas",na,na,<0.5,360,3,3,3,7.2,12.105,<5,12,<5,83,60,18,26,<5,<10,<1,<2,<2,0.7,<5,7.03,0.93,1.11,3.88,0.23,0.04,2.35,0.01,33.67,0.15,27,120,3.8,77,3.32,3.9,2.6,0.9,14.4,4.4,3.8,0.8,<0.2,0.53,19,30.7,8.1,4.8,2.8,0.7,24.7,0.4,6.3,<1,3.2
91,22l-RGQ24-032,Rocas,418898,8836494,18,22-l,"GE36A9-T02: MAGMATISMO Y GEOQUÍMICA DEL BATOLITO DE LA COORDILLERA ORIENTAL DEL PERÚ CENTRAL, SU RELACIÓN CON ELEMENTOS ESTRATÉGICOS Y ÁREAS DE INTERÉS PROSPECTIVO",2024,No elaborado,No elaborado,No elaborado,Pasco,091-2024,INGEMMET,"I, IIa, IIb, III, IV","Roca intrusiva (monzogranito?) con alto contenido de plagioclasa (30%) y ortosa (10%), además de biotitas (5%) y anfíboles (3%).",na,na,<0.5,121,2,6,3,<2,14.059,<5,42,<5,65,20,<10,35,<5,<10,<1,<2,<2,0.6,<5,7.79,0.57,0.99,4.06,0.22,0.02,3.03,0.02,33.67,0.08,11,38,2.9,13,3.49,2.1,1,0.5,18.1,1.9,1.2,0.4,<0.2,<0.15,9.6,6.3,1.4,1.6,1,0.4,2.9,0.1,2.7,1,0.8
92,21l-RGQ24-004,Rocas,427642,8839343,18,21-l,"GE36A9-T02: MAGMATISMO Y GEOQUÍMICA DEL BATOLITO DE LA COORDILLERA ORIENTAL DEL PERÚ CENTRAL, SU RELACIÓN CON ELEMENTOS ESTRATÉGICOS Y ÁREAS DE INTERÉS PROSPECTIVO",2024,No elaborado,No elaborado,No elaborado,Pasco,091-2024,INGEMMET,"I, IIa, IIb, III, IV","Roca intrusiva de textura fanerítica, de grano fino a medio. Presenta plagioclasas, anfíboles alterándose a cloritas y cuarzo.",na,na,<0.5,376,6,8,15,3.7,27.302,<5,11,<5,28,78,34,43,<5,<10,<1,<2,<2,<0.5,<5,7.17,1.35,1.69,2.76,0.65,0.05,2.51,0.02,33.12,0.2,13,114,1.9,40.8,2.61,2.2,1.3,0.7,16.2,2.8,3.8,0.5,<0.2,0.25,5.3,17,4.6,3,0.7,0.4,11.5,0.2,3.2,1,1.5
93,22l-RGQ24-037,Rocas,423241,8837366,18,22-l,"GE36A9-T02: MAGMATISMO Y GEOQUÍMICA DEL BATOLITO DE LA COORDILLERA ORIENTAL DEL PERÚ CENTRAL, SU RELACIÓN CON ELEMENTOS ESTRATÉGICOS Y ÁREAS DE INTERÉS PROSPECTIVO",2024,No elaborado,No elaborado,No elaborado,Pasco,091-2024,INGEMMET,"I, IIa, IIb, III, IV","Roca intrusiva de textura fanerítica, compuesto de cuarzo, plagioclasas, anfíboles y biotitas, esta última se altera a flogopita (1%).",na,na,<0.5,571,10,21,44,15.3,23.105,12,15,7,60,186,66,52,<5,<10,<1,<2,<2,<0.5,<5,8.44,2.71,2.71,2.17,1.12,0.04,2.26,0.02,31.23,0.3,9,123,1.4,63.1,3.46,1.9,0.9,0.8,17.9,2.8,3.4,0.4,<0.2,<0.15,4.3,23.4,6.3,3.3,0.6,0.4,15.1,0.1,2.1,<1,1
94,22m-RGQ24-003,Rocas,469058,8792290,18,22-m,"GE36A9-T02: MAGMATISMO Y GEOQUÍMICA DEL BATOLITO DE LA COORDILLERA ORIENTAL DEL PERÚ CENTRAL, SU RELACIÓN CON ELEMENTOS ESTRATÉGICOS Y ÁREAS DE INTERÉS PROSPECTIVO",2024,No elaborado,No elaborado,No elaborado,Junín,089-2024,INGEMMET,"I, IIa, IIb, III","Sienogranito color rojizo, tonalidad mesócrata, textura granítica - inequigranular; feldespato potásico (55%) subhedrales, plagioclasas (15%) subhedrales, cuarzo (30%) y biotita anhedrales; fracturas rellenadas con óxidos.",na,na,<0.5,89,7,14,4,93.4,16.74,8,25,13,242,22,11,92,6,<10,<1,5,<2,1.5,7,7.72,0.22,4.41,4.1,0.2,0.04,3.14,0.02,30.12,0.39,221,1241,15.4,724.4,14.92,40.3,19.5,0.8,36.6,50.9,32.3,7,0.4,2.51,168.5,297.5,87.1,57.9,13.9,7.2,203.9,2.7,18.4,7,17.7
95,23l-RGQ24-001,Rocas,436962,8738977,18,23-l,"GE36A9-T02: MAGMATISMO Y GEOQUÍMICA DEL BATOLITO DE LA COORDILLERA ORIENTAL DEL PERÚ CENTRAL, SU RELACIÓN CON ELEMENTOS ESTRATÉGICOS Y ÁREAS DE INTERÉS PROSPECTIVO",2024,No elaborado,No elaborado,No elaborado,Junín,089-2024,INGEMMET,"I, IIa, IIb, III, IV, V","Brecha hidrotermal, textura de reemplazamiento polimíctica, matriz soportada, cemento de sílice gris -, goethita+++, hematita-, jarosita+, magnetita++; fragmentos de esquistos y tobas con alteración argílica moderada. Forma subredondeados a subangulosos con diss malq, ø > 10 - 8, ø ? 4 - 3, ø 2 - 1.5 cm. N 100°/55°NE. Ancho 2 m.",<0.027,130,<0.5,2329,31,889,6,3.3,67.321,131,<5,6,12,478,87,79,7,<10,<1,<2,24,<0.5,<5,3.42,0.01,8.41,0.39,0.03,1.1,0.3,0.04,33.61,0.39,19,60,<0.6,35,6.48,2.7,1.4,2,11.2,5.2,1.2,0.5,<0.2,0.18,3.2,25.8,5.4,7,<0.5,0.5,0.6,0.2,0.2,<1,1.2
96,23l-RGQ24-002,Rocas,436952,8738977,18,23-l,"GE36A9-T02: MAGMATISMO Y GEOQUÍMICA DEL BATOLITO DE LA COORDILLERA ORIENTAL DEL PERÚ CENTRAL, SU RELACIÓN CON ELEMENTOS ESTRATÉGICOS Y ÁREAS DE INTERÉS PROSPECTIVO",2024,No elaborado,No elaborado,No elaborado,Junín,089-2024,INGEMMET,"I, IIa, IIb, III, IV, V","Brecha hidrotermal, textura de reemplazamiento polimíctica, matriz soportada, cemento de sílice-, goethita+++, magnetita++, hematita+, jarosita+; fragmentos de esquistos y tobas con alteración argílica moderada a fuerte. Forma subredondeados a subangulosos, ø > 10, ø ? 4, ø < 1.5 cm. N 100°/55°NE. Ancho 2.5 m.",<0.027,96,<0.5,895,44,114,12,3.1,93.67,41,<5,20,94,202,167,53,14,<10,<1,<2,7,0.6,<5,9.18,0.02,9.66,2.9,0.31,1.02,0.29,0.05,25.57,0.87,48,428,1.7,119.7,7.47,8.1,4.7,2.5,27.2,9.7,10,1.6,<0.2,0.61,21.3,56.6,14.5,11.2,1.6,1.3,18.4,0.7,2.3,1,4.4
97,23l-RGQ24-003,Rocas,436967,8738977,18,23-l,"GE36A9-T02: MAGMATISMO Y GEOQUÍMICA DEL BATOLITO DE LA COORDILLERA ORIENTAL DEL PERÚ CENTRAL, SU RELACIÓN CON ELEMENTOS ESTRATÉGICOS Y ÁREAS DE INTERÉS PROSPECTIVO",2024,No elaborado,No elaborado,No elaborado,Junín,089-2024,INGEMMET,"I, IIa, IIb, III, IV, V","Cuerpo de brecha hidrotermal, textura de reemplazamiento polimíctica, matriz soportada, cemento de sílice-, goethita+++, hematita+, jarosita++; fragmentos de tobas y esquistos argilizados. ø > 10, ø ? 4, ø < 1.5 cm, forma subredondeada cortado con veta sil - baritina, textura bandeada. N 280° - 27°S/75°N. Ancho 30 cm.",<0.027,148,<0.5,>100000,8,24,5,<2,51.529,12,<5,<5,<2,1095,19,5,<5,<10,<1,<2,<2,<0.5,<5,0.63,0.02,2.98,<0.01,0.02,0.31,0.02,0.01,2.02,0.09,<5,14,<0.6,3.2,0.17,0.2,0.1,3.3,2.5,0.3,0.3,<0.1,<0.2,<0.15,0.8,1.9,0.4,0.4,<0.5,<0.1,<0.2,<0.1,<0.1,<1,0.1
98,23l-RGQ24-010b,Rocas,435238,8741049,18,23-l,"GE36A9-T02: MAGMATISMO Y GEOQUÍMICA DEL BATOLITO DE LA COORDILLERA ORIENTAL DEL PERÚ CENTRAL, SU RELACIÓN CON ELEMENTOS ESTRATÉGICOS Y ÁREAS DE INTERÉS PROSPECTIVO",2024,No elaborado,No elaborado,No elaborado,Junín,089-2024,INGEMMET,"I, IIa, IIb, III, IV, V","Afloramiento de cuerpo peridotítico que corta a los esquistos micáceos - cloríticos, que deja halos de serpentinización a los bordes del contacto cortado por vetillas de magnetita masiva. Esquistosidad N 165°/63°SW.",<0.027,<10,<0.5,46,116,284,9,12.4,4.589,827,<5,33,<2,3,147,84,<5,<10,<1,<2,<2,<0.5,<5,4.14,1.72,9.29,<0.01,16.95,0.34,<0.01,0.08,15.39,0.89,200,42,<0.6,45.1,0.09,30.3,20.5,1.6,10.7,23.8,19.2,6.6,<0.2,2.69,5.1,45.7,8.1,16.3,0.5,4.1,1.8,2.9,0.3,<1,18.6
99,23l-RGQ24-011a,Rocas,435274,8740945,18,23-l,"GE36A9-T02: MAGMATISMO Y GEOQUÍMICA DEL BATOLITO DE LA COORDILLERA ORIENTAL DEL PERÚ CENTRAL, SU RELACIÓN CON ELEMENTOS ESTRATÉGICOS Y ÁREAS DE INTERÉS PROSPECTIVO",2024,No elaborado,No elaborado,No elaborado,Junín,089-2024,INGEMMET,"I, IIa, IIb, III, IV, V","Peridotita gris oscura,  de tonalidad melanócrata y textura afanítica, que se altera a serpentinita. Al estar en contacto con los esquistos deja un halo de serpentinita que pasa a esquistos micáceos con talco. Esquistosidad N 150°/65°SW.",<0.027,<10,<0.5,13,108,1208,6,<2,<2,1951,<5,13,<2,<2,128,34,<5,<10,<1,<2,<2,<0.5,<5,0.78,0.01,6.99,<0.01,20.95,0.06,<0.01,0.02,18.24,0.08,6,9,<0.6,0.6,<0.05,0.5,0.4,<0.1,2.3,0.4,<0.2,0.1,<0.2,<0.15,<0.5,0.8,0.1,0.3,<0.5,<0.1,<0.2,<0.1,<0.1,<1,0.4
100,23l-RGQ24-014,Rocas,437119,8738834,18,23-l,"GE36A9-T02: MAGMATISMO Y GEOQUÍMICA DEL BATOLITO DE LA COORDILLERA ORIENTAL DEL PERÚ CENTRAL, SU RELACIÓN CON ELEMENTOS ESTRATÉGICOS Y ÁREAS DE INTERÉS PROSPECTIVO",2024,No elaborado,No elaborado,No elaborado,Junín,089-2024,INGEMMET,"I, IIa, IIb, III, IV, V","Veta de cuarzo con baritina, textura de reemplazamiento a bandeado, cortada por venillas de goethita, jarosita con parches y diss oxidos, covelina - malaquita. Roca caja tb cristales, alteración propilítica moderada. N 200°/60°SE. Ancho 0.20 m.",<0.027,353,<0.5,200,18,63,28,2.2,28.289,39,<5,9,<2,19,56,27,7,<10,<1,<2,<2,<0.5,<5,1.31,0.01,2.28,0.11,0.23,0.27,0.09,0.03,42.01,0.15,11,21,<0.6,13.5,0.65,1.7,0.8,0.6,3.7,1.9,0.4,0.3,<0.2,<0.15,1.9,4.7,1,1.5,<0.5,0.3,0.3,0.1,0.1,4,0.7
101,23l-RGQ24-021,Rocas,437478,8738820,18,23-l,"GE36A9-T02: MAGMATISMO Y GEOQUÍMICA DEL BATOLITO DE LA COORDILLERA ORIENTAL DEL PERÚ CENTRAL, SU RELACIÓN CON ELEMENTOS ESTRATÉGICOS Y ÁREAS DE INTERÉS PROSPECTIVO",2024,No elaborado,No elaborado,No elaborado,Junín,089-2024,INGEMMET,"I, IIa, IIb, III, IV, V","Estructura cuarzo - baritina, textura bandeada a crustiforme, cavidades rellenadas con goethita-jarosita con halos de venillas sil - magnetita - goethita. Labor 3, esta veta se encuentra alojasa en la brecha hidrotermal polimíctica, matriz soportada-cemento, goethita-magnetita-silice. N 210°/65°SE. Ancho 35 cm.",<0.027,1839,<0.5,>100000,14,13,136,<2,2.262,32,<5,<5,<2,1791,21,3,<5,<10,<1,<2,4,<0.5,<5,0.12,<0.01,10.02,<0.01,0.05,0.42,<0.01,0.02,1.34,0.01,<5,8,<0.6,<0.5,0.16,0.3,0.2,4.3,0.6,0.4,<0.2,<0.1,0.4,<0.15,<0.5,0.3,<0.1,0.2,<0.5,<0.1,<0.2,<0.1,<0.1,<1,0.2
102,23l-RGQ24-023,Rocas,437405,8738757,18,23-l,"GE36A9-T02: MAGMATISMO Y GEOQUÍMICA DEL BATOLITO DE LA COORDILLERA ORIENTAL DEL PERÚ CENTRAL, SU RELACIÓN CON ELEMENTOS ESTRATÉGICOS Y ÁREAS DE INTERÉS PROSPECTIVO",2024,No elaborado,No elaborado,No elaborado,Junín,089-2024,INGEMMET,"I, IIa, IIb, III, IV, V","Estructura mineralizada con baritina y óxidos de hierro, textura bandeada. Veta N 190°/65°SE.",<0.027,4752,<0.5,>100000,11,72,22,<2,23.945,40,<5,<5,<2,957,16,8,6,<10,<1,<2,8,<0.5,<5,0.24,<0.01,5.58,0.02,0.02,0.19,<0.01,0.02,3.15,0.01,<5,<5,<0.6,<0.5,0.25,0.2,0.2,2.7,0.3,0.3,<0.2,<0.1,<0.2,<0.15,<0.5,0.4,<0.1,0.1,<0.5,<0.1,<0.2,<0.1,<0.1,<1,0.2
103,23m-RGQ24-001,Rocas,464786,8769007,18,23-m,"GE36A9-T02: MAGMATISMO Y GEOQUÍMICA DEL BATOLITO DE LA COORDILLERA ORIENTAL DEL PERÚ CENTRAL, SU RELACIÓN CON ELEMENTOS ESTRATÉGICOS Y ÁREAS DE INTERÉS PROSPECTIVO",2024,No elaborado,No elaborado,No elaborado,Junín,089-2024,INGEMMET,"I, IIa, IIb, III, IV, V","Mármol blanco intercalado con hornfels de color gris verdoso. Estos marmoles presentan skarnoides conformados por nódulos irregulares de epidota-granate, este último diseminadamente. Además, se observa la presencia de magnetita y venillas de calcita.",<0.027,17,17.3,246,21,29,34,19,24.783,9,17102,<5,<2,58,21,16399,21,24,54,14,4,<0.5,202,1.84,20.83,12.54,<0.01,1.74,0.23,0.02,0.04,18.43,0.09,39,65,20.1,85.1,0.98,6.5,3.6,3.1,9.6,7,0.4,1.2,3.9,0.27,5,51.2,13.3,8.8,<0.5,1,5.2,0.4,4.6,243,2.2
104,23m-RGQ24-002,Rocas,464786,8769007,18,23-m,"GE36A9-T02: MAGMATISMO Y GEOQUÍMICA DEL BATOLITO DE LA COORDILLERA ORIENTAL DEL PERÚ CENTRAL, SU RELACIÓN CON ELEMENTOS ESTRATÉGICOS Y ÁREAS DE INTERÉS PROSPECTIVO",2024,No elaborado,No elaborado,No elaborado,Junín,089-2024,INGEMMET,"I, IIa, IIb, III, IV, V","Veta masiva de esfalerita, textura de reemplazamiento, esfalerita engloba a los fragmentos irregulares de epídota-granates (dise), O q pasa o son rodeados por sphz (con diss de gn todas estas son cortadas por venillas de calcita N86°E/85°SE / N260°/85°SE.",<0.027,56,18.4,66,38,26,143,42.5,94.934,12,17149,<5,<2,87,16,27274,131,22,87,12,132,<0.5,209,4.69,14.63,7.05,0.03,2.16,0.56,0.01,0.05,21.16,0.05,30,52,788.4,88.6,0.58,4.2,2.3,2.4,13.6,5,0.8,0.8,5.9,0.29,3.6,35.8,10.1,5.6,<0.5,0.7,3.8,0.3,5.7,209,2
105,23m-RGQ24-003,Rocas,464839,8769026,18,23-m,"GE36A9-T02: MAGMATISMO Y GEOQUÍMICA DEL BATOLITO DE LA COORDILLERA ORIENTAL DEL PERÚ CENTRAL, SU RELACIÓN CON ELEMENTOS ESTRATÉGICOS Y ÁREAS DE INTERÉS PROSPECTIVO",2024,No elaborado,No elaborado,No elaborado,Junín,089-2024,INGEMMET,"I, IIa, IIb, III","Sienogranito de tonalidad rojiza y textura granítica - inequigranular. Presenta feldespatos (40%), plagioclasas (10%) hipidiomorfos y cuarzo (35%) xenomórfico.",na,na,<0.5,1381,<1,3,8,181.1,3.176,<5,21,19,292,177,<10,33,12,<10,<1,4,<2,2,21,8.39,0.28,2.4,4.95,0.12,0.02,2.87,0.03,30.09,0.37,45,401,3.9,215.2,2.77,7.9,4.5,2.7,23.7,12.3,7.6,1.5,0.3,0.68,33.8,94.7,25.7,15.7,2.1,1.5,16,0.6,5.1,21,4.4
106,23m-RGQ24-009,Rocas,465287,8772273,18,23-m,"GE36A9-T02: MAGMATISMO Y GEOQUÍMICA DEL BATOLITO DE LA COORDILLERA ORIENTAL DEL PERÚ CENTRAL, SU RELACIÓN CON ELEMENTOS ESTRATÉGICOS Y ÁREAS DE INTERÉS PROSPECTIVO",2024,No elaborado,No elaborado,No elaborado,Junín,089-2024,INGEMMET,"I, IIa, IIb, III, IV, V",Estructura de vetillas conformadas por veta de cuarzo blanco masivo cortado por venillas qzs drusico con oquedades rellenadas con especularita. Vetillas y venillas dispuestas en forma subparalela espaciadas cada 30 cm.,<0.027,<10,<0.5,160,<1,13,3,23.2,52.065,<5,<5,<5,244,22,<10,11,<5,<10,<1,<2,<2,1.4,<5,2.63,<0.01,0.62,1.76,0.04,<0.01,0.17,<0.01,41.45,0.03,39,103,2.7,28,3.43,5,3.5,0.2,8.1,3.7,2.5,1.1,<0.2,0.47,22.3,12.6,3.4,3.3,2.3,0.7,15.2,0.5,3.4,2,3.4
107,23m-RGQ24-012,Rocas,447807,8746229,18,23-m,"GE36A9-T02: MAGMATISMO Y GEOQUÍMICA DEL BATOLITO DE LA COORDILLERA ORIENTAL DEL PERÚ CENTRAL, SU RELACIÓN CON ELEMENTOS ESTRATÉGICOS Y ÁREAS DE INTERÉS PROSPECTIVO",2024,No elaborado,No elaborado,No elaborado,Junín,089-2024,INGEMMET,"I, IIa, IIb, III","Roca ultrabásica gris verdosa, tonalidad melanócrata, textura afanítica, cristales subhedrales de biotita, anfíboles, magnetita; se altera a serpentinita. N 230°/65°NO.",na,na,2.1,18,86,2571,4,<2,<2,2078,<5,8,<2,<2,28,11,57,<10,<1,<2,<2,<0.5,<5,0.46,<0.01,4.4,0.01,21.45,0.02,<0.01,<0.01,19.87,<0.01,<5,7,<0.6,0.8,0.11,0.1,<0.1,<0.1,0.5,<0.1,<0.2,<0.1,<0.2,<0.15,<0.5,0.4,0.1,0.1,<0.5,<0.1,<0.2,<0.1,<0.1,<1,<0.1
108,23m-RGQ24-014,Rocas,447853,8746222,18,23-m,"GE36A9-T02: MAGMATISMO Y GEOQUÍMICA DEL BATOLITO DE LA COORDILLERA ORIENTAL DEL PERÚ CENTRAL, SU RELACIÓN CON ELEMENTOS ESTRATÉGICOS Y ÁREAS DE INTERÉS PROSPECTIVO",2024,No elaborado,No elaborado,No elaborado,Junín,089-2024,INGEMMET,"I, IIa, IIb, III","Serpentinita color gris verdoso, textura lepidoblástica conformada por serpentina, magnetita, talco y carbonatos; protolito? peridotitas. Muestra de roca tomada en cancha de mineral, con presencia de roca metamórfica, serpentina y óxidos de hierro oscuros, además de cloritas y epídotas.",na,na,17.9,9,135,2094,6,<2,2.115,2260,<5,8,<2,<2,29,17,72,<10,<1,<2,<2,<0.5,<5,0.5,<0.01,4.55,<0.01,21.79,0.04,<0.01,<0.01,20.13,<0.01,<5,<5,<0.6,0.7,0.15,0.1,<0.1,<0.1,0.8,<0.1,<0.2,<0.1,<0.2,<0.15,<0.5,0.5,0.1,0.1,<0.5,<0.1,0.2,<0.1,0.5,<1,<0.1
109,22m-RGQ24-001,Rocas,469279,8795257,18,22-m,"GE36A9-T02: MAGMATISMO Y GEOQUÍMICA DEL BATOLITO DE LA COORDILLERA ORIENTAL DEL PERÚ CENTRAL, SU RELACIÓN CON ELEMENTOS ESTRATÉGICOS Y ÁREAS DE INTERÉS PROSPECTIVO",2024,No elaborado,No elaborado,No elaborado,Junín,089-2024,INGEMMET,"I, IIa, IIb, III","Monzogranito gris blanquecino con tinciones rojizas, tonalidad leucócrata, textura granítica-fanerítica inequigranular, plagioclasas (30%) y feldespatos (35%) subhedrales, cuarzo (30%) anhedral, anfíboles oxidados subhedrales.",na,na,<0.5,56,4,17,4,9,8.156,10,8,<5,164,16,<10,2,<5,<10,<1,<2,<2,1.3,6,7.51,0.41,1.18,4.48,0.11,0.02,2.81,0.02,32.78,0.15,48,257,5.8,159.6,8.32,7.4,4.6,0.6,24.8,7.9,7.7,1.4,<0.2,0.74,43.9,47.9,14.2,9.1,7.5,1.2,58,0.7,6.1,5,5.3
110,23l-RGQ24-006,Rocas,437346,8738924,18,23-l,"GE36A9-T02: MAGMATISMO Y GEOQUÍMICA DEL BATOLITO DE LA COORDILLERA ORIENTAL DEL PERÚ CENTRAL, SU RELACIÓN CON ELEMENTOS ESTRATÉGICOS Y ÁREAS DE INTERÉS PROSPECTIVO",2024,No elaborado,No elaborado,No elaborado,Junín,089-2024,INGEMMET,"I, IIa, IIb, III, IV, V","Brecha hidrotermal polimíctica, matriz soportada-cemento sil - oxidos gohetita+++, magnetita++, jarosita+, frag Tb crist y esq intensamente argilizados, forma de clastos subangulosos - subredondeados, ø > 16 cm, ø ? 10 - 6, ø < 1.5 cm. N 300°/70°NE. Ancho 2.5
m.",<0.027,246,<0.5,4339,45,204,7,<2,97.457,232,<5,40,106,171,270,36,14,<10,<1,<2,12,<0.5,<5,7.8,0.03,11.93,1.59,0.09,1.5,0.62,0.03,24.21,0.79,32,87,1.3,8.9,16.45,5.3,3.5,1.3,20.9,4.1,2.2,1.1,0.2,0.43,1.9,8,1.5,2.7,<0.5,0.7,0.3,0.5,0.2,<1,3.1
111,23l-RGQ24-010a,Rocas,435238,8741049,18,23-l,"GE36A9-T02: MAGMATISMO Y GEOQUÍMICA DEL BATOLITO DE LA COORDILLERA ORIENTAL DEL PERÚ CENTRAL, SU RELACIÓN CON ELEMENTOS ESTRATÉGICOS Y ÁREAS DE INTERÉS PROSPECTIVO",2024,No elaborado,No elaborado,No elaborado,Junín,089-2024,INGEMMET,"I, IIa, IIb, III, IV, V","Afloramiento de cuerpo peridotítico que corta a los esquistos micáceos - cloríticos, que deja halos de serpentinización a los bordes del contacto cortado por vetillas de magnetita masiva. Esquistosidad N 165°/63° SW.",<0.027,<10,<0.5,240,112,1966,6,4.5,3.086,1670,<5,23,<2,7,168,91,<5,<10,<1,<2,<2,<0.5,<5,2.93,1.01,7.37,<0.01,18.21,0.34,<0.01,0.11,17.11,0.78,51,88,<0.6,13.7,0.12,8.3,5.3,0.8,8.7,7.6,3.9,1.7,<0.2,0.67,2.8,14.8,2.5,5.5,<0.5,1.2,<0.2,0.7,<0.1,<1,4.6
112,23l-RGQ24-010c,Rocas,435238,8741049,18,23-l,"GE36A9-T02: MAGMATISMO Y GEOQUÍMICA DEL BATOLITO DE LA COORDILLERA ORIENTAL DEL PERÚ CENTRAL, SU RELACIÓN CON ELEMENTOS ESTRATÉGICOS Y ÁREAS DE INTERÉS PROSPECTIVO",2024,No elaborado,No elaborado,No elaborado,Junín,089-2024,INGEMMET,"I, IIa, IIb, III, IV, V","Afloramiento de cuerpo peridotítico que corta a los esquistos micáceos - cloríticos, que deja halos de serpentinización a los bordes del contacto cortado por vetillas de magnetita masiva. Esquistosidad N 165°/63° SW.",<0.027,<10,<0.5,24,117,6796,7,<2,<2,2880,<5,9,<2,<2,86,118,<5,<10,<1,<2,<2,<0.5,<5,1.25,0.06,7.24,0.03,21.19,0.22,<0.01,0.02,17.27,0.26,7,<5,<0.6,3.6,<0.05,1.1,0.6,0.1,5,0.9,<0.2,0.2,<0.2,<0.15,<0.5,2.6,0.5,0.7,<0.5,0.1,<0.2,<0.1,<0.1,<1,0.6
113,23l-RGQ24-011,Rocas,435265,8740956,18,23-l,"GE36A9-T02: MAGMATISMO Y GEOQUÍMICA DEL BATOLITO DE LA COORDILLERA ORIENTAL DEL PERÚ CENTRAL, SU RELACIÓN CON ELEMENTOS ESTRATÉGICOS Y ÁREAS DE INTERÉS PROSPECTIVO",2024,No elaborado,No elaborado,No elaborado,Junín,089-2024,INGEMMET,"I, IIa, IIb, III","Peridotita gris oscura de tonalidad melanócrata, con presencia de biotita, diseminación de anfíboles, carbonatos y parches de magnetita. Esta roca se altera a serpentinita con fuerte intensidad. Esquistosidad N 140°/60°SW.",na,na,<0.5,17,118,2058,8,<2,<2,2173,<5,11,<2,<2,63,45,<5,<10,<1,<2,<2,<0.5,<5,1.09,0.24,5.56,<0.01,21.89,0.09,<0.01,<0.01,18.4,0.16,10,23,<0.6,2.3,0.06,1.4,1,0.2,4.6,1.2,0.4,0.3,<0.2,<0.15,<0.5,2.3,0.4,0.8,<0.5,0.2,<0.2,0.1,<0.1,<1,1
114,23l-RGQ24-013,Rocas,437074,8738892,18,23-l,"GE36A9-T02: MAGMATISMO Y GEOQUÍMICA DEL BATOLITO DE LA COORDILLERA ORIENTAL DEL PERÚ CENTRAL, SU RELACIÓN CON ELEMENTOS ESTRATÉGICOS Y ÁREAS DE INTERÉS PROSPECTIVO",2024,No elaborado,No elaborado,No elaborado,Junín,089-2024,INGEMMET,"I, IIa, IIb, III, IV, V","Brecha hidrotermal polimíctica, matriz soportada-cemento sil - gohetita-magnetita con frag tb, esq, argilizando moderado a fuerte, forma subangulosos - subredondeados ø > 10 cm, ø ? 4 - 6, ø < 1.5 cm. N 305°. Ancho 3.5 m.",<0.027,377,<0.5,3016,76,1740,123,<2,63.471,280,<5,17,29,80,121,115,408,<10,<1,<2,18,<0.5,<5,5.47,0.02,26.81,0.83,0.11,2.58,0.56,0.05,15.34,0.65,28,78,1,7.8,11.43,4.4,2.4,1,19.7,3.8,2,0.8,0.5,0.26,4.6,6.3,1.2,2.2,0.6,0.7,0.3,0.3,0.5,<1,1.8
115,23m-RGQ24-004,Rocas,467685,8770465,18,23-m,"GE36A9-T02: MAGMATISMO Y GEOQUÍMICA DEL BATOLITO DE LA COORDILLERA ORIENTAL DEL PERÚ CENTRAL, SU RELACIÓN CON ELEMENTOS ESTRATÉGICOS Y ÁREAS DE INTERÉS PROSPECTIVO",2024,No elaborado,No elaborado,No elaborado,Junín,089-2024,INGEMMET,"I, IIa, IIb, III, IV, V","Veta de sílice gris con parches de goethita+++, jarosita++, hematita+, textura reemplazamiento N250° /75°NO, ancho 0.10 cm. Roca caja sienogranito color rojizo, tonalidad mesocrata, Felds K (45%), Plag (10%) subhedrales, Qz (30%) anhedral.",<0.027,48,<0.5,228,3,3,4,493.4,24.414,<5,14,<5,573,7,<10,37,11,<10,<1,<2,<2,3.5,6,8.92,0.02,2.55,4.9,0.2,0.08,0.09,<0.01,30.44,0.05,359,308,27.4,154.4,11.77,43.5,24,1.3,44.7,49.2,9.7,8.2,0.2,2.47,97.6,261.6,76.4,55.4,7.3,7.1,66.7,3.2,16.2,6,19.1
116,23m-RGQ24-005,Rocas,467588,8770547,18,23-m,"GE36A9-T02: MAGMATISMO Y GEOQUÍMICA DEL BATOLITO DE LA COORDILLERA ORIENTAL DEL PERÚ CENTRAL, SU RELACIÓN CON ELEMENTOS ESTRATÉGICOS Y ÁREAS DE INTERÉS PROSPECTIVO",2024,No elaborado,No elaborado,No elaborado,Junín,089-2024,INGEMMET,"I, IIa, IIb, III","Sienogranito rojizo de tonalidad mesócrata. Contiene feldespatos (45%), plagioclasas (10%) hipidiomórficas y cuarzo (30%) xenomórfica con débil alteración argílica con arcillas verdes y fracturas tapizadas con óxidos de hierro",na,na,<0.5,228,<1,3,2,412.6,13.585,<5,13,<5,715,5,<10,12,<5,<10,<1,<2,<2,2.3,<5,11.89,0.01,1.59,6.86,0.05,<0.01,0.69,<0.01,28,0.08,164,376,8.6,240.9,5.23,24.3,13.6,1.1,50.7,33.4,11.2,4.4,<0.2,1.78,131.5,254.9,70.8,50.8,10.6,4.3,97.5,2,27,4,13.6
117,23m-RGQ24-007,Rocas,466862,8770626,18,23-m,"GE36A9-T02: MAGMATISMO Y GEOQUÍMICA DEL BATOLITO DE LA COORDILLERA ORIENTAL DEL PERÚ CENTRAL, SU RELACIÓN CON ELEMENTOS ESTRATÉGICOS Y ÁREAS DE INTERÉS PROSPECTIVO",2024,No elaborado,No elaborado,No elaborado,Junín,089-2024,INGEMMET,"I, IIa, IIb, III, IV, V","Venillas de cuarzo blanco masivo con parches de gohetita++, jarosita+, hematita++, cortada por venillas de Qz textura bandeada crustiforme, sustura y oquedades rellenadas por especularita. Roca caja sienogranito color rojizo, textura granítrica-fanerítica inequigranular. Vetilla N300°/72°NE Ancho.",<0.027,42,<0.5,320,<1,5,5,508.7,21.123,<5,11,<5,593,20,<10,50,<5,<10,<1,<2,<2,2.7,6,7.98,0.01,1.48,5.52,0.19,<0.01,0.41,<0.01,32.47,0.03,87,207,4.4,79.3,8.47,11.9,7.2,0.8,31.8,16.8,5.7,2.3,<0.2,0.86,40.5,183.3,55.1,25.1,3,2.1,28.8,1,8.4,6,6.6
118,23m-RGQ24-010,Rocas,448079,8745002,18,23-m,"GE36A9-T02: MAGMATISMO Y GEOQUÍMICA DEL BATOLITO DE LA COORDILLERA ORIENTAL DEL PERÚ CENTRAL, SU RELACIÓN CON ELEMENTOS ESTRATÉGICOS Y ÁREAS DE INTERÉS PROSPECTIVO",2024,No elaborado,No elaborado,No elaborado,Junín,089-2024,INGEMMET,"I, IIa, IIb, III","Roca metamórfica de textura foliada color gris claro, con lentes de cuarzo hialino. Posiblemente esquistos con cuarzo.",na,na,<0.5,689,17,106,20,88.8,49.776,41,18,21,173,118,151,90,<5,<10,<1,<2,<2,0.6,<5,10.3,0.39,4.83,2.94,1.46,0.05,1.37,0.05,26.99,0.59,63,540,3.2,154.5,4.91,10.3,5.9,2.3,25.5,12.5,13.6,2,<0.2,0.82,19.5,69.1,18,13.8,1.7,1.7,28.9,0.9,5.4,2,5.8
119,23m-RGQ24-011,Rocas,447989,8746102,18,23-m,"GE36A9-T02: MAGMATISMO Y GEOQUÍMICA DEL BATOLITO DE LA COORDILLERA ORIENTAL DEL PERÚ CENTRAL, SU RELACIÓN CON ELEMENTOS ESTRATÉGICOS Y ÁREAS DE INTERÉS PROSPECTIVO",2024,No elaborado,No elaborado,No elaborado,Junín,089-2024,INGEMMET,"I, IIa, IIb, III",Roca metamórfica color gris claro y de textura foliada con lentes de cuarzo. Posiblemente esquistos cloritizados. Veta de cuarzo S30°E/45°SW.,na,na,<0.5,923,19,212,5,85.9,76.458,145,18,21,138,102,159,95,<5,<10,<1,2,<2,0.6,<5,10.03,0.39,5.62,2.55,2.39,0.04,1.25,0.05,25.92,0.61,63,427,2.6,147.4,4.65,9.9,5.7,2.5,26.1,12.1,10.4,1.9,<0.2,0.76,21.5,67,17.6,13.2,1.8,1.7,26.4,0.8,5.7,2,5.3
120,23m-RGQ24-015,Rocas,447683,8746095,18,23-m,"GE36A9-T02: MAGMATISMO Y GEOQUÍMICA DEL BATOLITO DE LA COORDILLERA ORIENTAL DEL PERÚ CENTRAL, SU RELACIÓN CON ELEMENTOS ESTRATÉGICOS Y ÁREAS DE INTERÉS PROSPECTIVO",2024,No elaborado,No elaborado,No elaborado,Junín,089-2024,INGEMMET,"I, IIa, IIb, III","Peridotita gris oscura, tonalidad melanócrata afanítica con cristales de biotita, anfíboles, magnetita diseminada (?) y carbonatos; los ferromagnesianos se alteran a serpentina. N 340°/75°NE.",na,na,<0.5,116,41,349,74,52.6,36.025,58,69,37,<2,1005,292,181,<5,<10,<1,<2,<2,<0.5,<5,7.07,8.52,8.63,0.23,5.39,0.17,1.83,0.25,20.37,1.36,25,68,1.2,75.5,2.26,4.5,2.1,2,15.4,6.3,2.7,0.8,<0.2,0.24,34.6,34.8,8.8,7,1.7,0.8,6.3,0.3,2,<1,1.7
121,20l-RGQ24-001,Rocas,408780,8904602,18,20-l,"GE36A9-T02: MAGMATISMO Y GEOQUÍMICA DEL BATOLITO DE LA COORDILLERA ORIENTAL DEL PERÚ CENTRAL, SU RELACIÓN CON ELEMENTOS ESTRATÉGICOS Y ÁREAS DE INTERÉS PROSPECTIVO",2024,No elaborado,No elaborado,No elaborado,Huánuco,118-2024,INGEMMET,"I, IIa, IIb, III","Gneis, probablemente de protolito ígneo; el bandeamiento no está bien desarrollado, pero se identifican bandas claras discontinuas. Afloramiento fuertemente fracturado.",na,na,<0.5,255,28,45,28,21,15,17,8,37,22,272,225,119,<5,<10,<1,<2,<2,<0.5,<5,8.24,5.1,7.94,0.63,2.71,0.16,1.68,0.1,24.83,0.76,30,165,1.5,48.4,0.59,5.9,3.4,1.6,21.3,6.2,4.2,1.2,<0.2,0.48,11.2,27.7,6.5,6.1,0.8,0.9,3.1,0.5,0.9,<1,3.2
122,20l-RGQ24-002,Rocas,405566,8903846,18,20-l,"GE36A9-T02: MAGMATISMO Y GEOQUÍMICA DEL BATOLITO DE LA COORDILLERA ORIENTAL DEL PERÚ CENTRAL, SU RELACIÓN CON ELEMENTOS ESTRATÉGICOS Y ÁREAS DE INTERÉS PROSPECTIVO",2024,No elaborado,No elaborado,No elaborado,Huánuco,118-2025,INGEMMET,"I, IIa, IIb, III","Gneis bandeado, máfico o mesócrata; con venillas de cuarzo de 5 cm.",na,na,<0.5,1101,32,367,27,45,21,174,6,24,57,414,157,74,<5,<10,<1,<2,<2,<0.5,<5,7.52,8.34,5.81,1.75,3.34,0.11,1.75,0.17,23.89,0.47,27,208,3.1,86,0.28,4.2,2.1,1.6,16.3,6.1,5.7,0.8,<0.2,0.32,11.2,43.5,10.9,7.6,0.6,0.7,27.1,0.3,3.9,<1,2.1
123,20l-RGQ24-003,Rocas,403005,8904108,18,20-l,"GE36A9-T02: MAGMATISMO Y GEOQUÍMICA DEL BATOLITO DE LA COORDILLERA ORIENTAL DEL PERÚ CENTRAL, SU RELACIÓN CON ELEMENTOS ESTRATÉGICOS Y ÁREAS DE INTERÉS PROSPECTIVO",2024,No elaborado,No elaborado,No elaborado,Huánuco,118-2026,INGEMMET,"I, IIa, IIb, III","Gneis bandeado mesócrata, posiblemente de composición granodiorítica. Por sectores el bandeamiento es mas desarrollado, predominan bandas oscuras sobre blancas.",na,na,<0.5,458,24,65,19,21,15,7,<5,37,61,291,252,137,<5,<10,<1,<2,<2,<0.5,<5,8.23,5.55,7.91,1.19,3.01,0.14,1.32,0.08,23.45,0.75,32,116,1.3,47.6,0.98,6.1,3.4,1.5,21,6.4,3.3,1.2,<0.2,0.47,11,27.8,6.6,6.4,0.8,0.9,6.1,0.5,0.8,<1,3.3
124,20l-RGQ24-004,Rocas,407695,8900842,18,20-l,"GE36A9-T02: MAGMATISMO Y GEOQUÍMICA DEL BATOLITO DE LA COORDILLERA ORIENTAL DEL PERÚ CENTRAL, SU RELACIÓN CON ELEMENTOS ESTRATÉGICOS Y ÁREAS DE INTERÉS PROSPECTIVO",2024,No elaborado,No elaborado,No elaborado,Huánuco,118-2027,INGEMMET,"I, IIa, IIb, III","Metaintrusivo leucócrata, fuertemente fracturado, por sectores parece tener cierta foliación.",na,na,<0.5,310,25,36,9,14,16,12,<5,21,8,1112,201,81,10,<10,<1,<2,<2,<0.5,<5,11.45,7.89,7.1,0.42,2.69,0.07,1.53,0.22,20.11,0.81,14,83,<0.6,28.4,0.64,2,1,1.5,24.6,3.1,1.8,0.4,<0.2,<0.15,1.9,17.4,3.9,3.3,<0.5,0.4,0.5,0.1,0.1,1,0.8
125,20l-RGQ24-005,Rocas,404354,8901331,18,20-l,"GE36A9-T02: MAGMATISMO Y GEOQUÍMICA DEL BATOLITO DE LA COORDILLERA ORIENTAL DEL PERÚ CENTRAL, SU RELACIÓN CON ELEMENTOS ESTRATÉGICOS Y ÁREAS DE INTERÉS PROSPECTIVO",2024,No elaborado,No elaborado,No elaborado,Huánuco,118-2028,INGEMMET,"I, IIa, IIb, III","Gneis moderadamente bandeado, se diferencian bandas claras de cuarzo y feldespato; conjuntamente con bandas oscuras de ferromagnesianos.",na,na,<0.5,408,18,22,13,20,11,5,<5,39,18,277,211,144,<5,<10,<1,<2,<2,<0.5,<5,8.11,4.69,7.1,0.68,2.18,0.14,1.97,0.1,26.59,0.73,50,232,1.9,50.1,0.4,9.2,5.2,1.6,21.7,9,5.7,1.8,<0.2,0.66,14.5,33.9,7.5,8.7,0.7,1.3,0.5,0.7,0.3,<1,4.7
126,20l-RGQ24-006,Rocas,401199,8898554,18,20-l,"GE36A9-T02: MAGMATISMO Y GEOQUÍMICA DEL BATOLITO DE LA COORDILLERA ORIENTAL DEL PERÚ CENTRAL, SU RELACIÓN CON ELEMENTOS ESTRATÉGICOS Y ÁREAS DE INTERÉS PROSPECTIVO",2024,No elaborado,No elaborado,No elaborado,Huánuco,118-2029,INGEMMET,"I, IIa, IIb, III","Roca metamórfica con aparente bandeamiento (gneis?), cortadas por cuerpos de granito leucocrático, el que se emplaza entre los planos de foliación.",na,na,<0.5,89,4,19,6,6,11,8,24,<5,28,187,22,23,<5,<10,<1,<2,<2,<0.5,<5,7.84,1.65,1.31,0.54,0.39,0.03,4.12,0.12,33.59,0.15,27,9,4.3,14.1,0.93,4.6,2.5,1.1,13.9,3.3,<0.2,0.9,<0.2,0.32,6.3,8,1.9,2.5,0.7,0.6,1.6,0.3,1.7,<1,2.3
127,20l-RGQ24-007,Rocas,399953,8898332,18,20-l,"GE36A9-T02: MAGMATISMO Y GEOQUÍMICA DEL BATOLITO DE LA COORDILLERA ORIENTAL DEL PERÚ CENTRAL, SU RELACIÓN CON ELEMENTOS ESTRATÉGICOS Y ÁREAS DE INTERÉS PROSPECTIVO",2024,No elaborado,No elaborado,No elaborado,Huánuco,118-2030,INGEMMET,"I, IIa, IIb, III","Roca intrusiva leucócrata con fenocristales de cuarzo y feldespatos. Presenta textura predominantemente equigranular de grano medio a grueso. La meteorización física es intensa. Biotita en acumulaciones (15%) dispersas, cuarzo (25%), FPsK (40%), PGLs (20%).",na,na,<0.5,450,5,2,4,150,16,<5,21,14,73,412,25,119,<5,<10,<1,<2,<2,<0.5,<5,12.39,1.68,2.74,1.22,0.59,0.12,3.05,0.02,25.66,0.44,57,1032,4.2,212.7,1.84,9.8,5.2,3.5,31.7,13.5,25.7,1.9,<0.2,0.84,14.1,96.7,27,15.8,0.7,1.7,16.8,0.8,3.5,<1,5.4
128,20l-RGQ24-008,Rocas,394513,8899590,18,20-l,"GE36A9-T02: MAGMATISMO Y GEOQUÍMICA DEL BATOLITO DE LA COORDILLERA ORIENTAL DEL PERÚ CENTRAL, SU RELACIÓN CON ELEMENTOS ESTRATÉGICOS Y ÁREAS DE INTERÉS PROSPECTIVO",2024,No elaborado,No elaborado,No elaborado,Huánuco,118-2031,INGEMMET,"I, IIa, IIb, III","Sienogranito, de textura inequigranular de grano grueso, con cristales desarrollados de feldespato potásico de hasta 2 cm. A unos 20 m, contacto irregular con pizarras. El intrusivo deja techos colgantes. Biotita en cúmulos y cuarzo anhedral.",na,na,<0.5,883,9,6,6,73,19,<5,6,13,89,412,70,82,<5,<10,<1,<2,<2,<0.5,<5,8.35,3.01,3.92,2.21,0.99,0.1,2.85,0.12,29.48,0.48,74,356,3,147.1,2.45,13.3,7.2,2.8,22.5,14.9,8.8,2.6,<0.2,0.99,21,79.5,19.7,16.1,2,2.1,8.6,1,2.8,<1,6.9
129,20l-RGQ24-009,Rocas,404354,8901331,18,20-l,"GE36A9-T02: MAGMATISMO Y GEOQUÍMICA DEL BATOLITO DE LA COORDILLERA ORIENTAL DEL PERÚ CENTRAL, SU RELACIÓN CON ELEMENTOS ESTRATÉGICOS Y ÁREAS DE INTERÉS PROSPECTIVO",2024,No elaborado,No elaborado,No elaborado,Huánuco,118-2032,INGEMMET,"I, IIa, IIb, III",Gneis bandeado con milonitización sobreimpuesta.,na,na,<0.5,415,18,21,15,20,9,5,<5,33,19,286,195,116,<5,<10,<1,<2,<2,<0.5,<5,8.37,4.91,7.13,0.71,2.2,0.14,2.09,0.1,25.97,0.69,46,152,1.8,49,0.3,8.6,5,1.6,22.5,8.6,3.6,1.7,<0.2,0.69,13.7,32.7,7.4,8.1,0.6,1.3,0.3,0.7,0.2,<1,4.8
130,21k-RGQ24-011,Rocas,384872,8889973,18,21-k,"GE36A9-T02: MAGMATISMO Y GEOQUÍMICA DEL BATOLITO DE LA COORDILLERA ORIENTAL DEL PERÚ CENTRAL, SU RELACIÓN CON ELEMENTOS ESTRATÉGICOS Y ÁREAS DE INTERÉS PROSPECTIVO",2024,No elaborado,No elaborado,No elaborado,Huánuco,118-2033,INGEMMET,"I, IIa, IIb, III","Monzogranito de textura granosa, inequigranular de grano grueso a muy grueso, moderadamente meteorizado. cz (30%), FPsK (25%), PGLs (35%), ferromagnesianos (10%).",na,na,<0.5,1060,3,3,3,103,6,<5,10,<5,107,209,22,40,<5,<10,<1,<2,<2,0.5,<5,6.47,1.07,1.65,3.08,0.33,0.05,2.35,0.04,34.57,0.22,39,191,2.2,123.7,0.89,6.8,3.8,1.5,15.4,7.7,4.7,1.3,<0.2,0.59,18.5,52.2,14.5,9,1.9,1.1,11.3,0.6,5.5,<1,4.2
131,21k-RGQ24-012,Rocas,387499,8884886,18,21-k,"GE36A9-T02: MAGMATISMO Y GEOQUÍMICA DEL BATOLITO DE LA COORDILLERA ORIENTAL DEL PERÚ CENTRAL, SU RELACIÓN CON ELEMENTOS ESTRATÉGICOS Y ÁREAS DE INTERÉS PROSPECTIVO",2024,No elaborado,No elaborado,No elaborado,Huánuco,118-2034,INGEMMET,"I, IIa, IIb, III",Monzogranito inequigranular de grano grueso e índice de color leucócrata.,na,na,<0.5,1258,6,3,7,127,21,<5,6,8,97,429,47,59,<5,<10,<1,<2,<2,<0.5,<5,7.91,2.19,2.99,2.7,0.71,0.06,2.81,0.09,30.96,0.43,29,362,2.4,200.6,1.25,5.4,2.9,2.4,21.3,8.6,8.9,1,<0.2,0.45,17.3,72.4,21.3,10.4,1,1,14.8,0.4,2.2,<1,3.1
132,21k-RGQ24-013,Rocas,379469,8871891,18,21-k,"GE36A9-T02: MAGMATISMO Y GEOQUÍMICA DEL BATOLITO DE LA COORDILLERA ORIENTAL DEL PERÚ CENTRAL, SU RELACIÓN CON ELEMENTOS ESTRATÉGICOS Y ÁREAS DE INTERÉS PROSPECTIVO",2024,No elaborado,No elaborado,No elaborado,Huánuco,118-2035,INGEMMET,"I, IIa, IIb, III","Roca intrusiva leucócrata de grano medio, compuesta de minerales máficos (12%), cuarzo (23%), feldespato potásico (25%) y plagioclasas (35%).",na,na,<0.5,858,15,33,20,42,21,12,14,17,128,384,123,79,6,<10,<1,<2,<2,0.8,<5,7.69,2.65,4.31,2.67,1.86,0.09,2.22,0.09,28.15,0.51,33,298,2.5,86.8,1.87,5.8,3.2,1.6,20.2,6.8,7.8,1.2,<0.2,0.53,14.6,40,10.6,7.5,1.2,0.9,13.8,0.5,3.2,3,3.4
133,21k-RGQ24-014,Rocas,380329,8871193,18,21-k,"GE36A9-T02: MAGMATISMO Y GEOQUÍMICA DEL BATOLITO DE LA COORDILLERA ORIENTAL DEL PERÚ CENTRAL, SU RELACIÓN CON ELEMENTOS ESTRATÉGICOS Y ÁREAS DE INTERÉS PROSPECTIVO",2024,No elaborado,No elaborado,No elaborado,Huánuco,118-2036,INGEMMET,"I, IIa, IIb, III","Roca intrusiva leucócrata de grano medio, compuesta de minerales máficos (12%), cuarzo (23%), feldespato potásico (25%) y plagioclasas (35%). El afloramiento es de superficies acolinadas, meteorización esferoidal. ",na,na,<0.5,779,12,20,19,45,19,7,22,11,124,383,89,86,8,<10,<1,<2,<2,0.7,<5,8.01,1.77,3.47,3.1,1.32,0.07,2.91,0.07,30.22,0.42,31,245,2.3,89.4,1.25,5,2.6,1.5,20,6.2,6.3,1,<0.2,0.46,14.1,38.5,10.5,6.8,1.1,0.8,16.1,0.4,2.8,<1,2.9
134,21k-RGQ24-015,Rocas,375031,8867099,18,21-k,"GE36A9-T02: MAGMATISMO Y GEOQUÍMICA DEL BATOLITO DE LA COORDILLERA ORIENTAL DEL PERÚ CENTRAL, SU RELACIÓN CON ELEMENTOS ESTRATÉGICOS Y ÁREAS DE INTERÉS PROSPECTIVO",2024,No elaborado,No elaborado,No elaborado,Huánuco,118-2037,INGEMMET,"I, IIa, IIb, III","Monzogranito leucócrata - mesócrata, de grano medio; con fenos de feldespato potásico de hasta 1.5cm, aunque predominan los cristales de 0.4mm (30%). Cuarzo (30%), PGLs (10%) y máficos (30%).",na,na,<0.5,306,7,23,4,72,13,12,<5,6,124,119,44,37,7,<10,<1,<2,<2,0.6,<5,7.56,0.19,3.12,2.95,0.91,0.05,2.42,0.05,32.68,0.35,44,255,2.5,99.7,2.33,7.4,4.1,1.1,20.2,7.8,7,1.5,<0.2,0.6,18.4,43.3,11.6,8.4,1.5,1.2,21.6,0.7,2.5,3,4.1
135,21k-RGQ24-016,Rocas,375251,8862054,18,21-k,"GE36A9-T02: MAGMATISMO Y GEOQUÍMICA DEL BATOLITO DE LA COORDILLERA ORIENTAL DEL PERÚ CENTRAL, SU RELACIÓN CON ELEMENTOS ESTRATÉGICOS Y ÁREAS DE INTERÉS PROSPECTIVO",2024,No elaborado,No elaborado,No elaborado,Huánuco,118-2038,INGEMMET,"I, IIa, IIb, III","Roca intrusiva alterado a arcillas y en menor proporción a óxidos de hierro. Los afloramientos son muy deleznables. Textura inequigranular de grano grueso, con algunos cristales desarrollados de minerales del grupo de los feldespatos.",na,na,<0.5,399,9,24,22,49,11,15,18,6,174,82,39,61,<5,<10,<1,<2,2,0.9,<5,7.3,0.1,2.78,3.81,0.6,0.05,1.9,0.02,32.72,0.34,35,258,1.9,94.6,3.13,6.2,3.4,1.1,18,6.3,6.7,1.2,<0.2,0.54,17.9,33.4,9.2,6.7,1.5,0.9,20.2,0.5,4.3,1,3.5
136,21k-RGQ24-017,Rocas,375398,8859144,18,21-k,"GE36A9-T02: MAGMATISMO Y GEOQUÍMICA DEL BATOLITO DE LA COORDILLERA ORIENTAL DEL PERÚ CENTRAL, SU RELACIÓN CON ELEMENTOS ESTRATÉGICOS Y ÁREAS DE INTERÉS PROSPECTIVO",2024,No elaborado,No elaborado,No elaborado,Huánuco,118-2039,INGEMMET,"I, IIa, IIb, III","Roca intrusiva leucócrata  de textura inequigranular de grano medio con ocasionales cristales desarrollados de de FPsK de hasta 1 cm. El cuarzo es hialino y subredondeado (30%), FPsK (25%), PGLs (35%) y máficos (10%).",na,na,<0.5,264,8,23,13,55,15,11,23,6,196,68,41,54,<5,<10,<1,<2,<2,1,<5,7.36,0.2,2.58,3.99,0.58,0.03,1.74,0.04,32.98,0.32,42,232,2.3,96.7,3.75,7.4,4.2,1.1,19.2,8.2,6.3,1.5,<0.2,0.57,17.1,44.2,11.9,8.5,1.3,1.2,20,0.6,2.8,2,4.1
137,21k-RGQ24-018,Rocas,386700,8857317,18,21-k,"GE36A9-T02: MAGMATISMO Y GEOQUÍMICA DEL BATOLITO DE LA COORDILLERA ORIENTAL DEL PERÚ CENTRAL, SU RELACIÓN CON ELEMENTOS ESTRATÉGICOS Y ÁREAS DE INTERÉS PROSPECTIVO",2024,No elaborado,No elaborado,No elaborado,Huánuco,118-2040,INGEMMET,"I, IIa, IIb, III","Roca intrusiva leucócrata, equigranular de grano medio; con anfíbol y biotita. Resalta el color rojizo de los FPsK (30%), también cuarzo hialino (25%), plagioclasas (30%), máficos (15%) y epidota en venillas (10%). Se encontraron enclaves redondeados máficos y venillas aplíticas.",na,na,<0.5,846,6,5,3,66,14,<5,18,7,138,330,52,42,<5,<10,<1,<2,<2,0.7,<5,7.59,1.57,2.66,3.26,0.74,0.06,2.79,0.07,32.04,0.35,27,214,2.5,101.6,0.89,4.8,2.8,1.5,19.5,6.2,5.9,0.9,<0.2,0.44,14.6,42.2,11.8,7.1,1.1,0.8,15.3,0.4,3.6,<1,2.8
138,21k-RGQ24-019,Rocas,389891,8857188,18,21-k,"GE36A9-T02: MAGMATISMO Y GEOQUÍMICA DEL BATOLITO DE LA COORDILLERA ORIENTAL DEL PERÚ CENTRAL, SU RELACIÓN CON ELEMENTOS ESTRATÉGICOS Y ÁREAS DE INTERÉS PROSPECTIVO",2024,No elaborado,No elaborado,No elaborado,Huánuco,118-2041,INGEMMET,"I, IIa, IIb, III","Roca intrusiva leucócrata equigranular de grano medio, con baja proporción de máficos, que en el punto mas alto alcanza hasta un 8%. FPsK (35%), PGLs (35%) y cuarzo (22%).",na,na,<0.5,79,<1,3,<2,63,5,<5,<5,<5,18,57,<10,40,<5,<10,<1,<2,<2,<0.5,<5,7.39,0.12,1.07,0.35,0.44,0.05,5.37,0.02,33.49,0.16,36,289,2.6,102.8,0.12,6.3,3.6,1.7,18.7,7.5,7.3,1.2,<0.2,0.57,17.4,47.2,12.8,8.3,1.1,1,13.3,0.5,2.8,<1,3.8
139,21k-RGQ24-020,Rocas,375398,8859144,18,21-k,"GE36A9-T02: MAGMATISMO Y GEOQUÍMICA DEL BATOLITO DE LA COORDILLERA ORIENTAL DEL PERÚ CENTRAL, SU RELACIÓN CON ELEMENTOS ESTRATÉGICOS Y ÁREAS DE INTERÉS PROSPECTIVO",2024,No elaborado,No elaborado,No elaborado,Huánuco,118-2042,INGEMMET,"I, IIa, IIb, III","Roca intrusiva leucócrata  de textura inequigranular de grano medio con ocasionales cristales desarrollados de de FPsK de hasta 1cm. El cuarzo es hialino y subredondeado (30%), FPsK (25%), PGLs (35%) y máficos (10%).",na,na,<0.5,350,8,21,12,50,16,11,19,7,193,75,40,53,<5,<10,<1,<2,<2,1,<5,7.33,0.17,2.2,3.88,0.54,0.03,1.8,0.04,33.04,0.28,36,228,2.4,86.9,3.56,7.1,4,1.1,18.9,7.8,6,1.4,<0.2,0.52,16,39.9,10.9,7.8,1.2,1.1,20,0.6,2.7,2,3.8
140,22k-RGQ24-013,Rocas,382569,8830975,18,22-k,"GE36A9-T02: MAGMATISMO Y GEOQUÍMICA DEL BATOLITO DE LA COORDILLERA ORIENTAL DEL PERÚ CENTRAL, SU RELACIÓN CON ELEMENTOS ESTRATÉGICOS Y ÁREAS DE INTERÉS PROSPECTIVO",2024,No elaborado,No elaborado,No elaborado,Pasco,118-2043,INGEMMET,"I, IIa, IIb, III","Roca volcánica con textura porfirítica, con fenocristales de cuarzo de hasta 1cm, también plagioclasas; englobados dentro de una matriz afanítica de color gris oscuro a negro.",na,na,<0.5,414,11,37,15,61,13,18,<5,9,147,117,52,37,<5,<10,<1,<2,<2,0.7,<5,7.29,0.54,2.79,3.08,0.88,0.04,2,0.05,31.97,0.37,42,306,2.4,110.1,2.53,7.8,4.2,1.4,19.9,8.9,7.6,1.5,<0.2,0.61,17.4,48.5,13.2,9.1,1.3,1.3,23.1,0.6,3.9,2,4
141,22k-RGQ24-014,Rocas,380237,8824156,18,22-k,"GE36A9-T02: MAGMATISMO Y GEOQUÍMICA DEL BATOLITO DE LA COORDILLERA ORIENTAL DEL PERÚ CENTRAL, SU RELACIÓN CON ELEMENTOS ESTRATÉGICOS Y ÁREAS DE INTERÉS PROSPECTIVO",2024,No elaborado,No elaborado,No elaborado,Pasco,118-2044,INGEMMET,"I, IIa, IIb, III","Roca intrusiva de grano fino a medio, constituida por cristales redondeados de cuarzo (45%), FPsK (22%), PGLs (25%) y ferromagnesianos (8%). Se observa venillas de cuarzo gris y óxidos en fracturas.",na,na,<0.5,146,5,12,8,12,16,6,9,<5,188,46,18,29,<5,<10,<1,<2,<2,0.9,<5,6.66,0.21,1.42,3.59,0.37,0.03,2.26,0.06,34.55,0.14,23,114,1.9,32.6,4.02,3.8,2.3,0.5,16.5,3.2,3.4,0.8,<0.2,0.37,10.5,15.2,4.1,3.6,1.4,0.6,8.8,0.4,2.8,2,2.6
142,22l-RGQ24-043,Rocas,396222,8821764,18,22-l,"GE36A9-T02: MAGMATISMO Y GEOQUÍMICA DEL BATOLITO DE LA COORDILLERA ORIENTAL DEL PERÚ CENTRAL, SU RELACIÓN CON ELEMENTOS ESTRATÉGICOS Y ÁREAS DE INTERÉS PROSPECTIVO",2024,No elaborado,No elaborado,No elaborado,Pasco,118-2045,INGEMMET,"I, IIa, IIb, III","Sienogranito porfídico, con megacristales de feldespato potásico rosado y máficos de hasta 10%. Cuarzo (40%), FPsK (35%), PGLs (10%).",na,na,<0.5,383,5,4,<2,48,9,<5,7,<5,125,242,34,29,<5,<10,<1,<2,<2,0.6,<5,6.92,1.4,1.8,2.68,0.44,0.05,2.51,0.04,33.63,0.21,29,193,2.8,75.5,0.85,4.5,2.7,1,17.2,5,4.9,0.9,<0.2,0.45,16.8,30.2,8.7,5.5,1.5,0.7,30,0.4,5.3,<1,3
143,22l-RGQ24-044,Rocas,397457,8822311,18,22-l,"GE36A9-T02: MAGMATISMO Y GEOQUÍMICA DEL BATOLITO DE LA COORDILLERA ORIENTAL DEL PERÚ CENTRAL, SU RELACIÓN CON ELEMENTOS ESTRATÉGICOS Y ÁREAS DE INTERÉS PROSPECTIVO",2024,No elaborado,No elaborado,No elaborado,Pasco,118-2046,INGEMMET,"I, IIa, IIb, III","Roca intrusiva porfirítica, granítica; muy meteorizada, con megacristales de FPsK de hasta 4 cm y también cuarzo.",na,na,<0.5,525,7,4,3,59,17,<5,6,7,132,266,47,39,<5,<10,<1,<2,<2,0.6,<5,7.69,1.89,2.2,2.82,0.44,0.06,2.55,0.05,32.62,0.28,33,242,2.7,98.6,1.33,5.6,3.3,1.3,19.1,6.4,5.7,1.1,<0.2,0.56,19,39.3,11.2,7.3,1.7,0.9,23.2,0.5,5.3,<1,3.6
144,22l-RGQ24-045,Rocas,402196,8824082,18,22-l,"GE36A9-T02: MAGMATISMO Y GEOQUÍMICA DEL BATOLITO DE LA COORDILLERA ORIENTAL DEL PERÚ CENTRAL, SU RELACIÓN CON ELEMENTOS ESTRATÉGICOS Y ÁREAS DE INTERÉS PROSPECTIVO",2024,No elaborado,No elaborado,No elaborado,Pasco,118-2047,INGEMMET,"I, IIa, IIb, III","Roca intrusiva de grano grueso, inequigranular; con máficos en hasta 10%.",na,na,<0.5,303,6,3,7,14,9,<5,13,7,25,217,34,45,<5,<10,<1,<2,<2,<0.5,<5,6.91,2.14,1.93,0.57,0.43,0.05,2.59,0.02,34.39,0.14,6,129,2.1,18.3,0.75,1.1,0.7,0.6,13,1.2,2.6,0.2,<0.2,<0.15,3.3,6.6,1.9,1.1,<0.5,0.2,3.9,<0.1,1.4,<1,0.8
145,22l-RGQ24-046,Rocas,404474,8822004,18,22-l,"GE36A9-T02: MAGMATISMO Y GEOQUÍMICA DEL BATOLITO DE LA COORDILLERA ORIENTAL DEL PERÚ CENTRAL, SU RELACIÓN CON ELEMENTOS ESTRATÉGICOS Y ÁREAS DE INTERÉS PROSPECTIVO",2024,No elaborado,No elaborado,No elaborado,Pasco,118-2048,INGEMMET,"I, IIa, IIb, III","Granito rico en cuarzo con deformación milonítica, fuertemente deformado, los ferromagnesianos se hallan alterados a clorita, posiblemente anfíbol. Cz (55%), FPsK (25%), ANFs (5%) y PGLs (20%).",na,na,<0.5,277,4,3,20,10,5,<5,8,8,43,309,39,22,<5,<10,<1,<2,<2,<0.5,<5,7.23,3.25,2.07,0.79,0.26,0.04,2.6,0.02,32.48,0.15,9,97,1.7,15.2,1.07,1.5,1.1,0.7,15.5,1.6,2.1,0.3,<0.2,0.18,3.2,7.2,1.9,1.5,<0.5,0.2,3.9,0.1,1.5,<1,1.1
146,22l-RGQ24-047,Rocas,406567,8823839,18,22-l,"GE36A9-T02: MAGMATISMO Y GEOQUÍMICA DEL BATOLITO DE LA COORDILLERA ORIENTAL DEL PERÚ CENTRAL, SU RELACIÓN CON ELEMENTOS ESTRATÉGICOS Y ÁREAS DE INTERÉS PROSPECTIVO",2024,No elaborado,No elaborado,No elaborado,Pasco,118-2049,INGEMMET,"I, IIa, IIb, III","Roca intrusiva leucócrata, inequigranular de grano medio a grueso; con cristales de anfíbol y biotita. Sus componentes son cuarzo (25%), PGLs(40%), FPsK (15%) y ferromagnesianos (20%).",na,na,<0.5,152,30,43,47,10,9,12,<5,39,30,231,252,75,5,<10,<1,<2,<2,<0.5,<5,8.44,5.8,6.68,0.64,2.51,0.12,1.58,0.04,25.6,0.42,20,58,1,18.6,0.94,3.4,2.3,0.8,17.5,3.2,1.4,0.7,<0.2,0.31,2,10.7,2.5,2.7,<0.5,0.5,3.2,0.3,1.1,<1,2.2
147,22l-RGQ24-048,Rocas,415079,8822282,18,22-l,"GE36A9-T02: MAGMATISMO Y GEOQUÍMICA DEL BATOLITO DE LA COORDILLERA ORIENTAL DEL PERÚ CENTRAL, SU RELACIÓN CON ELEMENTOS ESTRATÉGICOS Y ÁREAS DE INTERÉS PROSPECTIVO",2024,No elaborado,No elaborado,No elaborado,Pasco,118-2050,INGEMMET,"I, IIa, IIb, III","Roca intrusiva leucócrata, inequigranular de grano medio a grueso; con cristales de anfíbol y biotita. Sus componentes son cuarzo (25%), PGLs(40%), FPsK (15%) y ferromagnesianos (20%).",na,na,<0.5,391,26,56,91,11,19,27,<5,23,46,354,193,76,<5,<10,<1,<2,<2,<0.5,<5,8.82,5.22,5.6,0.81,2.29,0.09,2.16,0.05,26.33,0.42,13,54,1.3,26.2,2.61,2.6,1.5,0.9,20.6,2.8,1.7,0.5,<0.2,0.22,2.9,13.4,3.4,2.7,<0.5,0.4,4.2,0.2,1.2,<1,1.6
148,22l-RGQ24-049,Rocas,394549,8811750,18,22-l,"GE36A9-T02: MAGMATISMO Y GEOQUÍMICA DEL BATOLITO DE LA COORDILLERA ORIENTAL DEL PERÚ CENTRAL, SU RELACIÓN CON ELEMENTOS ESTRATÉGICOS Y ÁREAS DE INTERÉS PROSPECTIVO",2024,No elaborado,No elaborado,No elaborado,Pasco,118-2051,INGEMMET,"I, IIa, IIb, III","Sienogranito rosado, con fenocristales de cuarzo y FPsK. Ïndice leucócrata, textura inequigranular de grano grueso a muy grueso. Cuarzo (35%), FPsK (45%), PGLs (15%) y ferromagnesianos (5%).",na,na,<0.5,55,1,3,11,6,3,<5,<5,<5,273,29,<10,11,<5,<10,<1,<2,<2,1.3,<5,6.36,0.15,0.45,3.98,0.06,0.01,2.39,<0.01,35.6,0.07,51,124,3.1,82.6,2.66,7.4,5,0.4,18.1,5,4.5,1.7,<0.2,0.91,20.4,17.3,5,4.4,2.4,0.9,35,0.8,7.7,2,6
149,22l-RGQ24-051,Rocas,402675,8809413,18,22-l,"GE36A9-T02: MAGMATISMO Y GEOQUÍMICA DEL BATOLITO DE LA COORDILLERA ORIENTAL DEL PERÚ CENTRAL, SU RELACIÓN CON ELEMENTOS ESTRATÉGICOS Y ÁREAS DE INTERÉS PROSPECTIVO",2024,No elaborado,No elaborado,No elaborado,Pasco,118-2052,INGEMMET,"I, IIa, IIb, III","Sienogranito rosado, leucócrata e inequigranular de grano grueso. Afloramiento fuertemente diaclasado. Cuarzo (35%), FPsK (35%), PGLs(25%), máficos (5%).",na,na,<0.5,45,1,3,<2,38,5,<5,9,<5,206,46,<10,3,<5,<10,<1,<2,<2,0.7,<5,6.71,0.49,0.57,3.89,0.06,0.03,2.52,<0.01,34.75,0.07,14,78,2.5,58.2,1.99,2.1,1.6,0.3,15.5,2.2,2.8,0.5,<0.2,0.37,21,17.4,5.9,2.4,1.9,0.3,31.2,0.2,7.8,<1,2.2
150,22l-RGQ24-052,Rocas,404370,8810427,18,22-l,"GE36A9-T02: MAGMATISMO Y GEOQUÍMICA DEL BATOLITO DE LA COORDILLERA ORIENTAL DEL PERÚ CENTRAL, SU RELACIÓN CON ELEMENTOS ESTRATÉGICOS Y ÁREAS DE INTERÉS PROSPECTIVO",2024,No elaborado,No elaborado,No elaborado,Pasco,118-2053,INGEMMET,"I, IIa, IIb, III","Monzogranito rico en cristales de cuarzo (55%), PGLs (25%), FPsK (15%) y máficos (3%). Inequigranular, grano grueso. Posiblemente familia de los granitos de Quiparacra.",na,na,<0.5,183,2,3,2,34,8,<5,15,<5,162,173,19,24,<5,<10,<1,<2,<2,0.9,<5,7.13,1.25,1,3.23,0.2,0.03,2.43,0.02,33.67,0.11,12,86,2.4,60.4,1.97,2.2,1.4,0.7,14.8,2.6,2.2,0.5,<0.2,0.25,7.8,19.5,6.3,2.8,0.9,0.4,30.9,0.2,4.6,<1,1.8
151,22l-RGQ24-053,Rocas,396463,8801512,18,22-l,"GE36A9-T02: MAGMATISMO Y GEOQUÍMICA DEL BATOLITO DE LA COORDILLERA ORIENTAL DEL PERÚ CENTRAL, SU RELACIÓN CON ELEMENTOS ESTRATÉGICOS Y ÁREAS DE INTERÉS PROSPECTIVO",2024,No elaborado,No elaborado,No elaborado,Pasco,118-2054,INGEMMET,"I, IIa, IIb, III","Granito leucócrata rico en cuarzo, inequigranular de grano grueso, con cristales de cuarzo de hasta 7mm. Cuarzo (50%), FPsK (25%), PGLs(20%), máficos (5%); aparentes trazas de moscovita.",na,na,<0.5,186,4,6,3,17,6,<5,<5,<5,155,102,13,17,<5,<10,<1,2,<2,0.9,<5,6.94,0.19,1.34,3.52,0.14,0.04,2.24,0.07,34.31,0.13,32,136,2.4,53.1,4.14,5.5,3.2,0.8,18.5,4.9,3.9,1.1,<0.2,0.46,13.7,22.1,6.3,4.8,1.4,0.8,12.8,0.5,8.4,2,3.1
152,22l-RGQ24-053A,Rocas,402867,8804935,18,22-l,"GE36A9-T02: MAGMATISMO Y GEOQUÍMICA DEL BATOLITO DE LA COORDILLERA ORIENTAL DEL PERÚ CENTRAL, SU RELACIÓN CON ELEMENTOS ESTRATÉGICOS Y ÁREAS DE INTERÉS PROSPECTIVO",2024,No elaborado,No elaborado,No elaborado,Pasco,118-2055,INGEMMET,"I, IIa, IIb, III","Roca intrusiva de grano medio, equigranular; con cristales de biotita (20%), FPsK (20%), PLGs (30%), cuarzo (30%).",na,na,<0.5,429,15,43,4,38,27,14,8,16,92,236,106,64,<5,<10,<1,<2,<2,0.6,<5,8.39,3.46,3.54,1.99,1.52,0.07,2.14,0.05,29.36,0.36,21,168,2.2,64.3,2.76,4.2,2.5,1.1,19.5,4.8,4,0.8,<0.2,0.35,11.1,28.2,7.7,5.4,0.9,0.7,12.4,0.3,2.9,<1,2.3
153,22l-RGQ24-054,Rocas,406112,8805637,18,22-l,"GE36A9-T02: MAGMATISMO Y GEOQUÍMICA DEL BATOLITO DE LA COORDILLERA ORIENTAL DEL PERÚ CENTRAL, SU RELACIÓN CON ELEMENTOS ESTRATÉGICOS Y ÁREAS DE INTERÉS PROSPECTIVO",2024,No elaborado,No elaborado,No elaborado,Pasco,118-2056,INGEMMET,"I, IIa, IIb, III","Roca intrusiva de textura inequigranular de grano grueso, con cristales desarrollados de feldespato potásico y tonalidades rosadas. Posible tufisitas.",na,na,<0.5,442,<1,4,4,28,14,<5,18,<5,177,118,11,24,<5,<10,<1,<2,<2,0.9,<5,6.63,0.94,0.88,3.59,0.14,0.03,2.32,0.02,34.75,0.1,23,129,2.4,57.6,2.11,3.5,2.4,0.7,15.4,3.9,3.3,0.8,<0.2,0.43,15.8,23.5,6.7,4.4,1.6,0.6,24.5,0.3,5,2,2.8
154,22l-RGQ24-055,Rocas,408332,8807585,18,22-l,"GE36A9-T02: MAGMATISMO Y GEOQUÍMICA DEL BATOLITO DE LA COORDILLERA ORIENTAL DEL PERÚ CENTRAL, SU RELACIÓN CON ELEMENTOS ESTRATÉGICOS Y ÁREAS DE INTERÉS PROSPECTIVO",2024,No elaborado,No elaborado,No elaborado,Pasco,118-2057,INGEMMET,"I, IIa, IIb, III","Roca intrusiva leucócrata, félsica. Textura granosa, inequigranular de grano fino a medio; constituida por cristales de cuarzo (25%), PGLs (35%), FPsK (30%) y máficos (10%).",na,na,<0.5,1217,9,17,4,110,25,7,6,14,131,372,74,43,<5,<10,<1,<2,<2,0.5,<5,7.95,2.3,3.55,2.83,1.01,0.05,2.85,0.08,30.61,0.44,40,354,2.6,181.9,2.46,7.5,3.9,2.8,23.3,11.3,9.7,1.4,<0.2,0.57,19.1,80.7,21.6,13.1,1.3,1.3,18.5,0.5,3.9,<1,4
155,22l-RGQ24-056,Rocas,401672,8799924,18,22-l,"GE36A9-T02: MAGMATISMO Y GEOQUÍMICA DEL BATOLITO DE LA COORDILLERA ORIENTAL DEL PERÚ CENTRAL, SU RELACIÓN CON ELEMENTOS ESTRATÉGICOS Y ÁREAS DE INTERÉS PROSPECTIVO",2024,No elaborado,No elaborado,No elaborado,Pasco,118-2058,INGEMMET,"I, IIa, IIb, III","Monzogranito leucócrata, inequigranular de grano medio a grueso, con leve alteración. Algunos cristales desarrollados de FPsK de hasta 1 cm. FPsK (35%), cuarzo (25%), PGLs (35%), máficos 5%).",na,na,<0.5,396,7,12,2,34,24,6,18,9,109,209,53,52,<5,<10,<1,<2,<2,0.6,<5,7.12,1.38,2.49,2.79,0.63,0.05,2.11,0.08,32.62,0.25,26,149,3.7,61.7,1.24,4.9,2.6,1.3,19.7,5.7,4.1,1,<0.2,0.37,14.5,25.3,7.6,5.9,1,1,11.3,0.4,2,<1,2.5
156,22l-RGQ24-057,Rocas,412723,8801251,18,22-l,"GE36A9-T02: MAGMATISMO Y GEOQUÍMICA DEL BATOLITO DE LA COORDILLERA ORIENTAL DEL PERÚ CENTRAL, SU RELACIÓN CON ELEMENTOS ESTRATÉGICOS Y ÁREAS DE INTERÉS PROSPECTIVO",2024,No elaborado,No elaborado,No elaborado,Junín,118-2059,INGEMMET,"I, IIa, IIb, III","Roca intrusiva leucócrata - mesócrata, inequigranular de grano grueso, con cristales de anfíbol (25%), biotita (5%). EL cuarzo aparece restringido (5%), FPsK (30%), PGLs (25%).",na,na,<0.5,475,16,14,12,31,15,6,<5,23,52,801,147,95,7,<10,<1,<2,<2,<0.5,<5,9.48,5.92,5.47,1.14,1.83,0.12,2.12,0.24,24.36,0.85,24,645,1.6,71.4,1.03,5.2,2.8,2.5,24.1,7,11,1,<0.2,0.37,8,32.8,8.9,8.5,<0.5,1.2,5.8,0.4,1.3,<1,2.9
157,22l-RGQ24-058,Rocas,412723,8801251,18,22-l,"GE36A9-T02: MAGMATISMO Y GEOQUÍMICA DEL BATOLITO DE LA COORDILLERA ORIENTAL DEL PERÚ CENTRAL, SU RELACIÓN CON ELEMENTOS ESTRATÉGICOS Y ÁREAS DE INTERÉS PROSPECTIVO",2024,No elaborado,No elaborado,No elaborado,Junín,118-2060,INGEMMET,"I, IIa, IIb, III","Roca ígnea hipoabisal verdsosa, de grano fino a medio. Cuarzo redondeado (15%), FPsK (25%), PGLs (35%); matriz de grano fino cz-FPsK (15%) y máficos (5%).",na,na,<0.5,319,4,14,4,37,14,6,<5,6,128,91,28,37,8,<10,<1,<2,<2,0.6,<5,7.23,1.69,2.01,2.37,0.43,0.03,2.34,0.02,32.09,0.22,32,209,2.7,72.7,2.54,5.6,3,1,19.9,5.8,5.9,1,<0.2,0.37,9.2,26.4,8.3,6,0.7,1,12.9,0.5,3.5,1,2.9
158,22l-RGQ24-059,Rocas,415167,8802755,18,22-l,"GE36A9-T02: MAGMATISMO Y GEOQUÍMICA DEL BATOLITO DE LA COORDILLERA ORIENTAL DEL PERÚ CENTRAL, SU RELACIÓN CON ELEMENTOS ESTRATÉGICOS Y ÁREAS DE INTERÉS PROSPECTIVO",2024,No elaborado,No elaborado,No elaborado,Junín,118-2061,INGEMMET,"I, IIa, IIb, III","Monzogranito rico en cristales de cuarzo de hasta 7 mm. Índice de color leucócrata y baja proporción de máficos. Cuarzo (45%), FPsK (20%), PGLs (25%), máficos (10%).",na,na,<0.5,214,4,3,<2,29,9,<5,<5,7,61,265,33,17,<5,<10,<1,<2,<2,<0.5,<5,7.05,1.38,1.84,1.46,0.58,0.03,2.49,0.05,33.68,0.2,22,131,1.5,49.3,0.75,3,1.8,1,17.6,3.7,3.2,0.7,<0.2,0.3,8.6,16.8,5.2,4.1,0.6,0.6,9.7,0.4,2.4,0,1.9
159,22l-RGQ24-060,Rocas,409136,8800145,18,22-l,"GE36A9-T02: MAGMATISMO Y GEOQUÍMICA DEL BATOLITO DE LA COORDILLERA ORIENTAL DEL PERÚ CENTRAL, SU RELACIÓN CON ELEMENTOS ESTRATÉGICOS Y ÁREAS DE INTERÉS PROSPECTIVO",2024,No elaborado,No elaborado,No elaborado,Pasco,118-2062,INGEMMET,"I, IIa, IIb, III","Roca intrusiva leucócrata - mesócrata, inequigranular de grano grueso, con cristales de anfíbol (25%), biotita (5%). EL cuarzo aparece restringido (5%), FPsK (30%), PGLs (25%).",na,na,<0.5,437,17,16,9,30,14,<5,<5,23,50,780,154,95,7,<10,<1,<2,<2,<0.5,<5,9.6,6.03,5.7,1.08,1.9,0.12,2.1,0.23,24.13,0.87,24,419,1.6,64.5,1.09,5.8,2.9,2.5,24.8,7.5,7.3,1.1,<0.2,0.36,7,33.2,8.7,8.1,<0.5,1.2,4.4,0.4,1.2,<1,2.9
160,22l-RGQ24-061,Rocas,414039,8786205,18,22-l,"GE36A9-T02: MAGMATISMO Y GEOQUÍMICA DEL BATOLITO DE LA COORDILLERA ORIENTAL DEL PERÚ CENTRAL, SU RELACIÓN CON ELEMENTOS ESTRATÉGICOS Y ÁREAS DE INTERÉS PROSPECTIVO",2024,No elaborado,No elaborado,No elaborado,Junín,118-2063,INGEMMET,"I, IIa, IIb, III","Sienogranito con feldespatos rosados, inequigranular de grano medio a grueso, leucócrata. Cuarzo (35%), FPsK (45%), PGLs (15%), máficos (5%).",na,na,<0.5,60,2,3,<2,19,10,<5,5,<5,211,25,<10,10,<5,<10,<1,<2,<2,1.1,<5,5.95,0.18,0.89,3.23,0.15,0.03,2.23,0.02,35.96,0.08,45,89,2.8,67.7,1.77,6.4,4.7,0.4,15.7,5.6,3.2,1.4,<0.2,0.63,20.4,23.7,7.9,6,2,1.1,31,0.8,6.6,1,4.9
161,22l-RGQ24-062,Rocas,417809,8784752,18,22-l,"GE36A9-T02: MAGMATISMO Y GEOQUÍMICA DEL BATOLITO DE LA COORDILLERA ORIENTAL DEL PERÚ CENTRAL, SU RELACIÓN CON ELEMENTOS ESTRATÉGICOS Y ÁREAS DE INTERÉS PROSPECTIVO",2024,No elaborado,No elaborado,No elaborado,Junín,118-2064,INGEMMET,"I, IIa, IIb, III","Sienogranito leucocrático, inequigranular de grano grueso; moderadamente alterado por meteorización. Presenta cristales de feldespato potásico rosado. Cz (35%), FPsK (45%), PGLs (15%), máficos (5%).",na,na,<0.5,117,1,2,<2,35,7,<5,<5,<5,225,92,<10,3,<5,<10,<1,<2,<2,1,<5,6.42,0.18,0.56,3.61,0.15,<0.01,2.37,<0.01,35.4,0.08,16,95,3.3,67.3,2.81,2.9,1.9,0.5,16.1,3.7,2.6,0.7,<0.2,0.36,18.8,19.5,6.9,3.6,1.5,0.6,25.8,0.3,5.2,1,2.1
162,22l-RGQ24-063,Rocas,420799,8784954,18,22-l,"GE36A9-T02: MAGMATISMO Y GEOQUÍMICA DEL BATOLITO DE LA COORDILLERA ORIENTAL DEL PERÚ CENTRAL, SU RELACIÓN CON ELEMENTOS ESTRATÉGICOS Y ÁREAS DE INTERÉS PROSPECTIVO",2024,No elaborado,No elaborado,No elaborado,Junín,118-2065,INGEMMET,"I, IIa, IIb, III","Leucogranito de grano medio a grueso, posiblemente cortando a sienogranitos. Cuarzo (35%), PGLs (40%), FPsK (18%) y máficos (2%).",na,na,<0.5,35,<1,1,2,3,4,<5,14,<5,298,25,<10,<1,<5,<10,<1,<2,<2,1.5,<5,6.13,0.13,0.32,3.65,0.04,0.01,2.42,<0.01,35.73,0.04,48,50,4.2,29.2,1.65,7.8,4.7,0.1,17.8,3.9,2.8,1.5,<0.2,0.73,33.3,10.8,3.5,4,3.2,0.9,12.5,0.7,10.7,2,5.1
163,22m-RGQ24-004,Rocas,448920,8812970,18,22-m,"GE36A9-T02: MAGMATISMO Y GEOQUÍMICA DEL BATOLITO DE LA COORDILLERA ORIENTAL DEL PERÚ CENTRAL, SU RELACIÓN CON ELEMENTOS ESTRATÉGICOS Y ÁREAS DE INTERÉS PROSPECTIVO",2024,No elaborado,No elaborado,No elaborado,Pasco,118-2066,INGEMMET,"I, IIa, IIb, III","Sienogranito rosado de grano grueso, inequigranular. Con máficos hasta 3%. Cuarzo (40%), FPsK (45%), PGLs (12%).",na,na,<0.5,231,<1,1,2,17,<2,<5,<5,<5,122,33,<10,<1,<5,<10,<1,<2,<2,<0.5,<5,5.82,0.63,0.36,3.4,0.04,<0.01,2.53,<0.01,35.5,0.08,12,85,0.9,42.7,1.47,1.9,1.1,0.5,15.4,2.2,3.4,0.4,<0.2,0.22,4.7,12.4,4.2,2.7,<0.5,0.4,10.9,0.2,1.9,<1,1.4
164,22m-RGQ24-005,Rocas,450468,8818600,18,22-m,"GE36A9-T02: MAGMATISMO Y GEOQUÍMICA DEL BATOLITO DE LA COORDILLERA ORIENTAL DEL PERÚ CENTRAL, SU RELACIÓN CON ELEMENTOS ESTRATÉGICOS Y ÁREAS DE INTERÉS PROSPECTIVO",2024,No elaborado,No elaborado,No elaborado,Pasco,118-2067,INGEMMET,"I, IIa, IIb, III","Roca intrusiva leucócrata, de grano grueso, relativamente equigranular. Algunos feldespatos son de color rosado, cuarzo individual y por sectores agrupado, las plagioclasas son blancas. Cuarzo (25%), FPsK (25%), PGLs(35%) y ferromagnesianos (15%). Se reconoce textura Antirapakivi.",na,na,<0.5,583,5,4,8,54,17,<5,<5,9,56,275,60,25,<5,<10,<1,<2,<2,<0.5,<5,7.57,1.87,3.29,1.58,0.92,0.05,3.37,0.2,30.95,0.67,66,444,1.4,130.1,1.19,11.6,6.9,2.9,20.6,13.5,10.7,2.4,<0.2,0.85,14.9,62.6,17.9,14.7,0.9,2.3,14.9,1,3.9,<1,6.4
165,22m-RGQ24-006,Rocas,449915,8824610,18,22-m,"GE36A9-T02: MAGMATISMO Y GEOQUÍMICA DEL BATOLITO DE LA COORDILLERA ORIENTAL DEL PERÚ CENTRAL, SU RELACIÓN CON ELEMENTOS ESTRATÉGICOS Y ÁREAS DE INTERÉS PROSPECTIVO",2024,No elaborado,No elaborado,No elaborado,Pasco,118-2068,INGEMMET,"I, IIa, IIb, III","Toba de cristales gris rosada, con cristales redondeados de cuarzo, dentro de una matriz rosada de grano fino, posiblemente composición dacítica.",na,na,2,210,2,2,34,4,8,<5,50,<5,209,48,<10,13,<5,<10,<1,<2,<2,1.1,<5,7.5,0.07,0.93,4.07,0.11,0.05,1.91,<0.01,33.41,0.13,32,182,3,72.6,4.89,4.6,3.1,0.8,21.3,4.6,5.8,1.1,<0.2,0.53,16.1,21,7.7,4.4,1.3,0.8,21.3,0.5,3.8,2,3.4
166,23l-RGQ24-031,Rocas,419846,8758414,18,23-l,"GE36A9-T02: MAGMATISMO Y GEOQUÍMICA DEL BATOLITO DE LA COORDILLERA ORIENTAL DEL PERÚ CENTRAL, SU RELACIÓN CON ELEMENTOS ESTRATÉGICOS Y ÁREAS DE INTERÉS PROSPECTIVO",2024,No elaborado,No elaborado,No elaborado,Junín,118-2069,INGEMMET,"I, IIa, IIb, III","Toba cristalolítica, que infrayace a conglomerados. Líticos de hasta 1.5 cm. Cristales de cuarzo dentro de una matriz blanquecina.",na,na,<0.5,73,3,9,<2,7,7,<5,6,5,37,42,22,28,9,<10,<1,<2,<2,<0.5,<5,5.76,0.03,1.68,0.66,0.05,0.06,3.61,0.02,36.7,0.12,28,112,0.8,54.1,2.32,4.6,2.4,0.9,12.5,4.6,3.5,0.9,<0.2,0.35,11.3,20.3,6.4,4.7,0.7,0.8,13.5,0.4,3.4,<1,2.4
167,23l-RGQ24-031A,Rocas,416550,8761408,18,23-l,"GE36A9-T02: MAGMATISMO Y GEOQUÍMICA DEL BATOLITO DE LA COORDILLERA ORIENTAL DEL PERÚ CENTRAL, SU RELACIÓN CON ELEMENTOS ESTRATÉGICOS Y ÁREAS DE INTERÉS PROSPECTIVO",2024,No elaborado,No elaborado,No elaborado,Junín,118-2070,INGEMMET,"I, IIa, IIb, III","Toba cristalolítica, fina; algo silicificada; de color gris a gris verdoso. Inicio del volcanismo Ambo.",na,na,<0.5,229,<1,4,9,42,41,<5,<5,6,45,53,<10,14,6,<10,<1,<2,<2,<0.5,<5,5.64,1.58,1.28,0.79,0.09,0.04,3.56,0.02,34.55,0.11,34,223,1.3,71.7,1.24,5.9,3.5,1.2,15.3,6.3,6.1,1.3,<0.2,0.45,12.4,28.3,8.4,7,0.6,1.2,10.9,0.5,1.9,1,3
168,23l-RGQ24-032,Rocas,437149,8745582,18,23-l,"GE36A9-T02: MAGMATISMO Y GEOQUÍMICA DEL BATOLITO DE LA COORDILLERA ORIENTAL DEL PERÚ CENTRAL, SU RELACIÓN CON ELEMENTOS ESTRATÉGICOS Y ÁREAS DE INTERÉS PROSPECTIVO",2024,No elaborado,No elaborado,No elaborado,Junín,118-2071,INGEMMET,"I, IIa, IIb, III","Sienogranito de grano grueso, con cristales desarrollados de cuarzo y feldespato potásico, además de venillas de especularita.",na,na,<0.5,517,5,4,3,38,8,<5,<5,<5,100,117,22,3,<5,<10,<1,<2,<2,<0.5,<5,7.2,0.24,1.44,3.33,0.85,0.01,2.78,0.05,32.97,0.19,16,199,1.8,104,0.79,3.3,1.9,1.2,19,5.9,5.1,0.6,<0.2,0.3,16,35.3,11.3,6.4,1.1,0.9,26.4,0.3,3.4,<1,2
169,23l-RGQ24-033,Rocas,433107,8755430,18,23-l,"GE36A9-T02: MAGMATISMO Y GEOQUÍMICA DEL BATOLITO DE LA COORDILLERA ORIENTAL DEL PERÚ CENTRAL, SU RELACIÓN CON ELEMENTOS ESTRATÉGICOS Y ÁREAS DE INTERÉS PROSPECTIVO",2024,No elaborado,No elaborado,No elaborado,Junín,118-2072,INGEMMET,"I, IIa, IIb, III","Sienogranito leucócrata, equigranular de grano medio a grueso; con FPsK rosados (47%), cuarzo (35%), PGLs (13%) y máficos alterados a óxidos de hierro (5%).",na,na,<0.5,159,2,2,6,23,7,<5,14,<5,180,38,<10,16,<5,<10,<1,<2,<2,0.9,<5,7.67,0.15,0.9,3.67,0.12,0.03,3.37,<0.01,33.1,0.07,34,303,4.6,79.2,2.57,6.1,3.7,0.4,22.1,5.4,9.9,1.2,<0.2,0.57,19.6,22,7,6.1,1.4,1,27,0.6,7.7,1,4.1
170,23l-RGQ24-034,Rocas,439662,8765649,18,23-l,"GE36A9-T02: MAGMATISMO Y GEOQUÍMICA DEL BATOLITO DE LA COORDILLERA ORIENTAL DEL PERÚ CENTRAL, SU RELACIÓN CON ELEMENTOS ESTRATÉGICOS Y ÁREAS DE INTERÉS PROSPECTIVO",2024,No elaborado,No elaborado,No elaborado,Junín,118-2073,INGEMMET,"I, IIa, IIb, III","Roca intrusiva con alteración de cloritas y venillas de epidota y óxidos. Presenta fenocristales de cuarzo, posiblemente granito rico en cuarzo. El afloramiento está cizallado.",na,na,<0.5,295,15,7,<2,32,32,<5,<5,18,87,403,82,40,14,<10,<1,<2,<2,<0.5,<5,8.33,1.48,4.19,1.67,1.18,0.07,3.31,0.1,29.26,0.35,29,366,2.6,49.7,1.28,5.1,2.8,1.2,21.1,5,8.3,1,<0.2,0.36,12.9,18.7,5.6,5.2,<0.5,0.9,5.5,0.4,1.8,<1,2.6
171,23l-RGQ24-035,Rocas,435717,8759817,18,23-l,"GE36A9-T02: MAGMATISMO Y GEOQUÍMICA DEL BATOLITO DE LA COORDILLERA ORIENTAL DEL PERÚ CENTRAL, SU RELACIÓN CON ELEMENTOS ESTRATÉGICOS Y ÁREAS DE INTERÉS PROSPECTIVO",2024,No elaborado,No elaborado,No elaborado,Junín,118-2074,INGEMMET,"I, IIa, IIb, III","Granito rico en cuarzo, con megacristales de cuarzo y feldespato potásico.",na,na,<0.5,181,4,2,<2,24,11,<5,<5,<5,173,104,25,20,<5,<10,<1,<2,<2,0.7,<5,6.77,0.33,1.74,3.51,0.39,0.03,2.15,0.04,34.75,0.18,29,169,2.5,85.4,1.87,4.5,2.6,1,18,5.3,4.9,0.9,<0.2,0.48,18,26.6,9.1,5.9,1.4,0.9,20.9,0.4,4.4,<1,3
172,23l-RGQ24-036,Rocas,436315,8755943,18,23-l,"GE36A9-T02: MAGMATISMO Y GEOQUÍMICA DEL BATOLITO DE LA COORDILLERA ORIENTAL DEL PERÚ CENTRAL, SU RELACIÓN CON ELEMENTOS ESTRATÉGICOS Y ÁREAS DE INTERÉS PROSPECTIVO",2024,No elaborado,No elaborado,No elaborado,Junín,118-2075,INGEMMET,"I, IIa, IIb, III","Granito inequigranular de grano grueso, con fenocristales de cuarzo y feldespato potásico.",na,na,<0.5,334,1,2,3,37,11,<5,<5,<5,185,147,18,11,6,<10,<1,<2,<2,0.8,<5,6.63,1.55,1.31,3.77,0.34,0.04,2.16,0.03,33.62,0.15,29,228,2.8,64.6,2.39,4,2.6,0.8,16.9,4.4,6.6,0.8,<0.2,0.49,15.8,21.8,7.2,5.2,1,0.8,25.1,0.5,7.4,1,2.9
173,23l-RGQ24-037,Rocas,435383,8753824,18,23-l,"GE36A9-T02: MAGMATISMO Y GEOQUÍMICA DEL BATOLITO DE LA COORDILLERA ORIENTAL DEL PERÚ CENTRAL, SU RELACIÓN CON ELEMENTOS ESTRATÉGICOS Y ÁREAS DE INTERÉS PROSPECTIVO",2024,No elaborado,No elaborado,No elaborado,Junín,118-2076,INGEMMET,"I, IIa, IIb, III","Roca piroclástica félsica, de grano fino; con aparentes fiames. Cuarzo dentro de un matriz de ceniza, eventualmente biotita (1%) que se notan oxidadas. Posiblemente se trate de un depósito de caída.",na,na,<0.5,82,<1,1,9,15,5,<5,<5,<5,183,33,<10,3,<5,<10,<1,<2,<2,1,<5,7.74,0.01,0.45,4.77,0.07,0.01,2.49,0.02,34.45,0.06,23,163,2.1,81,1.97,4.2,3.1,0.5,18.8,5.4,4.9,0.8,<0.2,0.45,23,24.8,8.5,5.8,1.6,0.9,19.6,0.4,4.4,<1,3
174,23l-RGQ24-038,Rocas,439347,8751122,18,23-l,"GE36A9-T02: MAGMATISMO Y GEOQUÍMICA DEL BATOLITO DE LA COORDILLERA ORIENTAL DEL PERÚ CENTRAL, SU RELACIÓN CON ELEMENTOS ESTRATÉGICOS Y ÁREAS DE INTERÉS PROSPECTIVO",2024,No elaborado,No elaborado,No elaborado,Junín,118-2077,INGEMMET,"I, IIa, IIb, III","Roca intrusiva leucócrata e inequigranular de grano grueso. Cristales desarrollados de FPsK de hasta 1 cm, estos son verdosos y opacos, posiblemente por alteración a cloritas o de la especie Amazonita. Cuarzo (40%), FPsK (40%), PGLs (15%), máficos (5%).",na,na,<0.5,361,5,4,<2,77,13,<5,<5,<5,173,138,46,19,<5,<10,<1,<2,<2,0.7,<5,6.93,0.54,2.31,4.09,0.52,0.07,2.02,0.09,33.18,0.4,55,444,2.7,133.9,2.63,8.3,5.2,1.5,18.1,9,12.3,1.7,<0.2,0.94,40.1,42.1,13.8,9.3,3.4,1.6,40.3,0.8,6.9,<1,6.6
175,23l-RGQ24-039,Rocas,439114,8746938,18,23-l,"GE36A9-T02: MAGMATISMO Y GEOQUÍMICA DEL BATOLITO DE LA COORDILLERA ORIENTAL DEL PERÚ CENTRAL, SU RELACIÓN CON ELEMENTOS ESTRATÉGICOS Y ÁREAS DE INTERÉS PROSPECTIVO",2024,No elaborado,No elaborado,No elaborado,Junín,118-2078,INGEMMET,"I, IIa, IIb, III","Roca intrusiva leucócrata, inequigranular de grano grueso. Cristales desarrollados de hasta 1 cm de FPsK, algo rosados. Feldespatos son verdosos y opacos, posiblemente alterados a clorita o de la especie amazonita. Cuarzo (40%), FPsK (40%), PGLs (15%) y máficos (5%)",na,na,<0.5,331,4,2,4,37,12,<5,6,<5,171,124,19,13,16,<10,<1,<2,<2,0.8,<5,6.4,0.89,1.07,3.6,0.34,0.03,2.3,0.02,33.85,0.15,20,113,2.2,59,1.79,3.2,2.1,0.7,15.6,3.8,3.1,0.7,<0.2,0.39,12.2,19.5,6.5,4.1,1.2,0.7,23.9,0.3,3.5,1,2.5
176,23l-RGQ24-040,Rocas,439272,8744256,18,23-l,"GE36A9-T02: MAGMATISMO Y GEOQUÍMICA DEL BATOLITO DE LA COORDILLERA ORIENTAL DEL PERÚ CENTRAL, SU RELACIÓN CON ELEMENTOS ESTRATÉGICOS Y ÁREAS DE INTERÉS PROSPECTIVO",2024,No elaborado,No elaborado,No elaborado,Junín,118-2079,INGEMMET,"I, IIa, IIb, III","Roca intrusiva leucócrata de textura porfirítica. Cristales desarrollados de PGLs y FPsK (<5 mm). Máficos acumulados, todo dentro de una matriz de cz-FP. Cuarzo (30%), PGLs (35%), FPsK (20%) y máficos (15%). Se advierte la presencia de enclaves microgranulares.",na,na,<0.5,359,7,24,6,39,19,13,<5,7,136,134,44,58,<5,<10,<1,<2,<2,0.5,<5,6.96,1.35,2.77,3.19,0.87,0.05,2.75,0.07,31.53,0.31,36,215,3.1,77.5,2.04,5.2,3.2,1.3,21.7,6.6,6,1.1,<0.2,0.45,12.2,30.3,9.3,6.8,0.8,1.1,11.2,0.5,3,1,3.2
177,23l-RGQ24-040A,Rocas,438979,8745097,18,23-l,"GE36A9-T02: MAGMATISMO Y GEOQUÍMICA DEL BATOLITO DE LA COORDILLERA ORIENTAL DEL PERÚ CENTRAL, SU RELACIÓN CON ELEMENTOS ESTRATÉGICOS Y ÁREAS DE INTERÉS PROSPECTIVO",2024,No elaborado,No elaborado,No elaborado,Junín,118-2080,INGEMMET,"I, IIa, IIb, III",Roca piroclástica con fenocristales de cuarzo redondeado y  plagioclasas tabulares. Se tratad e una toba de cristales de composición dacítica.,na,na,<0.5,214,1,3,3,31,13,<5,<5,<5,161,94,<10,21,<5,<10,<1,<2,<2,0.8,<5,6.21,0.13,1.53,4.56,0.23,0.05,1.9,0.01,35.14,0.1,24,176,2.3,54.2,2.14,3.9,2.7,0.5,19.7,3.9,5.2,0.8,<0.2,0.38,16.5,17.4,6.2,4,1.3,0.8,14.9,0.4,3.7,<1,2.5
178,23l-RGQ24-041,Rocas,410639,8770870,18,23-l,"GE36A9-T02: MAGMATISMO Y GEOQUÍMICA DEL BATOLITO DE LA COORDILLERA ORIENTAL DEL PERÚ CENTRAL, SU RELACIÓN CON ELEMENTOS ESTRATÉGICOS Y ÁREAS DE INTERÉS PROSPECTIVO",2024,No elaborado,No elaborado,No elaborado,Junín,118-2081,INGEMMET,"I, IIa, IIb, III","Monzogranito leucócrata, inequigranular de grano medio a grueso, con cristales desarrollados de hasta 2cm (ocasionalmente) de feldespato potásico blanquecino. Cuarzo (30%), FPsK (30%), PGLs (30%), máficos (10%).",na,na,<0.5,225,6,13,6,32,53,10,19,7,189,155,43,41,<5,<10,<1,<2,<2,0.9,<5,6.91,1.08,2.31,3.39,0.58,0.06,2.19,0.1,32.73,0.26,29,165,3.5,60.6,5.34,5,2.3,0.8,18.9,5.2,4.2,0.9,<0.2,0.33,19.4,22.2,7.1,4.7,1.5,0.8,11.7,0.3,4.1,<1,2.6
179,23l-RGQ24-042,Rocas,413275,8771583,18,23-l,"GE36A9-T02: MAGMATISMO Y GEOQUÍMICA DEL BATOLITO DE LA COORDILLERA ORIENTAL DEL PERÚ CENTRAL, SU RELACIÓN CON ELEMENTOS ESTRATÉGICOS Y ÁREAS DE INTERÉS PROSPECTIVO",2024,No elaborado,No elaborado,No elaborado,Junín,118-2082,INGEMMET,"I, IIa, IIb, III","Monzogranito leucócrata, inequigranular de grano medio a grueso, con cristales desarrollados de hasta 2cm (ocasionalmente) de feldespato potásico blanquecino. Cuarzo (30%), FPsK (30%), PGLs (30%), máficos (10%).",na,na,<0.5,170,4,8,7,27,27,7,19,<5,141,216,26,38,<5,<10,<1,<2,<2,0.7,<5,6.98,1.01,1.7,2.75,0.44,0.05,2.45,0.06,34.06,0.19,19,114,2.4,54.7,4.19,3.8,1.9,0.7,18.2,4.1,3,0.7,<0.2,0.27,15.8,19.7,6,4.9,1.2,0.7,11.3,0.4,2.2,<1,1.9
180,23l-RGQ24-043,Rocas,416303,8773585,18,23-l,"GE36A9-T02: MAGMATISMO Y GEOQUÍMICA DEL BATOLITO DE LA COORDILLERA ORIENTAL DEL PERÚ CENTRAL, SU RELACIÓN CON ELEMENTOS ESTRATÉGICOS Y ÁREAS DE INTERÉS PROSPECTIVO",2024,No elaborado,No elaborado,No elaborado,Junín,118-2083,INGEMMET,"I, IIa, IIb, III","Monzogranito leucócrata, inequigranular de grano medio a grueso, con cristales desarrollados de hasta 2cm (ocasionalmente) de feldespato potásico blanquecino. Cuarzo (30%), FPsK (30%), PGLs (30%), máficos (10%).",na,na,<0.5,645,13,24,19,36,19,15,6,12,121,249,75,61,<5,<10,<1,<2,<2,0.5,<5,6.53,2.11,3.36,2.62,0.96,0.07,1.71,0.16,31.54,0.48,30,192,3.1,74.5,1.73,5.3,2.8,1.3,18.8,6,6.1,1.2,<0.2,0.53,19.3,28.2,8.3,7.2,0.9,1.1,5.2,0.5,2.5,<1,3.9
181,23l-RGQ24-044,Rocas,439347,8751122,18,23-l,"GE36A9-T02: MAGMATISMO Y GEOQUÍMICA DEL BATOLITO DE LA COORDILLERA ORIENTAL DEL PERÚ CENTRAL, SU RELACIÓN CON ELEMENTOS ESTRATÉGICOS Y ÁREAS DE INTERÉS PROSPECTIVO",2024,No elaborado,No elaborado,No elaborado,Junín,118-2084,INGEMMET,"I, IIa, IIb, III","Roca intrusiva leucócrata, inequigranular de grano grueso. Cristales desarrollados de hasta 1 cm de FPsK, algo rosados. Feldespatos son verdosos y opacos, posiblemente alterados a clorita o de la especie amazonita. Cuarzo (40%), FPsK (40%), PGLs (15%) y máficos (5%). Afloramiento muy meteorizado, moderadamente deleznable.",na,na,<0.5,370,6,5,<2,79,14,<5,<5,5,160,142,47,20,<5,<10,<1,<2,<2,0.6,<5,6.43,0.57,2.24,3.51,0.51,0.07,1.94,0.08,33.16,0.38,58,428,2.4,151.6,2.72,9.4,6.1,1.8,18.8,9.8,12,1.9,<0.2,1.09,42,48.3,16.3,10.2,3.7,1.8,41.5,0.9,7.9,<1,7.1
182,21l-RGQ24-002,Rocas,397154,8854436,18,21-l,"GE36A9-T02: MAGMATISMO Y GEOQUÍMICA DEL BATOLITO DE LA COORDILLERA ORIENTAL DEL PERÚ CENTRAL, SU RELACIÓN CON ELEMENTOS ESTRATÉGICOS Y ÁREAS DE INTERÉS PROSPECTIVO",2024,No elaborado,No elaborado,No elaborado,Huánuco,132-2024,INGEMMET,"I, IIa, IIb, III, IV, V","Roca ígnea intrusiva color gris oscuro, textura granular con cuarzo ? 15 %, plagioclasas ? 30 % y biotitas anhedrales alterandose a cloritas. Presenta magnetismo moderado. Óxidos de hierro y pirita en fracturas y en matriz, además, epídota y clorita en venillas. Débil a moderada alteración propilítica.",<0.027,<10,<0.5,192,46,59,28,11.2,3.923,33,<5,36,17,357,237,112,<5,<10,<1,<2,<2,<0.5,<5,7.99,6.77,9.33,0.59,5.72,0.14,1.03,0.06,21.06,0.78,21,66,0.8,23.8,0.5,3.3,1.7,1,18.7,3.6,1.8,0.6,<0.2,0.19,4.9,12.7,3.4,3.1,<0.5,0.5,1,0.3,0.2,<1,1.5
183,21l-RGQ24-006,Rocas,433890,8843370,18,21-l,"GE36A9-T02: MAGMATISMO Y GEOQUÍMICA DEL BATOLITO DE LA COORDILLERA ORIENTAL DEL PERÚ CENTRAL, SU RELACIÓN CON ELEMENTOS ESTRATÉGICOS Y ÁREAS DE INTERÉS PROSPECTIVO",2024,No elaborado,No elaborado,No elaborado,Pasco,132-2024,INGEMMET,"I, IIa, IIb, III","Roca ígnea intrusiva, color blanquecina, textura obliterada con relictos de cuarzo = 50 %, plagiclasas = 30 %, biotitas anhedrales y plagioclasas alterandose a arcillas (argilización). Asociada a la unidad San Ramón??",na,na,<0.5,847,4,4,3,31.4,10.616,<5,31,6,70,370,26,73,<5,<10,<1,<2,<2,<0.5,<5,10.88,1.59,2.14,2.34,0.5,0.05,4.24,<0.01,27.61,0.19,21,275,3.7,78.8,1.71,3,1.8,1.6,28.6,5.2,6.3,0.6,<0.2,0.27,8.1,27.7,9.5,5.8,<0.5,0.8,15.7,0.3,2.7,<1,1.8
184,21l-RGQ24-008,Rocas,426743,8852800,18,21-l,"GE36A9-T02: MAGMATISMO Y GEOQUÍMICA DEL BATOLITO DE LA COORDILLERA ORIENTAL DEL PERÚ CENTRAL, SU RELACIÓN CON ELEMENTOS ESTRATÉGICOS Y ÁREAS DE INTERÉS PROSPECTIVO",2024,No elaborado,No elaborado,No elaborado,Pasco,132-2024,INGEMMET,"I, IIa, IIb, III","Roca ígnea intrusiva color gris, textura granular con cuarzo ? 40 %, plagioclasas ? 30 %, feldespatos potásicos ? 10 % y biotitas anhedrales, presenta óxidos de hierro entre fracturas, roca deleznable con argilización.",na,na,<0.5,485,10,13,77,13,18.834,11,16,17,49,137,41,45,8,<10,<1,<2,<2,<0.5,<5,19.14,1.57,2.36,1.15,0.45,0.06,1.01,0.34,14.09,0.13,<5,29,2,26.5,2.44,1.2,0.8,0.9,34,1.6,<0.2,0.3,<0.2,<0.15,1.1,8.2,3,1.9,<0.5,0.3,11.8,<0.1,1.9,<1,0.9
185,21l-RGQ24-009,Rocas,425705,8854818,18,21-l,"GE36A9-T02: MAGMATISMO Y GEOQUÍMICA DEL BATOLITO DE LA COORDILLERA ORIENTAL DEL PERÚ CENTRAL, SU RELACIÓN CON ELEMENTOS ESTRATÉGICOS Y ÁREAS DE INTERÉS PROSPECTIVO",2024,No elaborado,No elaborado,No elaborado,Pasco,132-2024,INGEMMET,"I, IIa, IIb, III","Roca ígnea intrusiva, color blanquecina, textura porfirítica con cuarzo = 40 %, plagioclasas ? 30 %, biotitas anhedrales y feldesapatos K = 20 %, presenta óxidos de hierro entre las fracturas, roca deleznable.",na,na,<0.5,292,9,3,14,3.3,19.689,<5,11,30,113,6,47,69,7,<10,<1,<2,<2,<0.5,<5,17.8,<0.01,3.63,1.48,0.35,0.07,0.13,0.05,18.9,0.33,<5,594,1,16.9,8.08,0.5,0.6,0.3,27.5,0.3,11.9,0.2,<0.2,<0.15,6.8,1.4,0.5,0.5,0.5,<0.1,12.3,0.1,6.1,<1,0.7
186,21l-RGQ24-011,Rocas,398137,8849142,18,21-l,"GE36A9-T02: MAGMATISMO Y GEOQUÍMICA DEL BATOLITO DE LA COORDILLERA ORIENTAL DEL PERÚ CENTRAL, SU RELACIÓN CON ELEMENTOS ESTRATÉGICOS Y ÁREAS DE INTERÉS PROSPECTIVO",2024,No elaborado,No elaborado,No elaborado,Huánuco,132-2024,INGEMMET,"I, IIa, IIb, III, IV, V","Roca ígnea intrusiva, color gris claro, textura granular, roca compacta silicificada con cuarzo = 10 %, plagioclasa ? 40 %, biotitas anhedrales, presenta abundante pirita cúbica y disseminada con venillas de epídota y clorita, trazas de calcopirita. Alteración propilítica moderada.",<0.027,18,<0.5,2292,3,5,<2,61.8,2.926,<5,<5,11,110,232,38,13,7,<10,<1,<2,<2,0.5,<5,8.37,1.63,2.32,4.28,0.88,0.03,3.05,0.08,30.03,0.37,40,542,3,162,1.23,5.6,3.5,3.1,23,9.6,9.9,1.2,<0.2,0.55,16,55.5,17.9,10.8,1.1,1.5,15.6,0.4,4.6,1,3.4
187,21l-RGQ24-012,Rocas,437543,8841180,18,21-l,"GE36A9-T02: MAGMATISMO Y GEOQUÍMICA DEL BATOLITO DE LA COORDILLERA ORIENTAL DEL PERÚ CENTRAL, SU RELACIÓN CON ELEMENTOS ESTRATÉGICOS Y ÁREAS DE INTERÉS PROSPECTIVO",2024,No elaborado,No elaborado,No elaborado,Pasco,132-2024,INGEMMET,"I, IIa, IIb, III","Roca ígnea intrusiva, color gris claro, textura obliterada con relictos de cuarzo subhedral y biotitas anhedrales; tamaño del cuarzo: 0.5 - 1 cm, roca deleznable. Presenta clorita entre las fracturas.",na,na,<0.5,705,4,2,<2,24.1,14.838,<5,64,5,33,209,27,115,<5,<10,<1,<2,<2,<0.5,<5,11.68,0.38,2.48,1.43,0.32,0.11,4.42,<0.01,26.81,0.25,59,350,7.1,201.8,1.34,10.9,6.5,2.9,30.2,11.7,8.6,2.3,<0.2,1.13,9.7,50.6,15.9,13.7,0.7,1.9,38.8,0.9,7,1,7.7
188,21l-RGQ24-013,Rocas,441068,8842444,18,21-l,"GE36A9-T02: MAGMATISMO Y GEOQUÍMICA DEL BATOLITO DE LA COORDILLERA ORIENTAL DEL PERÚ CENTRAL, SU RELACIÓN CON ELEMENTOS ESTRATÉGICOS Y ÁREAS DE INTERÉS PROSPECTIVO",2024,No elaborado,No elaborado,No elaborado,Pasco,132-2024,INGEMMET,"I, IIa, IIb, III","Roca ígnea intrusiva, color blanquecina, textura obliterada con relictos de cuarzo subhedral color hialino (cuarzo ? 40 %), plagioclasas = 20 % alterandose a arcillas finas blanquecinas (argilización moderada). Presenta óxidos de hierro entre las fracturas. Tamaño del cuarzo: 0.5 - 1 cm y > 1 cm.",na,na,<0.5,304,3,<1,5,7.4,7.512,<5,34,9,18,54,15,145,<5,<10,<1,<2,<2,<0.5,<5,12.77,0.35,2.25,1.48,0.24,0.1,3.7,<0.01,26.16,0.18,56,779,6.2,83.6,2.18,9.1,5.3,0.9,35.7,10.3,20.9,1.7,<0.2,0.74,24.8,43.7,13.7,11,2,1.5,24.8,0.6,11.1,2,5.1
189,21l-RGQ24-014,Rocas,428405,8853260,18,21-l,"GE36A9-T02: MAGMATISMO Y GEOQUÍMICA DEL BATOLITO DE LA COORDILLERA ORIENTAL DEL PERÚ CENTRAL, SU RELACIÓN CON ELEMENTOS ESTRATÉGICOS Y ÁREAS DE INTERÉS PROSPECTIVO",2024,No elaborado,No elaborado,No elaborado,Pasco,132-2024,INGEMMET,"I, IIa, IIb, III","Roca íngea intrusiva, color blanquecina, textura porfirítica con cuarzo ? 30 %, feldespato K = 30 %, plagioclasas = 40 %, biotitas anhedrales y óxidós de hierros, asociada al granito rico en cuarzo del Plutón San Juán. Roca deleznable. ",na,na,<0.5,652,4,2,9,6.7,10.484,<5,17,7,17,154,14,41,<5,<10,<1,<2,<2,<0.5,<5,15.79,2.05,1.36,0.98,0.19,0.06,2.45,0.02,22.93,0.13,16,190,2.3,30,0.88,2.4,1.5,1.4,30.7,2.6,4.3,0.5,<0.2,0.2,1.8,9.9,3.5,2.6,<0.5,0.4,2.9,0.2,1.2,<1,1.4
190,21l-RGQ24-015,Rocas,430989,8852164,18,21-l,"GE36A9-T02: MAGMATISMO Y GEOQUÍMICA DEL BATOLITO DE LA COORDILLERA ORIENTAL DEL PERÚ CENTRAL, SU RELACIÓN CON ELEMENTOS ESTRATÉGICOS Y ÁREAS DE INTERÉS PROSPECTIVO",2024,No elaborado,No elaborado,No elaborado,Pasco,132-2024,INGEMMET,"I, IIa, IIb, III","Roca ígnea intrusiva blanquecina con tonalidades rojizas, textura granular, cuarzo = 30 %, plagioclasas = 40%, feldespato K = 30 %, biotitas subhedrales - anhedrales, roca fracturada y deleznable (argilización), presenta óxidos de hierro en matriz y fracturas. ",na,na,1,150,1,7,8,8,12.616,<5,150,<5,74,4,14,75,26,<10,<1,<2,<2,0.5,<5,7.03,<0.01,0.76,2.26,0.17,<0.01,0.24,<0.01,35.49,0.11,17,191,1.3,38.9,2.71,2.2,1.7,0.4,14.8,2.3,5,0.6,<0.2,0.33,8.5,11.8,4.2,2.7,0.7,0.4,20.7,0.3,3.2,1,1.9
191,21l-RGQ24-016,Rocas,432630,8853020,18,21-l,"GE36A9-T02: MAGMATISMO Y GEOQUÍMICA DEL BATOLITO DE LA COORDILLERA ORIENTAL DEL PERÚ CENTRAL, SU RELACIÓN CON ELEMENTOS ESTRATÉGICOS Y ÁREAS DE INTERÉS PROSPECTIVO",2024,No elaborado,No elaborado,No elaborado,Pasco,132-2024,INGEMMET,"I, IIa, IIb, III","Roca ígnea intrusiva, color blanquecina con tonalidades rojizas, textura porfirítica granular, cuarzo 40 %, plagioclasas, feldespatos potásicos 40 % y biotitas anhedrales. Presencia de alteración argílica y óxidos de hierro. Fractura: N-S/E. Roca asociada a la unidad de Granito rico en cuarzo. Monzogranito - sienogranito?",na,na,<0.5,51,<1,2,11,<2,3.173,<5,12,<5,108,12,<10,11,<5,<10,<1,<2,<2,0.9,<5,10.02,0.06,0.52,4.36,0.12,<0.01,3.98,0.02,30.31,0.04,22,101,8,47.5,2.26,1.8,1.5,0.2,29.9,2.3,3.3,0.4,<0.2,0.27,18.7,11.2,4.5,2,1.2,0.4,42.3,0.3,5.1,2,1.8
192,21m-RGQ24-001,Rocas,446620,8840133,18,21-m,"GE36A9-T02: MAGMATISMO Y GEOQUÍMICA DEL BATOLITO DE LA COORDILLERA ORIENTAL DEL PERÚ CENTRAL, SU RELACIÓN CON ELEMENTOS ESTRATÉGICOS Y ÁREAS DE INTERÉS PROSPECTIVO",2024,No elaborado,No elaborado,No elaborado,Pasco,132-2024,INGEMMET,"I, IIa, IIb, III","Roca intrusiva, color blanquecina, textura obliterada con relictos de cuarzo ? 45 %, plagioclasas = 20 % alterandose a arcillas (argilización), feldespato K ? 5 %. Cuarzo hialino de 1 a 2 cm, biotitas anhedrales. Asociado a la unidad de granito rico en cuarzo.",na,na,<0.5,544,4,1,3,25.8,18.365,<5,10,6,49,88,28,80,<5,<10,<1,<2,<2,<0.5,<5,8.17,0.96,2.38,2.65,0.36,0.07,2.91,0.03,31.49,0.22,36,226,2.8,123.6,2.67,6.3,3.2,1.1,22.9,8.2,6,1.2,<0.2,0.47,11.1,42.8,14.5,9.2,0.6,1.2,12.3,0.5,2.6,<1,3.5
193,22l-RGQ24-001,Rocas,420707,8792719,18,22-l,"GE36A9-T02: MAGMATISMO Y GEOQUÍMICA DEL BATOLITO DE LA COORDILLERA ORIENTAL DEL PERÚ CENTRAL, SU RELACIÓN CON ELEMENTOS ESTRATÉGICOS Y ÁREAS DE INTERÉS PROSPECTIVO",2024,No elaborado,No elaborado,No elaborado,Junín,132-2024,INGEMMET,"I, IIa, IIb, III, IV, V","Roca volcánica sedimentaria color gris, textura granular de grano fino, roca silicificada con mineralización de Cu (calcopirita y pirita) y óxidos de hierro. Ganga de cuarzo.",<0.027,<10,<0.5,1090,<1,5,2,49.2,<2,<5,<5,6,105,102,<10,28,6,<10,<1,<2,<2,<0.5,<5,7.78,0.6,1.53,3.32,0.23,0.03,3.73,0.01,32.64,0.2,49,395,3.7,135.9,1.07,7.6,4.1,2.1,22.4,10.2,9.3,1.5,<0.2,0.56,23.1,50,15.5,10.5,1.1,1.6,13.8,0.5,3.1,<1,3.8
194,22l-RGQ24-001a,Rocas,420793,8792715,18,22-l,"GE36A9-T02: MAGMATISMO Y GEOQUÍMICA DEL BATOLITO DE LA COORDILLERA ORIENTAL DEL PERÚ CENTRAL, SU RELACIÓN CON ELEMENTOS ESTRATÉGICOS Y ÁREAS DE INTERÉS PROSPECTIVO",2024,No elaborado,No elaborado,No elaborado,Junín,132-2024,INGEMMET,"I, IIa, IIb, III, IV, V","Muestra de roca de cancha de mineral, fragmentos de roca intrusiva color rojiza, textura brechada con diseminaciones de Au y Cu con abundantes óxidos de hierro (hematita, goethita y jarosita). Se observa pirita cúbica, venillas de cuarzo drustico. Labor minera (pique) con fuerte silicificación la mineralización se presenta en venillas, diseminada y agregados.",13.667,305,5,251,16,25,144,21.2,<2,49,238,<5,36,6,19,1056,17432,167,10,<2,64,<0.5,<5,2.88,0.01,18.93,1.02,0.39,0.08,0.35,<0.01,24.73,0.08,32,122,0.9,33.1,0.51,4.1,2.2,0.8,14.3,3.7,2.4,0.8,<0.2,0.21,6.4,13.2,4,3.3,<0.5,0.7,4.4,0.3,6.6,<1,1.7
195,22l-RGQ24-001b,Rocas,420710,8792814,18,22-l,"GE36A9-T02: MAGMATISMO Y GEOQUÍMICA DEL BATOLITO DE LA COORDILLERA ORIENTAL DEL PERÚ CENTRAL, SU RELACIÓN CON ELEMENTOS ESTRATÉGICOS Y ÁREAS DE INTERÉS PROSPECTIVO",2024,No elaborado,No elaborado,No elaborado,Junín,132-2024,INGEMMET,"I, IIa, IIb, III, IV, V","Muestra de roca de cancha de mineral, fragmentos de roca brechada con clastos subangulosos de intrusivo y cuarzo, presenta pirita, calcopirita, malaquita, calcantita y óxoidos de hierro (hematita, goethita y jarosita), presenta alteración argílica; procedente de labor 2 del pique de mina Fm. Reyes.",1.262,7816,108.4,319,4,25,14385,8,3.913,13,9285,<5,46,7,55,6439,1129,80,11,9,56,<0.5,<5,2.52,0.04,2.85,1.4,0.56,0.02,0.29,0.06,38.25,0.02,<5,9,1.2,25.2,0.81,0.6,0.2,0.6,18.6,2.1,<0.2,<0.1,3.6,<0.15,<0.5,11.2,3.2,2.5,<0.5,0.3,0.7,<0.1,19.2,<1,0.4
196,22l-RGQ24-008,Rocas,431933,8795731,18,22-l,"GE36A9-T02: MAGMATISMO Y GEOQUÍMICA DEL BATOLITO DE LA COORDILLERA ORIENTAL DEL PERÚ CENTRAL, SU RELACIÓN CON ELEMENTOS ESTRATÉGICOS Y ÁREAS DE INTERÉS PROSPECTIVO",2024,No elaborado,No elaborado,No elaborado,Junín,132-2024,INGEMMET,"I, IIa, IIb, III","Roca ígnea intrusiva, color gris blanquecina, tonalidad leucócrata, geometría tabular, textura pegmatítica granular. Cristales de cuarzo hialino subhedral ? 30 %, feldespato potásico subhedral ? 15 %, biotita anhedral ? 10 %, con débil óxidos de hierro en fracturas, moderada alteración propilítica, epídota y clorita en venillas milimétricas y matriz. Fractura: S20°O / 75°NO.",na,na,<0.5,400,1,3,28,11.2,8.161,<5,29,7,147,75,<10,32,9,<10,<1,<2,<2,0.6,<5,7.92,0.97,1.44,3.66,0.21,0.04,3.01,<0.01,33.07,0.07,70,178,3.3,36.4,2.09,7.8,5.3,0.7,19.4,6,5.6,1.7,<0.2,0.83,6.8,15,4.5,5.4,0.8,1,19.8,0.7,6.7,<1,5.1
197,22l-RGQ24-008a,Rocas,431604,8796847,18,22-l,"GE36A9-T02: MAGMATISMO Y GEOQUÍMICA DEL BATOLITO DE LA COORDILLERA ORIENTAL DEL PERÚ CENTRAL, SU RELACIÓN CON ELEMENTOS ESTRATÉGICOS Y ÁREAS DE INTERÉS PROSPECTIVO",2024,No elaborado,No elaborado,No elaborado,Junín,132-2024,INGEMMET,"I, IIa, IIb, III","Roca ígnea intrusiva color gris blanquecino, tonalidad leocrácata, geometría tabular, textura pemagtítica. Grandes cristales de cuarzo hialino subhedral ? 30 %, feldespato potásico anhedral ? 10 % y biotita ? 5 % alterando a clorita, fuerte alteración propilítica, clorita y epídota en fracturas y matriz. Débil magnetismo, roca con regular peso específico.",na,na,<0.5,222,9,5,15,6,12.646,<5,22,16,38,249,66,64,7,<10,<1,<2,<2,<0.5,<5,6.68,2.81,2.88,0.82,0.76,0.06,1.95,0.07,33.27,0.28,22,125,1.6,22.1,0.58,2.9,1.5,0.6,16.2,2.4,2.5,0.6,<0.2,0.27,4.1,9.1,2.7,2.8,<0.5,0.4,4.6,0.3,1.9,<1,1.6
198,22l-RGQ24-010,Rocas,414443,8795236,18,22-l,"GE36A9-T02: MAGMATISMO Y GEOQUÍMICA DEL BATOLITO DE LA COORDILLERA ORIENTAL DEL PERÚ CENTRAL, SU RELACIÓN CON ELEMENTOS ESTRATÉGICOS Y ÁREAS DE INTERÉS PROSPECTIVO",2024,No elaborado,No elaborado,No elaborado,Junín,132-2024,INGEMMET,"I, IIa, IIb, III, IV, V","Roca ígnea intrusiva color blanquecina con tonalidades verdosas, geometría tabular, textura porfirítica granular, cuarzo ? 25 %, plagioclasas > 30 %, biotitas anhedrales alterando a clorita, presenta pirita y óxidos de hierro, calcopirita en trazas y silicificación.",<0.027,30,<0.5,887,4,3,4,14,5.545,<5,<5,7,18,125,40,40,10,<10,<1,<2,<2,<0.5,<5,8.51,0.67,2.68,2.61,0.66,0.05,4.1,0.09,30.97,0.42,33,526,2.9,150.7,0.83,6.5,3.2,2.6,23.8,10.4,11.2,1.3,<0.2,0.46,19.3,54.7,17.2,10.9,0.9,1.5,17.6,0.5,3.2,<1,3.3
199,22l-RGQ24-010a,Rocas,414928,8794942,18,22-l,"GE36A9-T02: MAGMATISMO Y GEOQUÍMICA DEL BATOLITO DE LA COORDILLERA ORIENTAL DEL PERÚ CENTRAL, SU RELACIÓN CON ELEMENTOS ESTRATÉGICOS Y ÁREAS DE INTERÉS PROSPECTIVO",2024,No elaborado,No elaborado,No elaborado,Junín,132-2024,INGEMMET,"I, IIa, IIb, III","Roca color gris con tonalidades rojizas, textura afanítica, granular fina (seudo afanítica), alteración moderada de silicificación con mineralización diseminada de pirita y calcopirita (0.5 %) en partes, se presenta en la matriz; calcita en fracturas y venillas de 0.5 cm a 1 cm. Fracturamiento: N55°E / 25NW.",na,na,<0.5,608,21,52,579,65.9,14.609,48,6,16,59,277,78,71,4132,<10,<1,<2,<2,<0.5,<5,7.3,2.83,6.29,1.72,1.09,0.06,2.86,0.13,27.39,0.69,60,725,2.8,126,0.51,9.5,4.8,1.8,21.6,11.6,17.3,1.9,<0.2,0.74,25.4,49.5,15.6,12.1,1.2,1.8,16.9,0.7,4.2,2,5.2
200,22l-RGQ24-011,Rocas,412402,8812831,18,22-l,"GE36A9-T02: MAGMATISMO Y GEOQUÍMICA DEL BATOLITO DE LA COORDILLERA ORIENTAL DEL PERÚ CENTRAL, SU RELACIÓN CON ELEMENTOS ESTRATÉGICOS Y ÁREAS DE INTERÉS PROSPECTIVO",2024,No elaborado,No elaborado,No elaborado,Pasco,132-2024,INGEMMET,"I, IIa, IIb, III","Roca, color gris con tonalidades verdosas, textura obliterada, con presencia de clorita y epídota en matriz y venillas, débil alteración argílica con presencia de óxidos de hierro (hematita-goethita). Seudoestratificación: S60°W/30°NW.",na,na,<0.5,296,28,65,101,10,45.378,26,<5,32,53,255,230,110,40,<10,<1,<2,<2,<0.5,<5,9.18,4.84,7.39,1.62,3.26,0.12,1.72,0.05,23.45,0.52,13,74,1,19.2,2.45,2.5,1.6,0.8,21,2.4,1.4,0.6,<0.2,0.18,2.4,9.1,2.5,2.5,<0.5,0.4,2.2,0.2,0.9,<1,1.6
201,22l-RGQ24-011a,Rocas,412560,8812485,18,22-l,"GE36A9-T02: MAGMATISMO Y GEOQUÍMICA DEL BATOLITO DE LA COORDILLERA ORIENTAL DEL PERÚ CENTRAL, SU RELACIÓN CON ELEMENTOS ESTRATÉGICOS Y ÁREAS DE INTERÉS PROSPECTIVO",2024,No elaborado,No elaborado,No elaborado,Pasco,132-2024,INGEMMET,"I, IIa, IIb, III","Roca ígnea volcánica, color gris con tonalidades verdosas, textura obliterada, relictos de biotitas anhedrales con óxidos de hierro moderado en fractura y matriz. Fracturamiento 1: S65°W/55°NE y fracturamiento 2: S70°W/35°NE.",na,na,<0.5,429,29,55,128,5.4,77.695,36,<5,24,22,237,188,104,18,<10,<1,<2,2,<0.5,<5,9.19,2.2,5.84,1.31,3.41,0.1,3.25,0.04,24.18,0.44,13,52,1.2,17.3,2.23,2.1,1.3,0.7,16.9,2.3,1.4,0.4,<0.2,0.21,2.1,7.9,2.2,2.2,<0.5,0.3,1.8,0.2,0.7,<1,1.2
202,22l-RGQ24-015,Rocas,424180,8816328,18,22-l,"GE36A9-T02: MAGMATISMO Y GEOQUÍMICA DEL BATOLITO DE LA COORDILLERA ORIENTAL DEL PERÚ CENTRAL, SU RELACIÓN CON ELEMENTOS ESTRATÉGICOS Y ÁREAS DE INTERÉS PROSPECTIVO",2024,No elaborado,No elaborado,No elaborado,Pasco,132-2024,INGEMMET,"I, IIa, IIb, III","Roca ígnea intrusiva, color blanquecina, textura fanerítica granular, cuarzo ? 45%, plagioclasas ? 30% con biotitas anhedrales. Asociado al monzogranito rico en biotitas y anfibol, presenta magnetismo moderado. Diaclasa 1: N80°W/20°NE; diaclasa 2: N60°E/80°NW.",na,na,0.5,484,18,20,71,13.9,28.371,20,6,23,53,275,124,66,<5,<10,<1,<2,<2,<0.5,<5,8.91,5.16,4.7,1.09,1.91,0.08,2.42,0.1,26.62,0.41,24,185,1.7,28.8,4.11,3.4,1.9,1,19.5,3.4,3.9,0.7,<0.2,0.26,4.4,13.5,3.7,3.2,<0.5,0.6,9.2,0.3,3.1,<1,2.5
203,22l-RGQ24-016,Rocas,425114,8800625,18,22-l,"GE36A9-T02: MAGMATISMO Y GEOQUÍMICA DEL BATOLITO DE LA COORDILLERA ORIENTAL DEL PERÚ CENTRAL, SU RELACIÓN CON ELEMENTOS ESTRATÉGICOS Y ÁREAS DE INTERÉS PROSPECTIVO",2024,No elaborado,No elaborado,No elaborado,Junín,132-2024,INGEMMET,"I, IIa, IIb, III","Roca ígnea intrusiva, color gris blanquecina, textura porfirítica granular, con cuarzo ? 45%, plagioclasas ? 25%, biotitas anhedrales alterandose a cloritas, presencia de alteración argílica selectiva, posiblemente monzogranito rico en cuarzo. Buzamiento S25°E / 45°SW.",na,na,<0.5,372,<1,2,2,4.1,3.25,<5,<5,5,50,32,<10,13,<5,<10,<1,<2,<2,<0.5,<5,6.76,0.41,1.18,2.22,0.11,0.02,3.24,0.02,34.82,0.05,37,70,2.3,36.3,1.67,4.5,3.3,0.6,13.8,4,2.1,1,<0.2,0.41,3.9,14.5,4.3,3.7,<0.5,0.7,8.3,0.5,1.7,<1,2.9
204,22l-RGQ24-017,Rocas,403050,8810553,18,22-l,"GE36A9-T02: MAGMATISMO Y GEOQUÍMICA DEL BATOLITO DE LA COORDILLERA ORIENTAL DEL PERÚ CENTRAL, SU RELACIÓN CON ELEMENTOS ESTRATÉGICOS Y ÁREAS DE INTERÉS PROSPECTIVO",2024,No elaborado,No elaborado,No elaborado,Pasco,132-2024,INGEMMET,"I, IIa, IIb, III","Roca ígnea intrusiva, color blanquecino, geometría tabular, textura granular, Qz ? 30%, plagioclasas = 10 %, feldespatos K = 5%, con biotitas anhedrales y presencia de óxidos de hierro. Diaclasas S50°E/90°",na,na,<0.5,114,<1,2,<2,9.2,9.045,<5,9,<5,244,34,<10,14,<5,<10,<1,<2,<2,0.9,<5,6.26,0.45,0.69,3.85,0.06,0.03,2.5,<0.01,35.53,0.06,20,87,4.8,38.1,2.52,2.3,1.6,0.3,17.1,2.2,2.6,0.4,<0.2,0.3,17.9,10.5,3.6,2.3,1.7,0.4,27.2,0.2,6.7,<1,2.1
205,22l-RGQ24-018,Rocas,406785,8815082,18,22-l,"GE36A9-T02: MAGMATISMO Y GEOQUÍMICA DEL BATOLITO DE LA COORDILLERA ORIENTAL DEL PERÚ CENTRAL, SU RELACIÓN CON ELEMENTOS ESTRATÉGICOS Y ÁREAS DE INTERÉS PROSPECTIVO",2024,No elaborado,No elaborado,No elaborado,Pasco,132-2024,INGEMMET,"I, IIa, IIb, III","Roca ígnea intrusiva, color gris claro, geometría tabular, textura granular con cuarzo hialino ? 30%, plagioclasas: biotitas anhedrales-subhedrales alterandose a cloritas. Presencia de cristales de cuarzo ? 1 cm. Presencia débil de óxidos de hierro, sin alteración.",na,na,<0.5,448,4,2,<2,7.3,9.3,<5,<5,6,42,106,24,40,5,<10,<1,<2,<2,<0.5,<5,6.58,1.2,1.89,1.34,0.65,0.06,2.56,<0.01,34.52,0.14,7,100,1.7,25.2,1.17,1.3,0.9,0.6,13.9,1.3,2.1,0.2,<0.2,<0.15,3.7,6.9,2.5,1.6,<0.5,0.3,5.9,0.1,1.3,<1,0.9
206,22l-RGQ24-021,Rocas,428040,8798615,18,22-l,"GE36A9-T02: MAGMATISMO Y GEOQUÍMICA DEL BATOLITO DE LA COORDILLERA ORIENTAL DEL PERÚ CENTRAL, SU RELACIÓN CON ELEMENTOS ESTRATÉGICOS Y ÁREAS DE INTERÉS PROSPECTIVO",2024,No elaborado,No elaborado,No elaborado,Junín,132-2024,INGEMMET,"I, IIa, IIb, III","Roca ígnea intrusiva, color blanquecina con tonalidades verdosas, textura granular, cuarzo ? 45%, plagioclasas = 30%, biotitas y horblendas anhedrales en parte subtabulares. Alteración propilítica con sobreimposición de argílica selectiva, presenta óxidos de hierro en venillas y fracturas.",na,na,<0.5,333,5,4,<2,6.8,12.548,<5,<5,10,53,126,40,28,<5,<10,<1,<2,<2,<0.5,<5,7.55,1.46,2.78,1.99,0.72,0.04,2.3,0.03,31.82,0.23,19,265,2,22.6,1.34,3.1,1.6,0.8,17.2,2.7,6.2,0.7,<0.2,0.27,4.9,9.4,2.8,2.3,<0.5,0.4,6.3,0.3,2.6,<1,1.9
207,22l-RGQ24-022,Rocas,435955,8819544,18,22-l,"GE36A9-T02: MAGMATISMO Y GEOQUÍMICA DEL BATOLITO DE LA COORDILLERA ORIENTAL DEL PERÚ CENTRAL, SU RELACIÓN CON ELEMENTOS ESTRATÉGICOS Y ÁREAS DE INTERÉS PROSPECTIVO",2024,No elaborado,No elaborado,No elaborado,Pasco,132-2024,INGEMMET,"I, IIa, IIb, III","Roca ígnea intrusiva, color blanquecina, textura granular de grano grueso, presenta cuarzo= 40%, feldespatos K = 40%, asociado a un sienogranito de unidad no identificada.",na,na,<0.5,82,<1,3,5,11.2,17.027,<5,<5,<5,210,3,<10,85,<5,<10,<1,<2,<2,1,<5,7.28,<0.01,0.82,3.82,0.41,0.02,0.1,<0.01,35.07,0.04,17,118,3.6,15.2,8.35,1.8,1,0.6,36,2.9,5.6,0.4,0.2,0.22,16.9,17.6,6,3,1,0.4,25.7,0.2,2.8,<1,1.6
208,22l-RGQ24-023,Rocas,435222,8818387,18,22-l,"GE36A9-T02: MAGMATISMO Y GEOQUÍMICA DEL BATOLITO DE LA COORDILLERA ORIENTAL DEL PERÚ CENTRAL, SU RELACIÓN CON ELEMENTOS ESTRATÉGICOS Y ÁREAS DE INTERÉS PROSPECTIVO",2024,No elaborado,No elaborado,No elaborado,Pasco,132-2024,INGEMMET,"I, IIa, IIb, III","Roca ígnea intrusiva, color blanquecina con tonalidades rojizas, geometria tabular, textura granular de grano grueso con cuarzo = 40%, feldespatos K = 40%, plagioclasas = 20%. Presenta biotitas anhedrales y óxidos de hierro. Asociada a un sienogranito de la unidad no identificada.",na,na,<0.5,483,2,3,7,14,10.31,<5,14,<5,47,68,14,42,<5,<10,<1,<2,<2,0.6,<5,8.17,0.47,1.45,3.42,0.27,0.09,3.48,0.06,31.84,0.22,29,455,4.3,105.5,1.31,3.9,2.3,1,23.5,6.1,11.1,0.7,<0.2,0.43,16.9,31.5,11,6.6,0.9,1,26,0.3,5.8,4,2.9
209,22l-RGQ24-025,Rocas,408364,8808318,18,22-l,"GE36A9-T02: MAGMATISMO Y GEOQUÍMICA DEL BATOLITO DE LA COORDILLERA ORIENTAL DEL PERÚ CENTRAL, SU RELACIÓN CON ELEMENTOS ESTRATÉGICOS Y ÁREAS DE INTERÉS PROSPECTIVO",2024,No elaborado,No elaborado,No elaborado,Pasco,132-2024,INGEMMET,"I, IIa, IIb, III","Roca ígnea intrusiva, color gris claro, con tonalidades verdosas, textura fanerítica, biotitas alterandose a cloritas, cuarzo = 25%, plagioclasas = 45%, biotita y horblendas anhedrales > 20%, presencia débil de óxidos de hierro sin alteración.",na,na,<0.5,1101,15,38,14,47.4,8.168,21,20,17,80,500,111,102,13,<10,<1,<2,<2,<0.5,<5,8.47,3.24,4.81,1.9,1.67,0.09,2.75,0.1,27.12,0.51,29,387,2.3,93,0.96,4.5,2.3,2,22.3,6.6,7.3,0.9,<0.2,0.31,12.6,35.2,10.6,6.8,0.6,1.1,8.3,0.3,2,<1,2.2
210,22l-RGQ24-027,Rocas,418778,8790464,18,22-l,"GE36A9-T02: MAGMATISMO Y GEOQUÍMICA DEL BATOLITO DE LA COORDILLERA ORIENTAL DEL PERÚ CENTRAL, SU RELACIÓN CON ELEMENTOS ESTRATÉGICOS Y ÁREAS DE INTERÉS PROSPECTIVO",2024,No elaborado,No elaborado,No elaborado,Junín,132-2024,INGEMMET,"I, IIa, IIb, III","Roca ígnea intrusiva, color gris claro, con tonalidades verdosas, textura porfirítica con cuarzo < 30%, plagioclasas ? 50%, biotitas anhedrales alterandose a cloritas, óxidos de hierros en fracturas, sin alteración.",na,na,<0.5,511,7,4,4,44.2,16.135,<5,<5,11,116,161,69,57,6,<10,<1,<2,<2,0.6,<5,8.44,0.74,3.23,1.79,0.86,0.08,3.84,0.1,29.84,0.36,45,369,2.6,124.5,2.11,7.2,3.9,1.7,21.2,9.2,8.6,1.5,<0.2,0.49,15.3,44.5,14.6,9.9,0.8,1.4,18.8,0.5,4.1,2,3.6
211,22l-RGQ24-033,Rocas,415755,8805545,18,22-l,"GE36A9-T02: MAGMATISMO Y GEOQUÍMICA DEL BATOLITO DE LA COORDILLERA ORIENTAL DEL PERÚ CENTRAL, SU RELACIÓN CON ELEMENTOS ESTRATÉGICOS Y ÁREAS DE INTERÉS PROSPECTIVO",2024,No elaborado,No elaborado,No elaborado,Pasco,132-2024,INGEMMET,"I, IIa, IIb, III","Roca ígnea intrusiva color blanquecina, geometría tabular, textura granular porfirítica obliterada con cuarzo ? 45%, plagioclasas > 25%, biotitas anhedrales, presenta alteración argílicia selectiva, mineralización de pirita diseminada esporádica y óxidos de hierro.",na,na,<0.5,90,2,2,<2,7.1,5.318,<5,7,<5,3,352,<10,14,<5,<10,<1,<2,<2,<0.5,<5,9.36,3.03,1.3,0.28,0.22,0.03,3.3,<0.01,31.18,0.11,11,278,2.9,15.3,0.81,0.8,0.5,0.9,16.7,0.8,6.9,0.2,<0.2,<0.15,2.4,3.6,1.3,0.8,<0.5,0.1,8,<0.1,4,<1,1.1
212,22l-RGQ24-034,Rocas,409123,8800223,18,22-l,"GE36A9-T02: MAGMATISMO Y GEOQUÍMICA DEL BATOLITO DE LA COORDILLERA ORIENTAL DEL PERÚ CENTRAL, SU RELACIÓN CON ELEMENTOS ESTRATÉGICOS Y ÁREAS DE INTERÉS PROSPECTIVO",2024,No elaborado,No elaborado,No elaborado,Pasco,132-2024,INGEMMET,"I, IIa, IIb, III, IV, V","Roca ígnea intrusiva color gris claro, textura porfirítica con horblendas > 10 % y biotitas alterándose a clorita, asociado a un granito rico en cuarzo. Alteración propilitica débil y trazas de calcopirita. Se observa cateos y minas en los alrededores del intrusivo.",<0.027,<10,<0.5,435,15,21,12,34.6,15.092,5,<5,24,52,713,138,96,14,<10,<1,<2,<2,<0.5,<5,9,5.32,6.39,1.27,2.07,0.12,2.3,0.21,24.04,0.86,29,798,1.5,62.7,1.27,5,2.5,2,23.3,7.1,12.1,0.9,<0.2,0.36,8.4,28,8.4,7.4,<0.5,1,4.6,0.4,1.2,<1,2.7
213,22l-RGQ24-036,Rocas,430434,8801435,18,22-l,"GE36A9-T02: MAGMATISMO Y GEOQUÍMICA DEL BATOLITO DE LA COORDILLERA ORIENTAL DEL PERÚ CENTRAL, SU RELACIÓN CON ELEMENTOS ESTRATÉGICOS Y ÁREAS DE INTERÉS PROSPECTIVO",2024,No elaborado,No elaborado,No elaborado,Junín,132-2024,INGEMMET,"I, IIa, IIb, III","Roca ígnea intrusiva con tonalidades rojizas, color mesócrata, geometría tabular, textura granular. Grandres cristales de cuarzo subredondeados sobre matriz feldespato potásico anhedrales, plagioclasa en forma alargada.",na,na,<0.5,605,<1,5,<2,15.5,11.556,<5,<5,<5,137,22,<10,39,16,<10,<1,<2,<2,0.5,<5,7.25,0.01,1.03,5.28,0.13,0.04,2.24,<0.01,34.13,0.13,29,258,3.1,110.7,2.25,4,2.2,0.9,24.4,6.9,6.7,0.8,<0.2,0.36,17,37.2,12.3,7.5,1.2,0.9,16.8,0.3,2.9,1,2.5
214,22l-RGQ24-037,Rocas,414583,8799648,18,22-l,"GE36A9-T02: MAGMATISMO Y GEOQUÍMICA DEL BATOLITO DE LA COORDILLERA ORIENTAL DEL PERÚ CENTRAL, SU RELACIÓN CON ELEMENTOS ESTRATÉGICOS Y ÁREAS DE INTERÉS PROSPECTIVO",2024,No elaborado,No elaborado,No elaborado,Junín,132-2024,INGEMMET,"I, IIa, IIb, III","Roca ígnea intrusiva color blanquecina, textura fanerítica compacta con cuarzo ? 20 %, plagioclasas ? 35%, horblendas subhedrales y biotitas anhedrales alterándose a cloritas, posiblemente granodiorita. Diaclasa N50°W / 45°NE.",na,na,<0.5,632,8,11,<2,30.4,30.957,<5,<5,11,40,375,63,73,6,<10,<1,<2,<2,<0.5,<5,7.9,3.03,3.63,1.41,1,0.09,2.73,0.18,30.31,0.48,36,381,1.7,54.4,0.77,4.7,3.1,1.4,18.6,5.5,8.3,0.8,<0.2,0.44,14.3,24.3,7,5.9,0.5,0.8,4.6,0.4,1.5,<1,2.9
215,22l-RGQ24-037a,Rocas,416610,8802610,18,22-l,"GE36A9-T02: MAGMATISMO Y GEOQUÍMICA DEL BATOLITO DE LA COORDILLERA ORIENTAL DEL PERÚ CENTRAL, SU RELACIÓN CON ELEMENTOS ESTRATÉGICOS Y ÁREAS DE INTERÉS PROSPECTIVO",2024,No elaborado,No elaborado,No elaborado,Junín,132-2024,INGEMMET,"I, IIa, IIb, III, IV, V","Roca ígnea intrusiva color gris con tonalidades rojizas, geometría tabular, textura obliterada relictos de textura porfirítica, con abundantes oxidos de hierro (hematita, goethita y jarosita), además se identifica presencia de especularita, alteración argílica moderada. Fractura N-S/80°E.",<0.027,<10,<0.5,363,6,<1,<2,45.4,<2,<5,<5,<5,118,17,<10,11,7,<10,<1,<2,<2,<0.5,<5,7.45,0.01,2.39,3.33,0.21,0.09,1.08,<0.01,34.25,0.12,50,221,3.9,168.9,1.59,8.9,4.7,1.6,23.8,12.7,5.8,1.7,<0.2,0.65,25.1,61.8,19.6,13.4,1.4,2,15.8,0.6,3.8,1,4.3
216,22l-RGQ24-038,Rocas,429755,8814465,18,22-l,"GE36A9-T02: MAGMATISMO Y GEOQUÍMICA DEL BATOLITO DE LA COORDILLERA ORIENTAL DEL PERÚ CENTRAL, SU RELACIÓN CON ELEMENTOS ESTRATÉGICOS Y ÁREAS DE INTERÉS PROSPECTIVO",2024,No elaborado,No elaborado,No elaborado,Pasco,132-2024,INGEMMET,"I, IIa, IIb, III","Roca ígnea intrusiva, color gris, textura granular con Qz, feldespatos K, plagiolcasas con biotitas anhedrales. Presenta venillas de cuarzo y óxidos de hierro entre cruzadas, alteración propilítica con argílica selectiva. Además, pirita y calcopirita diseminada en partes presenta pecho de paloma. Zona de falla, falla: N-S/40°W, fractura 1: N55°E/40°NW, fractura 2: N85°W/50°NE.",na,na,<0.5,427,32,51,92,27.8,28.399,44,52,23,24,611,260,140,14,<10,<1,<2,<2,<0.5,<5,7.97,5.75,8.72,0.73,3.33,0.13,2.31,0.36,22.18,1.09,24,160,1.7,63.2,2.69,3.8,2,1.3,23.7,6.6,3.3,0.7,<0.2,0.22,7.7,32.9,8.8,7,<0.5,1,1.5,0.3,0.6,<1,1.6
217,22l-RGQ24-039,Rocas,427955,8795229,18,22-l,"GE36A9-T02: MAGMATISMO Y GEOQUÍMICA DEL BATOLITO DE LA COORDILLERA ORIENTAL DEL PERÚ CENTRAL, SU RELACIÓN CON ELEMENTOS ESTRATÉGICOS Y ÁREAS DE INTERÉS PROSPECTIVO",2024,No elaborado,No elaborado,No elaborado,Junín,132-2024,INGEMMET,"I, IIa, IIb, III","Roca ígnea intrusiva color blanquecina, geometría tabular, textura granular de grano grueso, con cristales desarrolados de cuarzo, biotitas y horblendas anhedrales, con alterción argílica selectiva y óxidos de hierro.",na,na,<0.5,352,7,5,5,6.4,16.627,<5,<5,14,43,120,47,35,5,<10,<1,<2,<2,<0.5,<5,7.38,1.31,2.83,2.12,0.98,0.05,2.31,0.07,31.7,0.27,21,348,1.9,20.9,1.55,3.6,2.2,0.8,17,2.9,7.7,0.7,<0.2,0.39,5.5,9.2,2.6,2.2,<0.5,0.5,5.2,0.3,2.3,<1,2.2
218,22l-RGQ24-040,Rocas,444868,8824213,18,22-l,"GE36A9-T02: MAGMATISMO Y GEOQUÍMICA DEL BATOLITO DE LA COORDILLERA ORIENTAL DEL PERÚ CENTRAL, SU RELACIÓN CON ELEMENTOS ESTRATÉGICOS Y ÁREAS DE INTERÉS PROSPECTIVO",2024,No elaborado,No elaborado,No elaborado,Pasco,132-2024,INGEMMET,"I, IIa, IIb, III","Roca ígnea intrusiva, color rosado, textura granular de grano grueso, feldeaptos K ? 40 %, cuarzo ? 40%, plagioclasas y biotitas anhedrales. Roca deleznable con óxidos de hierros débil a moderado entre las fracturas. Alteración argílica selectiva.",na,na,<0.5,1037,3,<1,7,39.5,3.426,<5,52,<5,193,45,14,65,<5,<10,<1,<2,<2,0.8,<5,14.33,<0.01,1.61,4.4,0.22,0.06,0.26,0.02,23.45,0.11,18,181,3,79.2,2.75,2.5,1.3,1,39.5,3.6,4.2,0.4,<0.2,0.24,6.3,21.7,8,4.2,0.8,0.6,22.3,0.2,2.1,<1,1.3
219,22l-RGQ24-064,Rocas,416135,8798638,18,22-l,"GE36A9-T02: MAGMATISMO Y GEOQUÍMICA DEL BATOLITO DE LA COORDILLERA ORIENTAL DEL PERÚ CENTRAL, SU RELACIÓN CON ELEMENTOS ESTRATÉGICOS Y ÁREAS DE INTERÉS PROSPECTIVO",2024,No elaborado,No elaborado,No elaborado,Junín,132-2024,INGEMMET,"I, IIa, IIb, III","Roca ígnea intrusiva, color blanquecina, geometría tabular, textura porfirítica granular silicificada con óxidos de hierro en matriz y fracturas, cortada por venillas de cuarzo blanquecino.",na,na,<0.5,113,1,4,<2,14.5,10.287,<5,<5,<5,18,38,22,17,32,<10,<1,2,<2,<0.5,<5,2.43,0.26,2.01,0.66,1.54,0.02,0.48,0.08,39.37,0.15,40,210,0.8,30.2,0.44,6.5,3.5,1.2,9.1,5.3,4.1,1.4,<0.2,0.41,6.1,13.7,3.9,4.8,<0.5,1,2.6,0.5,0.8,2,2.8
220,22l-RGQ24-065,Rocas,435316,8815822,18,22-l,"GE36A9-T02: MAGMATISMO Y GEOQUÍMICA DEL BATOLITO DE LA COORDILLERA ORIENTAL DEL PERÚ CENTRAL, SU RELACIÓN CON ELEMENTOS ESTRATÉGICOS Y ÁREAS DE INTERÉS PROSPECTIVO",2024,No elaborado,No elaborado,No elaborado,Pasco,132-2024,INGEMMET,"I, IIa, IIb, III","Roca ígnea intrusiva, color gris con tonalidades rojizas, textura granular, grano medio a grueso, asociada al sienogranito de la unidad, zona de falla, racturamiento intenso con clorita y óxidos de hierro. Presenta un flujo de cuarzo (sílice rosada-ortosa) que altera la roca caja (roca tomada del intrusivo). Alteración argílica selectiva. Falla dextral N60°W/40°NE.",na,na,<0.5,767,2,5,4,12.9,23.057,<5,6,<5,83,116,21,47,<5,<10,<1,<2,<2,0.6,<5,8.26,0.57,1.6,3.31,0.52,0.06,3.64,0.07,31.8,0.2,26,473,7.4,88.5,3.8,3.5,2.5,1.1,23.3,4.6,11.4,0.7,<0.2,0.43,12.2,26.4,8.9,5.6,0.8,0.8,42.1,0.4,12.5,<1,2.7
221,22l-RGQ24-066,Rocas,421825,8814890,18,22-l,"GE36A9-T02: MAGMATISMO Y GEOQUÍMICA DEL BATOLITO DE LA COORDILLERA ORIENTAL DEL PERÚ CENTRAL, SU RELACIÓN CON ELEMENTOS ESTRATÉGICOS Y ÁREAS DE INTERÉS PROSPECTIVO",2024,No elaborado,No elaborado,No elaborado,Pasco,132-2024,INGEMMET,"I, IIa, IIb, III","Roca ígnea intrusiva compacta de color gris claro con textura propilítica constituida por cuarzo, plagioclasas, feldespatos potásicos, posee magnetismo moderado. Asociado al monzogranito de la unidad Quiparacra.",na,na,<0.5,819,11,8,53,30.4,30.88,6,<5,15,123,207,78,78,<5,<10,<1,<2,<2,<0.5,<5,7.87,2.52,3.96,2.27,0.97,0.08,2.73,0.07,29.94,0.37,36,193,1.8,58.7,3.35,4.7,3,1.3,19.2,4.9,4.4,1,<0.2,0.4,7.6,20.9,6.3,5.2,<0.5,0.9,12,0.4,3.3,<1,2.8
222,22l-RGQ24-067,Rocas,400067,8804213,18,22-l,"GE36A9-T02: MAGMATISMO Y GEOQUÍMICA DEL BATOLITO DE LA COORDILLERA ORIENTAL DEL PERÚ CENTRAL, SU RELACIÓN CON ELEMENTOS ESTRATÉGICOS Y ÁREAS DE INTERÉS PROSPECTIVO",2024,No elaborado,No elaborado,No elaborado,Pasco,132-2024,INGEMMET,"I, IIa, IIb, III","Roca metamórfica, color gris con tonalidades verdosas, textura foliada, óxidos de hierro en fracturas. Presenta vetillas de cuarzo lechoso con rumbo N-S, contiene pirita lixiviada asociada a esquistos, gneis del Complejo Metamórfico Huaytapallana.",na,na,<0.5,592,13,76,23,54,15.865,26,8,19,161,34,115,123,18,<10,<1,<2,<2,0.8,<5,9.22,0.13,5.35,3.24,1.43,0.04,1.06,0.1,28.5,0.58,41,211,3.7,109.6,3.17,7,3.7,1.6,28.5,8.3,4.9,1.3,<0.2,0.48,20,38.4,12.3,8.5,1.3,1.2,17,0.5,3.7,2,3.6
223,22l-RGQ24-068,Rocas,402718,8801922,18,22-l,"GE36A9-T02: MAGMATISMO Y GEOQUÍMICA DEL BATOLITO DE LA COORDILLERA ORIENTAL DEL PERÚ CENTRAL, SU RELACIÓN CON ELEMENTOS ESTRATÉGICOS Y ÁREAS DE INTERÉS PROSPECTIVO",2024,No elaborado,No elaborado,No elaborado,Pasco,132-2024,INGEMMET,"I, IIa, IIb, III","Roca ígnea intrusiva color gris claro, textura porfirítica granular, biotitas anhedrales alterandose a cloritas, cuarzo > 20%, presenta epídota en matriz y venillas, asociada a una tonalita. Alteración propilítica débil y óxidos de hierro.",na,na,<0.5,698,7,12,9,31.7,17.571,6,67,11,83,222,72,154,10,<10,<1,<2,<2,0.9,<5,7.7,1.93,3.15,2.46,0.95,0.12,2.28,0.08,31.32,0.3,24,227,3.9,91,0.95,3.7,1.9,1.2,19.8,5.9,5.1,0.8,<0.2,0.26,12.9,30.9,9.9,6.4,0.8,0.9,16.8,0.2,2.1,<1,1.8
224,22l-RGQ24-069,Rocas,428944,8800238,18,22-l,"GE36A9-T02: MAGMATISMO Y GEOQUÍMICA DEL BATOLITO DE LA COORDILLERA ORIENTAL DEL PERÚ CENTRAL, SU RELACIÓN CON ELEMENTOS ESTRATÉGICOS Y ÁREAS DE INTERÉS PROSPECTIVO",2024,No elaborado,No elaborado,No elaborado,Junín,132-2024,INGEMMET,"I, IIa, IIb, III","Roca volcánica sedimentaria color gris, geometría tabular, textura granular de grano medio a fino, presenta óxidos de hierro entre las fracturas. Fractura N30°E/80°NW.",na,na,<0.5,649,2,4,13,25.8,31.234,<5,<5,<5,133,51,25,7,<5,<10,<1,<2,<2,<0.5,<5,6.57,0.01,1.2,4.22,0.7,<0.01,0.99,<0.01,33.4,0.18,12,203,1.5,42.5,5.28,2.2,1.9,0.5,15.6,2.5,5,0.4,<0.2,0.25,9.6,14.1,4.8,3.2,0.8,0.4,12.2,0.3,3,4,1.7
225,22m-RGQ24-009,Rocas,450220,8825138,18,22-m,"GE36A9-T02: MAGMATISMO Y GEOQUÍMICA DEL BATOLITO DE LA COORDILLERA ORIENTAL DEL PERÚ CENTRAL, SU RELACIÓN CON ELEMENTOS ESTRATÉGICOS Y ÁREAS DE INTERÉS PROSPECTIVO",2024,No elaborado,No elaborado,No elaborado,Pasco,132-2024,INGEMMET,"I, IIa, IIb, III","Roca volcánica tabular, color rojiza textura porfirítica con plagioclasas alteradas a arcillas y xeonlitos de roca granular con óxidos de hierro entre las fracturas. Posiblemente dacita?.",na,na,<0.5,610,4,3,5,9.6,23.601,<5,8,<5,239,29,15,17,9,<10,<1,<2,<2,1.1,<5,10.14,<0.01,1.32,4.93,0.19,0.04,0.32,<0.01,29.87,0.21,26,307,2.3,173.8,5.67,3.4,2.3,1,21.7,7.2,9,0.8,<0.2,0.34,13.5,56.2,19.4,9.4,1.1,1,34,0.3,4.4,2,2.4
226,22m-RGQ24-010,Rocas,448408,8812500,18,22-m,"GE36A9-T02: MAGMATISMO Y GEOQUÍMICA DEL BATOLITO DE LA COORDILLERA ORIENTAL DEL PERÚ CENTRAL, SU RELACIÓN CON ELEMENTOS ESTRATÉGICOS Y ÁREAS DE INTERÉS PROSPECTIVO",2024,No elaborado,No elaborado,No elaborado,Pasco,132-2024,INGEMMET,"I, IIa, IIb, III","Roca ígnea intrusiva, color rosado claro, textura granular con cuarzo= 50%, feldespatos K = 40% y biotitas anhedrales, asociada al sienogranito San Ramón. Presenta argilización y óxidos de hierro.",na,na,<0.5,415,2,3,4,8,5.587,<5,<5,<5,117,37,<10,7,<5,<10,<1,<2,<2,<0.5,<5,8.19,0.27,1.23,3.99,0.45,0.01,3.69,0.03,32.34,0.14,57,322,1.7,54.7,1.47,6.1,4.9,1,20.7,4.9,9.2,1.6,<0.2,0.7,13.8,17.7,5.7,4.2,1.1,1,35.4,0.7,6.4,<1,4.8
227,22m-RGQ24-011,Rocas,452170,8820214,18,22-m,"GE36A9-T02: MAGMATISMO Y GEOQUÍMICA DEL BATOLITO DE LA COORDILLERA ORIENTAL DEL PERÚ CENTRAL, SU RELACIÓN CON ELEMENTOS ESTRATÉGICOS Y ÁREAS DE INTERÉS PROSPECTIVO",2024,No elaborado,No elaborado,No elaborado,Pasco,132-2024,INGEMMET,"I, IIa, IIb, III","Roca ígnea intrusiva, color gris, textura porfirítica con cuarzo ? 40 %, plagioclasas ? 25% y biotitas subhedrales - Anhedrales (20%) asociada al monzogranito San Ramón. Cortada por venillas de cuarzo (0.5 - 1 cm) subparalelas: N70°E/80°NW, S50°W/45°NW.",na,na,<0.5,230,36,14,146,15.5,23.808,80,<5,25,14,660,95,63,<5,<10,<1,<2,<2,<0.5,<5,10.85,5.56,5.03,0.62,2.65,0.08,1.17,0.15,20.43,0.47,9,72,1.3,27.8,2.99,2.1,0.8,1.2,20.6,2.6,1.5,0.4,<0.2,<0.15,9.6,11.2,3.5,3.4,<0.5,0.4,1.8,0.2,0.6,<1,0.7
228,22l-RGQ24-070,Rocas,400569,8821210,18,22-l,"GE36A9-T02: MAGMATISMO Y GEOQUÍMICA DEL BATOLITO DE LA COORDILLERA ORIENTAL DEL PERÚ CENTRAL, SU RELACIÓN CON ELEMENTOS ESTRATÉGICOS Y ÁREAS DE INTERÉS PROSPECTIVO",2024,No elaborado,No elaborado,No elaborado,Pasco,158-2024,INGEMMET,"I, IIa, IIb, III, IV, V",Vetilla tipo relleno de falla conformada por cuarzo blanco con venilla de pirita en sutura centrada. N340/60 SW y de ancho 8 cm. Roca caja Monzogranito,4.419,16,1,138,116,71,174,9.3,<2,18,62,8,54,230,28,34,214,<10,<1,<2,<2,<0.5,<5,2.56,7.77,11.69,1.3,0.44,0.26,0.04,0.01,25.29,0.07,33,26,1.4,22.8,0.51,4.7,3.1,1.2,5.8,3.9,0.8,1,0.2,0.58,2.5,11.5,2.7,3.1,<0.5,0.7,2.6,0.5,4.7,4,3.5
229,22l-RGQ24-071,Rocas,400569,8821210,18,22-l,"GE36A9-T02: MAGMATISMO Y GEOQUÍMICA DEL BATOLITO DE LA COORDILLERA ORIENTAL DEL PERÚ CENTRAL, SU RELACIÓN CON ELEMENTOS ESTRATÉGICOS Y ÁREAS DE INTERÉS PROSPECTIVO",2024,No elaborado,No elaborado,No elaborado,Pasco,158-2024,INGEMMET,"I, IIa, IIb, III, IV, V",Vetilla  tipo relleno de falla conformada por cuarzo blanco con venilla de pirita en sutura centrada. N340/60 SW y de ancho 8 cm. Roca caja Monzogranito.,9.5,37,1.1,190,137,113,473,6.7,<2,21,46,7,75,16,37,31,113,<10,<1,8,<2,<0.5,<5,3.62,0.49,14.51,1.65,0.14,0.09,0.03,0.03,26.67,0.09,11,34,2,15.6,0.71,2.1,1.3,0.7,9.1,2.1,1,0.4,0.3,0.26,3.8,7.6,1.9,1.8,<0.5,0.3,3.7,0.2,8.7,5,1.5
230,21l-RGQ24-017,Rocas,409662,8854914,18,21-l,"GE36A9-T02: MAGMATISMO Y GEOQUÍMICA DEL BATOLITO DE LA COORDILLERA ORIENTAL DEL PERÚ CENTRAL, SU RELACIÓN CON ELEMENTOS ESTRATÉGICOS Y ÁREAS DE INTERÉS PROSPECTIVO",2024,No elaborado,No elaborado,No elaborado,Pasco,158-2024,INGEMMET,"I, IIa, IIb, III, IV, V",Veta de cuarzo textuta masiva con hilos de goethita-jarosita con diseminados de muscovita. Rb N280/25 NE. Ancho 0.80 m.,<0.027,<10,<0.5,46,<1,3,6,<2,3.432,<5,7,<5,32,62,<10,<1,89,<10,<1,<2,<2,<0.5,<5,8.01,0.29,0.36,1,0.1,<0.01,5,0.05,34.98,0.02,<5,10,2.4,4.3,0.89,0.9,0.4,0.2,15.1,0.7,0.4,0.2,<0.2,<0.15,2.4,2.6,0.7,0.8,<0.5,0.1,0.7,<0.1,0.7,1,0.3
231,21l-RGQ24-018,Rocas,409662,8854914,18,21-l,"GE36A9-T02: MAGMATISMO Y GEOQUÍMICA DEL BATOLITO DE LA COORDILLERA ORIENTAL DEL PERÚ CENTRAL, SU RELACIÓN CON ELEMENTOS ESTRATÉGICOS Y ÁREAS DE INTERÉS PROSPECTIVO",2024,No elaborado,No elaborado,No elaborado,Pasco,158-2024,INGEMMET,"I, IIa, IIb, III, IV, V",Veta de cuarzo textura masiva con hilos de goethita-jarosita con diseminados de muscovita.  Rb N260/25 NW. Ancho 0.70 m.,<0.027,<10,<0.5,109,2,3,9,<2,6.077,<5,<5,<5,69,65,13,5,42,<10,<1,<2,<2,<0.5,<5,8.85,0.24,0.45,1.65,0.14,0.01,3.91,0.05,34.08,0.02,7,24,4.8,7.6,2.18,1.5,0.8,0.2,19.6,1.3,1.4,0.3,<0.2,<0.15,5.5,5.1,1.4,1.4,1.2,0.2,2.2,0.1,2.5,2,0.7
232,21l-RGQ24-019,Rocas,409658,8854972,18,21-l,"GE36A9-T02: MAGMATISMO Y GEOQUÍMICA DEL BATOLITO DE LA COORDILLERA ORIENTAL DEL PERÚ CENTRAL, SU RELACIÓN CON ELEMENTOS ESTRATÉGICOS Y ÁREAS DE INTERÉS PROSPECTIVO",2024,No elaborado,No elaborado,No elaborado,Pasco,158-2024,INGEMMET,"I, IIa, IIb, III"," Diorita a Monzogranito color gris verdoso textura equigranular, tamaño del grano fino a medio con presencia de biotitas cloritizadas. ",na,na,<0.5,447,10,5,3,28,24.46,<5,<5,33,25,228,79,43,14,<10,<1,<2,<2,<0.5,<5,7.47,2.48,3.84,1.14,1.04,0.09,2.46,0.05,31.61,0.34,49,178,2.1,48.2,0.78,9.3,4.8,2,18.3,9.6,4.2,1.8,<0.2,0.51,8.7,35.1,7.2,8.9,<0.5,1.5,1.1,0.7,0.4,1,3.8
233,21l-RGQ24-020,Rocas,409657,8855069,18,21-l,"GE36A9-T02: MAGMATISMO Y GEOQUÍMICA DEL BATOLITO DE LA COORDILLERA ORIENTAL DEL PERÚ CENTRAL, SU RELACIÓN CON ELEMENTOS ESTRATÉGICOS Y ÁREAS DE INTERÉS PROSPECTIVO",2024,No elaborado,No elaborado,No elaborado,Pasco,158-2024,INGEMMET,"I, IIa, IIb, III, IV, V",Veta de cuarzo de textura bandeada con hilos de goethita-jarosita. Rb N140/ 80SW. Ancho 0.25 m.,49,115,0.8,134,11,5,11,10.9,13.728,<5,29,8,17,24,49,29,1084,<10,<1,<2,<2,<0.5,10,2.23,0.17,2.54,0.42,0.56,0.05,0.64,0.03,40.56,0.19,23,74,0.8,22.5,0.55,3.2,2,0.8,5.8,3.3,1.7,0.7,<0.2,0.32,4,14.6,3.3,3,<0.5,0.5,0.6,0.3,0.4,11,1.8
234,22l-RGQ24-072,Rocas,398752,8825111,18,22-l,"GE36A9-T02: MAGMATISMO Y GEOQUÍMICA DEL BATOLITO DE LA COORDILLERA ORIENTAL DEL PERÚ CENTRAL, SU RELACIÓN CON ELEMENTOS ESTRATÉGICOS Y ÁREAS DE INTERÉS PROSPECTIVO",2024,No elaborado,No elaborado,No elaborado,Pasco,158-2024,INGEMMET,"I, IIa, IIb, III, IV, V",Veta de cuarzo de textura bandeada con hilos de goethita-jarosita. Rb N310/ 75SW. Ancho 0.25 m.,0.552,101,<0.5,147,9,16,5,10.3,<2,13,6,<5,53,20,24,23,31,<10,<1,<2,<2,<0.5,18,3.11,0.07,2.53,1.3,0.08,0.06,0.16,0.02,40.01,0.11,6,34,1.6,16.4,1.59,1.2,0.7,0.5,9.1,1.6,0.9,0.2,<0.2,<0.15,2.6,8.3,2,1.7,<0.5,0.2,2.5,0.1,1.1,18,0.7
235,22l-RGQ24-073,Rocas,398752,8825111,18,22-l,"GE36A9-T02: MAGMATISMO Y GEOQUÍMICA DEL BATOLITO DE LA COORDILLERA ORIENTAL DEL PERÚ CENTRAL, SU RELACIÓN CON ELEMENTOS ESTRATÉGICOS Y ÁREAS DE INTERÉS PROSPECTIVO",2024,No elaborado,No elaborado,No elaborado,Pasco,158-2024,INGEMMET,"I, IIa, IIb, III","Monzogranito color gris blanquecino, con textura inequigranular con fenocristales de plagioclasas y biotitas anhedrales. ",na,na,0.5,164,115,84,137,4.6,<2,18,40,<5,60,15,30,22,177,<10,<1,7,<2,<0.5,<5,3.06,0.39,14.39,1.47,0.08,0.03,0.06,0.02,28.07,0.07,<5,32,1.4,8,0.53,1,0.6,0.3,7,1,0.9,0.2,<0.2,<0.15,2.8,3.8,1,1,<0.5,0.2,2.2,0.1,2.7,4,0.6
236,22l-RGQ24-075,Rocas,398541,8825083,18,22-l,"GE36A9-T02: MAGMATISMO Y GEOQUÍMICA DEL BATOLITO DE LA COORDILLERA ORIENTAL DEL PERÚ CENTRAL, SU RELACIÓN CON ELEMENTOS ESTRATÉGICOS Y ÁREAS DE INTERÉS PROSPECTIVO",2024,No elaborado,No elaborado,No elaborado,Pasco,158-2024,INGEMMET,"I, IIa, IIb, III, IV, V","Veta de cuarzo, textura bandeada con venillas de pirita-esfalerita-goethita-jarosita. Rb N320/ 75°SW, ancho 0.30 m.",10.667,490,1.4,166,8,30,177,6.3,2.436,43,38,5,55,108,37,5582,28,38,36,15,<2,<0.5,<5,3,4.06,4.16,1.28,1.39,0.19,0.16,0.03,32.94,0.25,11,39,1.2,12.5,1.51,1.9,1.1,0.6,8.1,2,1.1,0.4,0.4,0.15,5.1,6.6,1.6,1.6,<0.5,0.3,1.5,0.2,1.5,13,1
237,22l-RGQ24-076,Rocas,398541,8825083,18,22-l,"GE36A9-T02: MAGMATISMO Y GEOQUÍMICA DEL BATOLITO DE LA COORDILLERA ORIENTAL DEL PERÚ CENTRAL, SU RELACIÓN CON ELEMENTOS ESTRATÉGICOS Y ÁREAS DE INTERÉS PROSPECTIVO",2024,No elaborado,No elaborado,No elaborado,Pasco,158-2024,INGEMMET,"I, IIa, IIb, III, IV, V","Veta de cuarzo, textura bandeada con hilos de pirita-goethita-jarosita. Rb N320/ 75°NE, ancho 0.25 m.",39.5,1340,14,34,5,13,571,<2,<2,16,12563,<5,15,21,<10,15751,48,115,121,37,2,<0.5,121,0.73,0.66,5.87,0.31,0.22,0.06,0.08,<0.01,37.63,0.05,<5,24,<0.6,2.3,0.58,0.5,0.2,0.2,2.4,0.5,<0.2,<0.1,0.6,<0.15,1.4,1.4,0.3,0.4,<0.5,<0.1,0.3,<0.1,0.3,121,0.2
238,22l-RGQ24-077,Rocas,398541,8825083,18,22-l,"GE36A9-T02: MAGMATISMO Y GEOQUÍMICA DEL BATOLITO DE LA COORDILLERA ORIENTAL DEL PERÚ CENTRAL, SU RELACIÓN CON ELEMENTOS ESTRATÉGICOS Y ÁREAS DE INTERÉS PROSPECTIVO",2024,No elaborado,No elaborado,No elaborado,Pasco,158-2024,INGEMMET,"I, IIa, IIb, III, IV, V","Veta de cuarzo, textura bandeada con hilos de pirita-goethita-jarosita. Rb N320/ 70°NE, ancho 0.15 m.",9.835,241,2.2,33,8,14,273,<2,<2,22,141,<5,11,37,<10,189,42,80,1,9,<2,<0.5,314,0.64,1.55,4.51,0.3,0.48,0.05,0.06,0.01,39.7,0.06,<5,12,<0.6,4,0.34,1.1,0.5,0.3,1.8,1,<0.2,0.2,<0.2,<0.15,1.5,2.7,0.6,0.8,<0.5,0.2,0.4,<0.1,0.4,413,0.4
239,22l-RGQ24-078,Rocas,402574,8819491,18,22-l,"GE36A9-T02: MAGMATISMO Y GEOQUÍMICA DEL BATOLITO DE LA COORDILLERA ORIENTAL DEL PERÚ CENTRAL, SU RELACIÓN CON ELEMENTOS ESTRATÉGICOS Y ÁREAS DE INTERÉS PROSPECTIVO",2024,No elaborado,No elaborado,No elaborado,Pasco,158-2024,INGEMMET,"I, IIa, IIb, III, IV, V","Veta de cuarzo, textura bandeada con hilos de pirita-goethita-jarosita. Rb N320/ 70°NE, ancho 0.15 m.",0.393,62,8,248,2,4,352,16.4,2.064,<5,6424,<5,70,6,27,458,9,<10,3,<2,7,<0.5,<5,3.65,0.05,1.05,1.84,0.11,0.05,0.06,0.02,40.57,0.06,<5,39,1.8,25,1.27,1,0.6,0.3,7.3,1.2,1.3,0.2,<0.2,<0.15,3.2,9.1,2.6,1.4,0.5,0.2,6,0.1,2.5,5,0.7
240,22l-RGQ24-078a,Rocas,402574,8819491,18,22-l,"GE36A9-T02: MAGMATISMO Y GEOQUÍMICA DEL BATOLITO DE LA COORDILLERA ORIENTAL DEL PERÚ CENTRAL, SU RELACIÓN CON ELEMENTOS ESTRATÉGICOS Y ÁREAS DE INTERÉS PROSPECTIVO",2024,No elaborado,No elaborado,No elaborado,Pasco,158-2024,INGEMMET,"I, IIa, IIb, III","Monzogranito color gris blanquecino, textura inequigranular con fenocristales de plagioclasas, biotitas anhedrales. ",na,na,<0.5,460,4,4,7,9.6,9.839,<5,23,7,75,127,22,40,<5,<10,<1,<2,<2,0.6,<5,6.28,1.53,1.8,2.15,0.35,0.05,2.29,0.02,34.94,0.11,16,109,2.7,45.6,2.97,2.4,1.6,0.5,13,2.8,2.4,0.5,<0.2,0.27,6.1,12.4,4.9,3,0.8,0.4,11.6,0.2,3.6,1,1.7
241,22l-RGQ24-080,Rocas,398247,8824971,18,22-l,"GE36A9-T02: MAGMATISMO Y GEOQUÍMICA DEL BATOLITO DE LA COORDILLERA ORIENTAL DEL PERÚ CENTRAL, SU RELACIÓN CON ELEMENTOS ESTRATÉGICOS Y ÁREAS DE INTERÉS PROSPECTIVO",2024,No elaborado,No elaborado,No elaborado,Pasco,158-2024,INGEMMET,"I, IIa, IIb, III, IV, V","Veta de cuarzo, textura bandeada con hilos de hematita-jarosita. Rb N35°/ 75°SE, ancho 0.15 m.",1.039,<10,<0.5,173,3,3,4,24.2,<2,<5,33,9,74,20,17,51,153,<10,<1,<2,<2,<0.5,<5,4.33,0.06,1.37,1.6,0.15,0.03,0.79,0.01,39.01,0.06,33,149,1.9,40.5,0.7,5.5,3.5,1,12.5,5.1,3.9,1.2,<0.2,0.53,4.8,21.5,5.2,4.6,0.6,0.8,5.1,0.5,1.9,5,3.4
242,21l-RGQ24-021,Rocas,409539,8851890,18,21-l,"GE36A9-T02: MAGMATISMO Y GEOQUÍMICA DEL BATOLITO DE LA COORDILLERA ORIENTAL DEL PERÚ CENTRAL, SU RELACIÓN CON ELEMENTOS ESTRATÉGICOS Y ÁREAS DE INTERÉS PROSPECTIVO",2024,No elaborado,No elaborado,No elaborado,Pasco,158-2024,INGEMMET,"I, IIa, IIb, III, IV, V","Veta de cuarzo blanco, textura bandeada con venillas sílice gris con diseminados de pirita fn. Rb N340/ 80NE, ancho 0.40 m.",12.667,21,1,110,10,11,124,2.6,11,8,<5,10,56,47,75,9,1454,<10,<1,<2,<2,<0.5,7,2.36,3.32,1.27,1.05,0.52,0.04,0.06,<0.01,38.69,0.1,<5,<5,1.5,5.4,1.81,0.7,0.4,0.4,6.4,0.9,0.2,0.1,<0.2,<0.15,0.7,3.4,0.7,0.8,<0.5,0.1,<0.2,<0.1,0.2,9,0.4
243,21l-RGQ24-022,Rocas,409539,8851890,18,21-l,"GE36A9-T02: MAGMATISMO Y GEOQUÍMICA DEL BATOLITO DE LA COORDILLERA ORIENTAL DEL PERÚ CENTRAL, SU RELACIÓN CON ELEMENTOS ESTRATÉGICOS Y ÁREAS DE INTERÉS PROSPECTIVO",2024,No elaborado,No elaborado,No elaborado,Pasco,158-2024,INGEMMET,"I, IIa, IIb, III, IV, V","Veta de cuarzo blanco masivo con parches de óxidos goethita-hematita y diseminados de muscovita. N350°/65°NE, ancho 0.60 m.",<0.027,<10,<0.5,17,<1,3,7,<2,4.341,<5,<5,<5,19,14,12,3,<5,<10,<1,<2,<2,<0.5,<5,0.84,1.48,0.42,0.35,0.13,0.02,0.06,<0.01,43.06,0.02,<5,<5,<0.6,2,1.1,0.4,0.3,<0.1,1.7,0.4,0.2,<0.1,<0.2,<0.15,0.6,1.1,0.3,0.3,<0.5,<0.1,<0.2,<0.1,0.2,<1,0.3
244,21l-RGQ24-023,Rocas,409539,8851890,18,21-l,"GE36A9-T02: MAGMATISMO Y GEOQUÍMICA DEL BATOLITO DE LA COORDILLERA ORIENTAL DEL PERÚ CENTRAL, SU RELACIÓN CON ELEMENTOS ESTRATÉGICOS Y ÁREAS DE INTERÉS PROSPECTIVO",2024,No elaborado,No elaborado,No elaborado,Pasco,158-2024,INGEMMET,"I, IIa, IIb, III, IV, V","Veta de cuarzo blanco masivo con parches y diseminados de pirita. N325°/65°NE, ancho 0.25 m.",0.371,<10,<0.5,13,12,21,25,2.9,20.023,6,<5,15,4,164,79,24,8,<10,<1,<2,<2,<0.5,<5,7.12,6.98,1.93,0.12,1.15,0.07,4.17,0.05,27.62,0.1,<5,18,6.4,4.9,0.25,1,0.7,0.2,11.8,0.8,0.8,0.2,<0.2,<0.15,3.5,2.8,0.7,0.7,2,0.2,0.4,0.1,9.9,1,0.8
245,21l-RGQ24-024,Rocas,409539,8851890,18,21-l,"GE36A9-T02: MAGMATISMO Y GEOQUÍMICA DEL BATOLITO DE LA COORDILLERA ORIENTAL DEL PERÚ CENTRAL, SU RELACIÓN CON ELEMENTOS ESTRATÉGICOS Y ÁREAS DE INTERÉS PROSPECTIVO",2024,No elaborado,No elaborado,No elaborado,Pasco,158-2024,INGEMMET,"I, IIa, IIb, III, IV, V","Veta de cuarzo blanco, textura bandeada venillas sílice gris con parches Au y diseminados de pirita. N340°/65°SW, ancho 0.30 m.",114.5,407,8.1,137,21,43,162,6,31.95,16,132,18,58,66,176,82,4007,<10,<1,<2,<2,<0.5,15,3.42,4.99,3.84,1.1,1.4,0.06,0.09,0.03,32.85,0.26,7,30,2.6,12.7,2.62,1.7,1,0.7,12.1,2,0.7,0.4,<0.2,<0.15,8.6,8,1.8,1.9,0.8,0.3,0.6,0.1,0.4,17,0.9
246,21l-RGQ24-025,Rocas,409539,8851890,18,21-l,"GE36A9-T02: MAGMATISMO Y GEOQUÍMICA DEL BATOLITO DE LA COORDILLERA ORIENTAL DEL PERÚ CENTRAL, SU RELACIÓN CON ELEMENTOS ESTRATÉGICOS Y ÁREAS DE INTERÉS PROSPECTIVO",2024,No elaborado,No elaborado,No elaborado,Pasco,158-2024,INGEMMET,"I, IIa, IIb, III, IV, V","Veta de cuarzo blanco, textura bandeada venillas sílice gris con venillas de pirita a manera de sutura centrada. N330°/65°NE, ancho 0.15 m.",10.723,25,<0.5,76,6,12,19,<2,13.742,<5,<5,5,46,24,47,10,2662,<10,<1,<2,<2,<0.5,6,2.17,1.83,1.59,0.8,0.54,0.02,0.09,0.01,40.77,0.07,<5,20,1.4,3.6,1.79,0.6,0.3,0.2,5.4,0.7,0.5,0.1,<0.2,<0.15,0.7,2.3,0.5,0.6,<0.5,0.1,0.5,<0.1,0.2,9,0.2
247,22l-RGQ24-081,Rocas,397990,8831725,18,22-l,"GE36A9-T02: MAGMATISMO Y GEOQUÍMICA DEL BATOLITO DE LA COORDILLERA ORIENTAL DEL PERÚ CENTRAL, SU RELACIÓN CON ELEMENTOS ESTRATÉGICOS Y ÁREAS DE INTERÉS PROSPECTIVO",2024,No elaborado,No elaborado,No elaborado,Pasco,158-2024,INGEMMET,"I, IIa, IIb, III, IV, V","Veta de cuarzo blanco masivo con venillas y parches óxidos. N350°/80°NE, ancho 0.15 m.",0.249,15,<0.5,67,4,3,458,2.8,<2,<5,7,<5,17,11,<10,27,8,<10,<1,<2,<2,<0.5,<5,1,0.55,1.27,0.45,0.04,0.03,0.06,<0.01,43.5,0.03,<5,18,<0.6,12.5,0.41,0.4,0.2,0.2,1.9,0.5,0.4,<0.1,<0.2,<0.15,0.9,4.5,1.4,0.6,<0.5,<0.1,1.2,<0.1,0.7,1,0.3
248,22l-RGQ24-082,Rocas,397990,8831725,18,22-l,"GE36A9-T02: MAGMATISMO Y GEOQUÍMICA DEL BATOLITO DE LA COORDILLERA ORIENTAL DEL PERÚ CENTRAL, SU RELACIÓN CON ELEMENTOS ESTRATÉGICOS Y ÁREAS DE INTERÉS PROSPECTIVO",2024,No elaborado,No elaborado,No elaborado,Pasco,158-2024,INGEMMET,"I, IIa, IIb, III, IV, V","Veta cuarzo blanco masivo cortada por venillas de pirita y óxidos. N340°/80°NE, ancho 0.20 m.",6.724,268,4.1,99,45,3,4298,5.6,<2,37,94,<5,26,74,17,94,11,65,<1,<2,<2,<0.5,<5,1.49,1.64,5.22,0.63,0.51,0.11,0.13,0.01,37.39,0.05,<5,36,<0.6,18.7,0.51,1.2,0.7,0.4,3,1.3,0.8,0.2,<0.2,<0.15,1.9,8.4,2.2,1.4,<0.5,0.2,2,0.1,0.6,2,0.7
249,22l-RGQ24-083,Rocas,398019,8831861,18,22-l,"GE36A9-T02: MAGMATISMO Y GEOQUÍMICA DEL BATOLITO DE LA COORDILLERA ORIENTAL DEL PERÚ CENTRAL, SU RELACIÓN CON ELEMENTOS ESTRATÉGICOS Y ÁREAS DE INTERÉS PROSPECTIVO",2024,No elaborado,No elaborado,No elaborado,Pasco,158-2024,INGEMMET,"I, IIa, IIb, III, IV, V","Veta de cuarzo blanco, textura bandeada con venillas y parches de óxidos. N345°/55°NE, ancho 0.25 m.",<0.027,<10,<0.5,404,5,4,6,4,<2,<5,13,9,70,31,40,50,18,<10,<1,3,<2,<0.5,<5,4.59,3.47,3.88,1.91,0.14,0.18,0.28,0.03,33.66,0.12,14,76,1.4,14.3,1.36,2.3,1.4,0.6,9.6,1.8,1.9,0.5,<0.2,0.25,2.6,6.2,1.6,1.5,<0.5,0.3,4.1,0.2,3.9,5,1.6
250,22l-RGQ24-084,Rocas,398019,8831861,18,22-l,"GE36A9-T02: MAGMATISMO Y GEOQUÍMICA DEL BATOLITO DE LA COORDILLERA ORIENTAL DEL PERÚ CENTRAL, SU RELACIÓN CON ELEMENTOS ESTRATÉGICOS Y ÁREAS DE INTERÉS PROSPECTIVO",2024,No elaborado,No elaborado,No elaborado,Pasco,158-2024,INGEMMET,"I, IIa, IIb, III","Monzogranito color gris blanquecino, textura inequigranular con fenocristales de plagioclasas y biotita anhedral. ",na,na,<0.5,349,5,2,<2,4.6,<2,<5,<5,7,68,29,39,37,15,<10,<1,2,<2,<0.5,<5,4.41,2.19,2.82,1.79,0.11,0.12,0.35,0.03,36.85,0.11,7,106,1.2,15.5,1.28,1.5,0.9,0.5,8.8,1.4,2.6,0.3,<0.2,0.18,2.3,6.6,1.7,1.4,<0.5,0.2,2.6,0.2,2.6,4,1.1
251,21l-RGQ24-026,Rocas,409539,8851890,18,21-l,"GE36A9-T02: MAGMATISMO Y GEOQUÍMICA DEL BATOLITO DE LA COORDILLERA ORIENTAL DEL PERÚ CENTRAL, SU RELACIÓN CON ELEMENTOS ESTRATÉGICOS Y ÁREAS DE INTERÉS PROSPECTIVO",2024,No elaborado,No elaborado,No elaborado,Pasco,158-2024,INGEMMET,"I, IIa, IIb, III, IV, V","Veta de cuarzo blanco masivo con óxidos. N150°/85°SW, ancho 0.25 m.",<0.027,<10,<0.5,182,13,17,4,7.7,39.706,7,<5,22,80,158,108,48,21,<10,<1,<2,<2,<0.5,6,7.91,4.43,3.44,1.47,1.47,0.06,2.83,0.06,27.9,0.24,17,43,2.9,15.9,4.54,3,1.6,0.7,17,2.9,1.3,0.6,<0.2,0.24,3.8,10.2,2.2,2.7,0.5,0.5,1.2,0.3,1.7,6,1.7
252,21l-RGQ24-027,Rocas,409497,8851957,18,21-l,"GE36A9-T02: MAGMATISMO Y GEOQUÍMICA DEL BATOLITO DE LA COORDILLERA ORIENTAL DEL PERÚ CENTRAL, SU RELACIÓN CON ELEMENTOS ESTRATÉGICOS Y ÁREAS DE INTERÉS PROSPECTIVO",2024,No elaborado,No elaborado,No elaborado,Pasco,158-2024,INGEMMET,"I, IIa, IIb, III, IV, V","Veta de cuarzo, textura bandeada con cuarzo tipo crustiforme a los bordes que pasa a cuarzo blanco masivo. N330°/75°SW, ancho 0.15 m.",<0.027,<10,<0.5,52,3,6,<2,<2,10.808,<5,<5,<5,24,31,17,6,18,<10,<1,<2,<2,<0.5,<5,1.17,5.35,0.63,0.42,0.29,0.03,0.04,0.01,38.9,0.05,<5,36,<0.6,3.8,1.24,0.8,0.6,0.2,2.7,0.8,1,0.2,<0.2,<0.15,1.4,2.7,0.6,0.7,<0.5,0.1,2.4,<0.1,0.4,2,0.6
253,21l-RGQ24-028,Rocas,409497,8851957,18,21-l,"GE36A9-T02: MAGMATISMO Y GEOQUÍMICA DEL BATOLITO DE LA COORDILLERA ORIENTAL DEL PERÚ CENTRAL, SU RELACIÓN CON ELEMENTOS ESTRATÉGICOS Y ÁREAS DE INTERÉS PROSPECTIVO",2024,No elaborado,No elaborado,No elaborado,Pasco,158-2024,INGEMMET,"I, IIa, IIb, III, IV, V","Veta cuarzo, textura bandeada con cuarzo tipo crustiforme a los bordes que pasa a cuarzo blanco masivos. N332°/78°NE, ancho 0.20 m.",0.234,16,<0.5,110,4,6,111,<2,12.794,<5,<5,7,76,67,45,13,20,<10,<1,<2,<2,<0.5,<5,4.54,3.34,1.21,1.31,0.52,0.03,1.1,0.04,35.87,0.11,5,46,2.4,4.2,3.61,1.4,0.6,0.3,9.5,1.3,0.9,0.2,<0.2,<0.15,3.7,3.3,0.7,1.1,1.1,0.2,0.6,0.1,1.9,5,0.5
254,21l-RGQ24-029,Rocas,409497,8851957,18,21-l,"GE36A9-T02: MAGMATISMO Y GEOQUÍMICA DEL BATOLITO DE LA COORDILLERA ORIENTAL DEL PERÚ CENTRAL, SU RELACIÓN CON ELEMENTOS ESTRATÉGICOS Y ÁREAS DE INTERÉS PROSPECTIVO",2024,No elaborado,No elaborado,No elaborado,Pasco,158-2024,INGEMMET,"I, IIa, IIb, III, IV, V","Veta de cuarzo blanco bandeado cortada por venillas de óxidos con sílice gris. N340°/70°NE, ancho 0.10 m.",0.112,<10,<0.5,135,8,18,9,18.9,16.414,6,<5,11,52,122,64,25,20,<10,<1,<2,<2,<0.5,5,6.17,2.69,2.35,0.89,1.1,0.05,2.19,0.19,33.23,0.15,9,50,7,44.3,2.01,2,0.9,1,12.7,3.3,1.7,0.3,<0.2,<0.15,8.1,22.4,5.7,4.2,3.2,0.4,12.2,0.1,3,15,0.8
255,21l-RGQ24-030,Rocas,410165,8845617,18,21-l,"GE36A9-T02: MAGMATISMO Y GEOQUÍMICA DEL BATOLITO DE LA COORDILLERA ORIENTAL DEL PERÚ CENTRAL, SU RELACIÓN CON ELEMENTOS ESTRATÉGICOS Y ÁREAS DE INTERÉS PROSPECTIVO",2024,No elaborado,No elaborado,No elaborado,Pasco,158-2024,INGEMMET,"I, IIa, IIb, III, IV, V","Vetilla cuarzo blanco tipo diente de perro con diseminados muscovita y (?) turmalina. N130°/70°SW, ancho 0.20 m.",<0.027,<10,<0.5,63,2,7,9,<2,23.492,<5,<5,<5,74,71,24,15,13,<10,<1,<2,<2,0.7,<5,8.29,0.87,0.77,1.24,0.28,0.02,4.23,0.25,33.95,0.02,<5,10,48.4,3.4,9.41,0.6,0.3,0.1,20.1,0.5,1,0.1,<0.2,<0.15,15.8,1.4,0.4,0.5,6.1,<0.1,0.3,<0.1,1.4,2,0.3
256,22l-RGQ24-085,Rocas,408806,8799896,18,22-l,"GE36A9-T02: MAGMATISMO Y GEOQUÍMICA DEL BATOLITO DE LA COORDILLERA ORIENTAL DEL PERÚ CENTRAL, SU RELACIÓN CON ELEMENTOS ESTRATÉGICOS Y ÁREAS DE INTERÉS PROSPECTIVO",2024,No elaborado,No elaborado,No elaborado,Pasco,158-2024,INGEMMET,"I, IIa, IIb, III, IV, V","Veta sílice gris masivo cortada por venillas de pirita fn. N330°/65°NE, ancho 0.2 m.",35,52,2.1,386,3,1,106,3.1,2.306,<5,<5,<5,62,5,<10,13,130625,<10,<1,<2,51,<0.5,<5,2.77,0.04,20.64,1.41,0.15,<0.01,0.07,0.02,18.23,0.09,10,135,0.9,21.7,0.4,1.5,1,0.4,8.9,1.8,3.7,0.3,0.3,0.16,8.6,13.2,3.1,2.3,0.6,0.3,4.9,0.2,1,3,1
257,22l-RGQ24-086,Rocas,408806,8799896,18,22-l,"GE36A9-T02: MAGMATISMO Y GEOQUÍMICA DEL BATOLITO DE LA COORDILLERA ORIENTAL DEL PERÚ CENTRAL, SU RELACIÓN CON ELEMENTOS ESTRATÉGICOS Y ÁREAS DE INTERÉS PROSPECTIVO",2024,No elaborado,No elaborado,No elaborado,Pasco,158-2024,INGEMMET,"I, IIa, IIb, III, IV, V","Veta de cuarzo gris con venillas hematita- jarosita y diseminados de pirita. N320°/75°NE, ancho 0.1 m.",3.867,99,<0.5,445,<1,1,18,40.6,2.793,<5,18,6,93,36,<10,11,48041,<10,<1,<2,15,<0.5,<5,5.27,0.07,7.36,2.26,0.21,<0.01,0.79,0.02,30.55,0.18,23,310,1.3,85.4,0.8,4.6,2.7,1.4,15.5,6.2,7.6,0.9,<0.2,0.4,15.8,42.5,10.8,7.5,1.2,0.8,10.2,0.4,2.5,7,2.7
258,22l-RGQ24-087,Rocas,408783,8800008,18,22-l,"GE36A9-T02: MAGMATISMO Y GEOQUÍMICA DEL BATOLITO DE LA COORDILLERA ORIENTAL DEL PERÚ CENTRAL, SU RELACIÓN CON ELEMENTOS ESTRATÉGICOS Y ÁREAS DE INTERÉS PROSPECTIVO",2024,No elaborado,No elaborado,No elaborado,Pasco,158-2024,INGEMMET,"I, IIa, IIb, III, IV, V","Veta de cuarzo blanco a los bordes seguido de sílice gris cortada con venillas de pirita, sulfuros grises hacia el centro. N290°/55°NE, ancho 0.15 m.",6.203,120,<0.5,243,19,3,9,28.9,4.472,<5,<5,<5,79,33,17,6,38249,<10,<1,<2,14,<0.5,<5,3.53,0.4,16.49,1.87,0.24,0.01,0.07,0.05,24.04,0.16,7,196,1.1,70,0.56,2,1.2,1,12.4,3.8,4.7,0.4,<0.2,0.18,7.9,29.7,7.2,5.1,0.6,0.4,5,0.2,1.2,10,1.1
259,22l-RGQ24-088,Rocas,408783,8800008,18,22-l,"GE36A9-T02: MAGMATISMO Y GEOQUÍMICA DEL BATOLITO DE LA COORDILLERA ORIENTAL DEL PERÚ CENTRAL, SU RELACIÓN CON ELEMENTOS ESTRATÉGICOS Y ÁREAS DE INTERÉS PROSPECTIVO",2024,No elaborado,No elaborado,No elaborado,Pasco,158-2024,INGEMMET,"I, IIa, IIb, III, IV, V","Veta de cuarzo blanco, textura de reemplazamiento por sílice gris cortada con vetilla de pirita-marcasita- sulfuros grises, diseminados de calcopirita y bornita. N300°/60°NE, ancho 0.20 m.",10.667,380,<0.5,360,7,2,25,32.8,3.697,<5,<5,6,77,52,21,10,32114,<10,<1,<2,17,<0.5,<5,4.74,0.82,15.53,1.9,0.27,0.02,1.08,0.06,22.12,0.23,19,315,1.4,77.3,0.55,3.3,1.9,1,12.4,4.7,7,0.6,<0.2,0.27,10.5,32.9,8.1,5.8,0.8,0.6,6.7,0.3,1.7,8,1.8
260,22l-RGQ24-089,Rocas,408783,8800008,18,22-l,"GE36A9-T02: MAGMATISMO Y GEOQUÍMICA DEL BATOLITO DE LA COORDILLERA ORIENTAL DEL PERÚ CENTRAL, SU RELACIÓN CON ELEMENTOS ESTRATÉGICOS Y ÁREAS DE INTERÉS PROSPECTIVO",2024,No elaborado,No elaborado,No elaborado,Pasco,158-2024,INGEMMET,"I, IIa, IIb, III, IV, V","Veta de cuarzo grises con pirita en venas de 5cm y venillas de calcita y óxidos de hierro de hasta 10 cm. N320°/75°NE, ancho 0.80 m.",7.464,41,1,18,<1,<1,166,26.6,<2,<5,10,<5,5,376,<10,23,24573,<10,<1,<2,29,<0.5,<5,0.19,31.36,6.03,0.13,0.12,0.86,0.02,<0.01,6.21,<0.01,65,<5,<0.6,104.3,0.13,12.9,4.9,34.8,0.8,15.4,0.2,2.1,1.6,0.36,<0.5,51,11.2,13.5,<0.5,2.3,0.4,0.6,0.1,<1,3.3
261,22l-RGQ24-090,Rocas,409125,8797128,18,22-l,"GE36A9-T02: MAGMATISMO Y GEOQUÍMICA DEL BATOLITO DE LA COORDILLERA ORIENTAL DEL PERÚ CENTRAL, SU RELACIÓN CON ELEMENTOS ESTRATÉGICOS Y ÁREAS DE INTERÉS PROSPECTIVO",2024,No elaborado,No elaborado,No elaborado,Junín,158-2024,INGEMMET,"I, IIa, IIb, III, IV, V","Veta de cuarzo blanco masivo cortada por vetilla de pirita-calcopirita, óxidos. N350°/75°NE, ancho 0.15 m.",0.385,125,<0.5,217,35,5,12,20.8,7.364,<5,13,<5,80,76,14,28,260,<10,<1,3,3,<0.5,<5,3.72,11.36,3.5,1.97,0.2,0.19,0.07,0.03,27.18,0.14,65,188,1.3,63.6,1.08,12.6,4.5,6.3,11.2,15.2,4.2,2,0.2,0.39,6.8,40.7,8,12.5,0.6,2.3,4.7,0.5,1.3,2,3.2
262,22l-RGQ24-091,Rocas,409177,8796832,18,22-l,"GE36A9-T02: MAGMATISMO Y GEOQUÍMICA DEL BATOLITO DE LA COORDILLERA ORIENTAL DEL PERÚ CENTRAL, SU RELACIÓN CON ELEMENTOS ESTRATÉGICOS Y ÁREAS DE INTERÉS PROSPECTIVO",2024,No elaborado,No elaborado,No elaborado,Junín,158-2024,INGEMMET,"I, IIa, IIb, III, IV, V","Veta de cuarzo blanca, textura bandeada cortada por vetilla de pirita hacia la caja piso. N40°/55°SE, ancho 0.30 m.",1.86,662,<0.5,93,30,2,157,6.4,5.615,7,<5,<5,31,76,<10,8,10446,10,<1,<2,14,<0.5,<5,2.14,8.09,19.1,0.82,0.12,0.1,0.49,0.02,17.67,0.07,50,98,0.7,15.3,0.45,8.7,3.5,1.6,7.4,6.9,2.2,1.5,<0.2,0.22,3.7,10.3,1.9,3.9,<0.5,1.3,2.4,0.4,0.7,<1,2
263,22l-RGQ24-092,Rocas,409177,8796832,18,22-l,"GE36A9-T02: MAGMATISMO Y GEOQUÍMICA DEL BATOLITO DE LA COORDILLERA ORIENTAL DEL PERÚ CENTRAL, SU RELACIÓN CON ELEMENTOS ESTRATÉGICOS Y ÁREAS DE INTERÉS PROSPECTIVO",2024,No elaborado,No elaborado,No elaborado,Junín,158-2024,INGEMMET,"I, IIa, IIb, III, IV, V","Veta de cuarzo blanco, calcita cortado por vetillas de pirita de 5cm. N40°/60°SE, ancho 0.15 m.",2.187,30,1.3,108,24,3,219,9,8.802,<5,231,<5,29,104,10,134,13897,<10,1,<2,29,<0.5,<5,1.25,11.88,5.8,0.67,0.1,0.23,0.03,<0.01,27.71,0.04,23,58,<0.6,23.7,0.62,4.7,1.8,2.2,4.7,4.7,1.3,0.8,0.5,<0.15,2.3,13.5,2.8,3.8,<0.5,0.8,1.6,0.2,0.4,<1,1.3
264,22l-RGQ24-093,Rocas,408937,8796818,18,22-l,"GE36A9-T02: MAGMATISMO Y GEOQUÍMICA DEL BATOLITO DE LA COORDILLERA ORIENTAL DEL PERÚ CENTRAL, SU RELACIÓN CON ELEMENTOS ESTRATÉGICOS Y ÁREAS DE INTERÉS PROSPECTIVO",2024,No elaborado,No elaborado,No elaborado,Junín,158-2024,INGEMMET,"I, IIa, IIb, III, IV, V","Veta de cuarzo blanco masivo con oquedades rellenadas por cuarzo hialino tipo diente de perro recubierto por goethita-hematita -jarosita. N35°/65°SE, ancho 1 m.",0.03,59,<0.5,129,<1,6,<2,<2,5.744,<5,6,<5,43,15,16,5,30,<10,<1,<2,<2,<0.5,<5,2.02,0.11,1.07,1.05,0.09,0.02,0.1,<0.01,42.46,0.05,<5,75,<0.6,4.4,0.95,0.6,0.4,0.1,8.5,0.4,1.5,0.1,<0.2,<0.15,2.4,1.8,0.4,0.4,<0.5,<0.1,0.9,<0.1,0.4,<1,0.5
265,22l-RGQ24-094,Rocas,408821,8796611,18,22-l,"GE36A9-T02: MAGMATISMO Y GEOQUÍMICA DEL BATOLITO DE LA COORDILLERA ORIENTAL DEL PERÚ CENTRAL, SU RELACIÓN CON ELEMENTOS ESTRATÉGICOS Y ÁREAS DE INTERÉS PROSPECTIVO",2024,No elaborado,No elaborado,No elaborado,Junín,158-2024,INGEMMET,"I, IIa, IIb, III, IV, V","Veta de cuarzo blanco masivo con oquedades rellenadas por cuarzo hialino tipo diente de perro recubierto por goethita-hematita-jarosita. N35°/65°SE, ancho 1 m.",<0.027,25,<0.5,54,<1,3,<2,3.6,3.535,<5,<5,<5,22,14,<10,<1,38,<10,<1,<2,<2,<0.5,<5,0.85,0.76,0.33,0.49,0.08,0.05,<0.01,<0.01,44.15,0.03,<5,41,<0.6,6.8,0.51,0.6,0.4,0.2,2.3,0.7,1.1,0.1,<0.2,<0.15,1.7,3,0.7,0.6,<0.5,0.1,0.9,<0.1,0.2,<1,0.4
266,22l-RGQ24-098,Rocas,398368,8824187,18,22-l,"GE36A9-T02: MAGMATISMO Y GEOQUÍMICA DEL BATOLITO DE LA COORDILLERA ORIENTAL DEL PERÚ CENTRAL, SU RELACIÓN CON ELEMENTOS ESTRATÉGICOS Y ÁREAS DE INTERÉS PROSPECTIVO",2024,No elaborado,No elaborado,No elaborado,Pasco,158-2024,INGEMMET,"I, IIa, IIb, III, IV, V","Veta de cuarzo blanco con oquedades tapizadas con goethita-jarosita-hematita. N345°/50°SW, ancho 0.15 m.",<0.027,27,1.5,366,5,6,7,10.8,7.794,<5,34,6,137,27,35,26,19,<10,<1,2,2,0.9,<5,6.65,0.04,4.95,3.28,0.19,1.52,0.06,0.01,32.59,0.14,29,105,3.1,42,4.42,4.4,2.5,0.8,13.5,4.4,3,0.9,0.4,0.37,5.3,18.2,4.4,4.1,0.7,0.7,10,0.4,3.3,9,2.7
267,22l-RGQ24-099,Rocas,398648,8823893,18,22-l,"GE36A9-T02: MAGMATISMO Y GEOQUÍMICA DEL BATOLITO DE LA COORDILLERA ORIENTAL DEL PERÚ CENTRAL, SU RELACIÓN CON ELEMENTOS ESTRATÉGICOS Y ÁREAS DE INTERÉS PROSPECTIVO",2024,No elaborado,No elaborado,No elaborado,Pasco,158-2024,INGEMMET,"I, IIa, IIb, III, IV, V","Veta de cuarzo blanco masivo con oquedades rellenadas por goethita-hematita -jarosita. N140°/65°SO, ancho 0.10 m.",0.902,<10,2.4,41,<1,4,255,2.2,<2,<5,397,<5,12,4,<10,44,19,63,<1,<2,2,<0.5,<5,0.55,<0.01,8.2,0.28,0.01,0.05,0.02,<0.01,39.48,0.02,<5,10,<0.6,4.1,0.35,0.8,0.6,0.1,1.2,0.6,0.2,0.2,0.4,<0.15,0.6,2.2,0.5,0.5,<0.5,0.1,0.7,<0.1,1.1,2,0.8
268,22l-RGQ24-100,Rocas,396225,8823278,18,22-l,"GE36A9-T02: MAGMATISMO Y GEOQUÍMICA DEL BATOLITO DE LA COORDILLERA ORIENTAL DEL PERÚ CENTRAL, SU RELACIÓN CON ELEMENTOS ESTRATÉGICOS Y ÁREAS DE INTERÉS PROSPECTIVO",2024,No elaborado,No elaborado,No elaborado,Pasco,158-2024,INGEMMET,"I, IIa, IIb, III","Sienogranito color gris blanquecino, tonalidad mesocrata textura pegmatítica con fenocritales de feldespatos acompañado por plagioclasas subhedrales, cuarzo, biotitas, anfíboles anhedrales. ",na,na,<0.5,585,3,4,<2,48.3,36.36,<5,16,5,139,195,27,32,7,<10,<1,<2,<2,0.6,<5,7.5,1.68,1.82,3.33,0.43,0.05,2.55,0.03,33.42,0.21,30,179,2.7,98.9,3.02,5.1,3,1.1,15.9,5.6,5.1,1,<0.2,0.47,17.4,34.6,9.5,5.9,1.8,0.8,18.5,0.5,3.7,<1,3.2
269,24m-RGQ24-001,Rocas,459969,8712336,18,24-m,"GE36A9-T02: MAGMATISMO Y GEOQUÍMICA DEL BATOLITO DE LA COORDILLERA ORIENTAL DEL PERÚ CENTRAL, SU RELACIÓN CON ELEMENTOS ESTRATÉGICOS Y ÁREAS DE INTERÉS PROSPECTIVO",2024,No elaborado,No elaborado,No elaborado,Junín,158-2024,INGEMMET,"I, IIa, IIb, III, IV, V","Veta de sílice masiva con diseminados de pirita, calcopirita, calcocita,  limolita, jarosita, hematita y goethita. N110°/40°NE, ancho 1.10 m.",0.112,59,140.1,165,8,8,24031,4.3,33.442,8,438,<5,42,7,<10,349,19,22,2,3,3,0.6,<5,1.98,0.04,3.6,0.93,0.97,0.11,0.03,<0.01,39.31,0.02,11,21,1,9.8,2.04,2.1,1.2,0.1,5.7,1.6,0.7,0.4,39.9,0.15,3.6,4.8,1.1,1.2,0.5,0.3,2.5,0.2,1,2,1.1
270,24m-RGQ24-002,Rocas,459967,8712352,18,24-m,"GE36A9-T02: MAGMATISMO Y GEOQUÍMICA DEL BATOLITO DE LA COORDILLERA ORIENTAL DEL PERÚ CENTRAL, SU RELACIÓN CON ELEMENTOS ESTRATÉGICOS Y ÁREAS DE INTERÉS PROSPECTIVO",2024,No elaborado,No elaborado,No elaborado,Junín,158-2024,INGEMMET,"I, IIa, IIb, III, IV, V","Cuerpo de brecha hidrotermal, fragmentos subangulosos y subredondeados, Int silf cemento sílice-pirita. N330°/65° NE, ancho 8 m.",0.065,24,60.7,56,3,10,7456,12.8,30.573,<5,176,<5,53,5,12,135,18,<10,<1,5,2,0.6,<5,2.64,0.01,3.7,0.78,0.19,0.09,0.03,<0.01,39.68,0.07,14,75,1.2,31.3,2.53,2.6,1.5,0.3,9.8,2.6,2.1,0.5,16,0.23,6.8,13,3.3,2.7,0.7,0.5,5.7,0.2,1.5,3,1.5
271,24m-RGQ24-003,Rocas,459971,8712354,18,24-m,"GE36A9-T02: MAGMATISMO Y GEOQUÍMICA DEL BATOLITO DE LA COORDILLERA ORIENTAL DEL PERÚ CENTRAL, SU RELACIÓN CON ELEMENTOS ESTRATÉGICOS Y ÁREAS DE INTERÉS PROSPECTIVO",2024,No elaborado,No elaborado,No elaborado,Junín,158-2024,INGEMMET,"I, IIa, IIb, III, IV, V","Veta de cuarzo blanco, textura masivo con parches de goethita- jarosita. N280°/80°NE, ancho 0.15 m.",0.41,21179,124.2,394,52,21,18170,16.6,22.752,22,84577,<5,47,66,78,54479,632,17,292,<2,92,<0.5,<5,2.07,0.58,10.37,0.82,0.29,0.36,0.07,0.02,21.72,0.13,32,61,1,39.4,2.34,5.5,2.4,1.1,6.5,6.2,2.1,1,3.5,0.25,4.4,18.1,4.1,4.7,<0.5,1,5,0.3,18.3,3,1.9
272,24m-RGQ24-004,Rocas,464025,8705132,18,24-m,"GE36A9-T02: MAGMATISMO Y GEOQUÍMICA DEL BATOLITO DE LA COORDILLERA ORIENTAL DEL PERÚ CENTRAL, SU RELACIÓN CON ELEMENTOS ESTRATÉGICOS Y ÁREAS DE INTERÉS PROSPECTIVO",2024,No elaborado,No elaborado,No elaborado,Junín,158-2024,INGEMMET,"I, IIa, IIb, III, IV, V","Veta de sílice con óxidos con sulfuros grises con diseminados de pirita-calcopirita. N60°/55°SE, ancho 0.20 m.",<0.027,12,<0.5,26,5,6,17,2.6,8.49,<5,199,<5,9,7,<10,89,14,<10,<1,<2,<2,<0.5,<5,0.46,0.04,0.7,0.16,0.11,0.02,0.02,0.01,44.89,0.07,<5,<5,<0.6,5.4,0.44,0.7,0.3,0.1,1.3,0.7,0.2,0.1,<0.2,<0.15,2.1,2.4,0.6,0.6,<0.5,0.1,1.2,<0.1,1.9,1,0.3
273,24m-RGQ24-005,Rocas,464069,8705230,18,24-m,"GE36A9-T02: MAGMATISMO Y GEOQUÍMICA DEL BATOLITO DE LA COORDILLERA ORIENTAL DEL PERÚ CENTRAL, SU RELACIÓN CON ELEMENTOS ESTRATÉGICOS Y ÁREAS DE INTERÉS PROSPECTIVO",2024,No elaborado,No elaborado,No elaborado,Junín,158-2024,INGEMMET,"I, IIa, IIb, III, IV, V","Venillas gn sulfuros de plata cortado por veta de cuarzo blanco masivo con parches gn con diseminados de pirita, sulf gn y plata. N50°/50°SE, ancho 5 cm.",<0.027,29,<0.5,1075,6,27,5,20.9,22.751,15,27,7,99,16,33,36,26,<10,<1,<2,<2,0.8,<5,3.89,0.64,1.94,1.75,0.85,0.11,0.05,0.01,38.27,0.2,22,81,1.6,44.3,3.3,3.6,2,0.7,9.1,3.5,2.2,0.7,<0.2,0.28,7.8,17.9,4.4,3.5,0.7,0.6,6.8,0.3,1.8,<1,2
274,24m-RGQ24-006,Rocas,464152,8705266,18,24-m,"GE36A9-T02: MAGMATISMO Y GEOQUÍMICA DEL BATOLITO DE LA COORDILLERA ORIENTAL DEL PERÚ CENTRAL, SU RELACIÓN CON ELEMENTOS ESTRATÉGICOS Y ÁREAS DE INTERÉS PROSPECTIVO",2024,No elaborado,No elaborado,No elaborado,Junín,158-2024,INGEMMET,"I, IIa, IIb, III, IV, V","Venillas de cuarzo blanco masivo con parches y diseminados pirita y sulfuros grises. N215/65°NE, ancho 0.10 m.",<0.027,114,<0.5,638,<1,2,6,43.8,<2,<5,15,7,125,3,<10,<1,24,<10,<1,<2,<2,0.9,<5,9.29,0.02,5.61,2.97,0.04,<0.01,0.09,<0.01,28.53,0.07,38,162,1,123.2,3.53,6.5,4,1,20.1,6.6,5.9,1.4,<0.2,0.62,13.9,43.8,11.9,7.5,1.3,1.1,23.3,0.6,4.1,2,4.2
275,24m-RGQ24-007,Rocas,463980,8706795,18,24-m,"GE36A9-T02: MAGMATISMO Y GEOQUÍMICA DEL BATOLITO DE LA COORDILLERA ORIENTAL DEL PERÚ CENTRAL, SU RELACIÓN CON ELEMENTOS ESTRATÉGICOS Y ÁREAS DE INTERÉS PROSPECTIVO",2024,No elaborado,No elaborado,No elaborado,Junín,158-2024,INGEMMET,"I, IIa, IIb, III, IV, V","Cuerpo de brecha hidrotermales, fragmentos subangulosos y subredondeados Int silf cemento sílice-pirita. N40°/75° NW, ancho 5.50 m.",<0.027,109,<0.5,741,<1,2,7,61.5,2.103,<5,16,7,130,3,<10,<1,24,<10,<1,<2,<2,1,<5,9.19,0.1,4.26,3.53,0.05,<0.01,0.11,<0.01,30.01,0.07,33,159,1.1,129.3,4.76,6.4,3.5,1.2,21.7,7.3,5.8,1.3,<0.2,0.53,15.1,47.4,12.8,8.6,1.3,1.1,24.9,0.5,4,2,3.8
276,24m-RGQ24-008,Rocas,463839,8706314,18,24-m,"GE36A9-T02: MAGMATISMO Y GEOQUÍMICA DEL BATOLITO DE LA COORDILLERA ORIENTAL DEL PERÚ CENTRAL, SU RELACIÓN CON ELEMENTOS ESTRATÉGICOS Y ÁREAS DE INTERÉS PROSPECTIVO",2024,No elaborado,No elaborado,No elaborado,Junín,158-2024,INGEMMET,"I, IIa, IIb, III, IV, V","Veta de cuarzo blanco, textura masiva con parches de goethita-jarosita. N280°/80°NE, ancho 0.15 m.",0.081,58,97.7,184,5,8,20498,4.9,31.98,5,541,<5,45,7,<10,306,14,22,1,3,3,0.7,<5,1.93,0.05,3.14,1.15,0.68,0.11,0.03,<0.01,40.4,0.02,12,28,1.1,11.7,1.88,1.9,1,0.1,5.3,1.5,0.8,0.4,34.9,<0.15,3.7,5.6,1.3,1.4,<0.5,0.3,2.9,0.2,0.9,1,1
277,22m-RGQ24-012,Rocas,473086,8785866,18,22-m,"GE36A9-T02: MAGMATISMO Y GEOQUÍMICA DEL BATOLITO DE LA COORDILLERA ORIENTAL DEL PERÚ CENTRAL, SU RELACIÓN CON ELEMENTOS ESTRATÉGICOS Y ÁREAS DE INTERÉS PROSPECTIVO",2024,No elaborado,No elaborado,No elaborado,Junin,158-2024,INGEMMET,"I, IIa, IIb, III, IV, V","Sienogranito color rojizo, tonalidad mesócrata, textura granítica - inequigranular, feldespatos K (55 %) subhedrales, plagioclasas (15 %) subhedrales, cuarzo (30 %) y biotita anhedrales, fracturas rellenadas con óxidos.",<0.027,<10,<0.5,301,<1,<1,4,104.1,5.716,<5,14,<5,236,49,<10,10,<5,<10,<1,<2,<2,1,<5,8.36,0.15,1.8,4.8,0.08,0.03,3.36,<0.01,32.36,0.18,90,513,6.1,200.2,3.7,14.9,8.1,0.7,27.9,15.6,14.1,2.9,<0.2,1.13,78.1,91.2,24.1,17.2,5.2,2.5,43.1,1.2,7.1,2,8.1
278,22m-RGQ24-013,Rocas,473236,8787356,18,22-m,"GE36A9-T02: MAGMATISMO Y GEOQUÍMICA DEL BATOLITO DE LA COORDILLERA ORIENTAL DEL PERÚ CENTRAL, SU RELACIÓN CON ELEMENTOS ESTRATÉGICOS Y ÁREAS DE INTERÉS PROSPECTIVO",2024,No elaborado,No elaborado,No elaborado,Junin,158-2024,INGEMMET,"I, IIa, IIb, III, IV, V","Sienogranito color rojizo, tonalidad mesócrata, textura granítica - inequigranular, feldespatos K (60 %) subhedrales, plagioclasas (10 %) subhedrales, cuarzo (30 %) y biotita anfiboles anhedrales y presencia de xenolitos, fracturas rellenadas con óxidos.",<0.027,23,<0.5,533,<1,2,6,101.1,9.942,<5,22,<5,184,54,<10,35,<5,<10,<1,<2,<2,1,<5,8.43,0.36,1.87,4.38,0.14,0.06,3.88,0.04,31.89,0.15,94,648,7.5,294.7,2.33,16.7,9.2,0.7,27.7,18,19.2,3.2,<0.2,1.32,72.2,106.3,28.4,20.1,5.5,2.8,76.3,1.4,13,2,9.4
279,22m-RGQ24-014,Rocas,470438,8789615,18,22-m,"GE36A9-T02: MAGMATISMO Y GEOQUÍMICA DEL BATOLITO DE LA COORDILLERA ORIENTAL DEL PERÚ CENTRAL, SU RELACIÓN CON ELEMENTOS ESTRATÉGICOS Y ÁREAS DE INTERÉS PROSPECTIVO",2024,No elaborado,No elaborado,No elaborado,Junin,158-2024,INGEMMET,"I, IIa, IIb, III, IV, V","Sienogranito color rojizo, tonalidad mesócrata, textura granítica - inequigranular, feldespatos K (60 %) subhedrales, plagioclasas (10 %) subhedrales, cuarzo (30 %) y biotita anfiboles anhedrales y presencia de xenolitos, fracturas rellenadas con óxidos.",<0.027,<10,<0.5,192,<1,1,<2,73.8,7.118,<5,15,<5,246,41,<10,13,<5,<10,<1,<2,<2,1.3,<5,6.87,0.38,1.6,3.96,0.1,<0.01,3.07,0.01,34.4,0.11,61,398,8.3,139.5,6.66,9.7,5.7,0.4,24.6,9.6,13,2,<0.2,0.97,62.2,52.3,13.7,10.4,6.4,1.6,47.2,0.9,9.2,3,6.7
280,23m-RGQ24-018,Rocas,456061,8772216,18,23-m,"GE36A9-T02: MAGMATISMO Y GEOQUÍMICA DEL BATOLITO DE LA COORDILLERA ORIENTAL DEL PERÚ CENTRAL, SU RELACIÓN CON ELEMENTOS ESTRATÉGICOS Y ÁREAS DE INTERÉS PROSPECTIVO",2024,No elaborado,No elaborado,No elaborado,Junin,158-2024,INGEMMET,"I, IIa, IIb, III","Brecha monomíctica matriz soportada conformada por óxidos y carbonatos fragmentos subangulosos a subredondeados. N 330°/30°SW, ancho 0.50 m.",na,na,1.6,94,6,7,55,10.7,20.783,27,3140,5,33,113,30,5292,141,<10,28,8,4,5.6,<5,2.39,30.66,1.8,1.14,0.9,0.37,0.02,0.03,5.44,0.07,11,67,1.4,21.8,5.94,2.2,1.2,0.4,6.4,1.9,2.2,0.5,<0.2,0.19,3.5,8.9,2.3,1.8,<0.5,0.3,4.6,0.2,3,<1,1.3
281,23m-RGQ24-019,Rocas,451681,8774151,18,23-m,"GE36A9-T02: MAGMATISMO Y GEOQUÍMICA DEL BATOLITO DE LA COORDILLERA ORIENTAL DEL PERÚ CENTRAL, SU RELACIÓN CON ELEMENTOS ESTRATÉGICOS Y ÁREAS DE INTERÉS PROSPECTIVO",2024,No elaborado,No elaborado,No elaborado,Junin,158-2024,INGEMMET,"I, IIa, IIb, III, IV, V","Sienogranito color rojizo, tonalidad mesócrata, textura granítica - equigranular, feldespatos K (60 %) subhedrales, plagioclasas (10 %) subhedrales, cuarzo (30 %) y biotita anfiboles anhedrales y presencia de cloritas y epidota , fracturas rellenadas con óxidos.",<0.027,<10,<0.5,390,2,3,44,2.5,10.881,<5,17,5,66,78,13,37,<5,<10,<1,<2,<2,0.8,<5,7.08,0.26,1.36,3.55,0.45,0.04,2.59,0.01,34.22,0.09,15,76,2.9,37,3.26,2.4,1.5,0.3,13.2,2.3,2.7,0.5,<0.2,0.31,6.9,13.2,3.6,2.5,1,0.4,15,0.3,4.3,<1,1.9
282,21l-RGQ24-032,Rocas,410005,8855194,18,21-l,"GE36A9-T02: MAGMATISMO Y GEOQUÍMICA DEL BATOLITO DE LA COORDILLERA ORIENTAL DEL PERÚ CENTRAL, SU RELACIÓN CON ELEMENTOS ESTRATÉGICOS Y ÁREAS DE INTERÉS PROSPECTIVO",2024,No elaborado,No elaborado,No elaborado,Pasco,158-2024,INGEMMET,"I, IIa, IIb, III, IV, V","Diorita de color gris tonalidad melanócrata textura equigranular con plagioclasas 60 % subhedrales , feldespatos (35 %) subhedrales, cuarzo (5 %) y biotita anfiboles anhedrales y presencia de cloritas y óxidos rellenando las fracturas.",<0.027,<10,<0.5,118,37,29,52,11.5,13.467,20,9,52,7,213,250,113,6,<10,<1,<2,<2,<0.5,<5,9.29,8.37,8.16,0.56,4.42,0.15,1.48,0.03,21.37,0.45,25,96,2,30.6,0.51,4.6,2.6,1.2,20.1,4.7,2.5,0.9,<0.2,0.37,3.9,19.4,4,4.6,<0.5,0.7,0.8,0.4,0.3,<1,2.6
283,21l-RGQ24-033,Rocas,409678,8854831,18,21-l,"GE36A9-T02: MAGMATISMO Y GEOQUÍMICA DEL BATOLITO DE LA COORDILLERA ORIENTAL DEL PERÚ CENTRAL, SU RELACIÓN CON ELEMENTOS ESTRATÉGICOS Y ÁREAS DE INTERÉS PROSPECTIVO",2024,No elaborado,No elaborado,No elaborado,Pasco,158-2024,INGEMMET,"I, IIa, IIb, III, IV, V","Veta de cuarzo blanco, textura masiva con parches de goethita-jarosita. N190°/80°NW, ancho 0.15 m .",<0.027,<10,<0.5,55,3,8,4,11.1,2.646,<5,<5,<5,6,15,23,9,<5,<10,<1,<2,<2,<0.5,<5,1.55,0.19,0.56,0.19,0.24,0.02,0.36,0.01,43.56,0.06,<5,40,<0.6,25,0.18,1.1,0.5,0.3,2.8,1.5,1.3,0.2,<0.2,<0.15,1.3,10,2.6,1.8,<0.5,0.2,7.8,<0.1,2,1,0.5
284,21l-RGQ24-034,Rocas,409688,8854433,18,21-l,"GE36A9-T02: MAGMATISMO Y GEOQUÍMICA DEL BATOLITO DE LA COORDILLERA ORIENTAL DEL PERÚ CENTRAL, SU RELACIÓN CON ELEMENTOS ESTRATÉGICOS Y ÁREAS DE INTERÉS PROSPECTIVO",2024,No elaborado,No elaborado,No elaborado,Pasco,158-2024,INGEMMET,"I, IIa, IIb, III","Granodiorita textura granítica - equigranular, feldespatos K (35 %) subhedrales, plagioclasas (35 %) subhedrales, cuarzo (30 %) con presencia de dos micas muscovita y biotita subhedral en enclaves fracturas rellenadas con óxidos.",na,na,<0.5,1074,1,6,<2,11.6,17.167,<5,61,<5,87,366,<10,12,<5,<10,<1,<2,<2,0.5,<5,7.95,0.53,0.78,3.62,0.22,0.02,2.6,0.09,33.91,0.06,19,55,5,28.3,2.64,4.3,1.6,2.4,14.8,4,1.9,0.7,<0.2,0.15,8,12.3,2.9,3.5,2.1,0.7,3.7,0.2,3.6,1,1.2
285,21l-RGQ24-035,Rocas,414861,8841095,18,21-l,"GE36A9-T02: MAGMATISMO Y GEOQUÍMICA DEL BATOLITO DE LA COORDILLERA ORIENTAL DEL PERÚ CENTRAL, SU RELACIÓN CON ELEMENTOS ESTRATÉGICOS Y ÁREAS DE INTERÉS PROSPECTIVO",2024,No elaborado,No elaborado,No elaborado,Pasco,158-2024,INGEMMET,"I, IIa, IIb, III","Monzogranito color gris blanquecino, tonalidad leucocrata, textura  equigranular, feldespatos K (30%) subhedrales, plagioclasas (40 %) subhedrales, cuarzo (30 %) y biotita anfiboles anhedrales y presencia de cloritas y fracturas rellenadas con óxidos.",na,na,<0.5,1444,<1,4,<2,8.4,42.615,<5,66,<5,114,141,<10,8,<5,<10,<1,<2,<2,0.8,<5,7.87,1.05,0.39,4.78,0.05,0.03,2.31,0.01,34.12,0.02,17,26,1.8,22.3,6,3.3,1.7,1.2,12.8,3.6,2.1,0.6,<0.2,0.29,3.3,10.1,2.4,3.4,0.8,0.6,7.2,0.3,4.2,<1,1.8
286,24n-RGQ24-001,Rocas,504362,8682834,18,24-n,"GE36A9-T02: MAGMATISMO Y GEOQUÍMICA DEL BATOLITO DE LA COORDILLERA ORIENTAL DEL PERÚ CENTRAL, SU RELACIÓN CON ELEMENTOS ESTRATÉGICOS Y ÁREAS DE INTERÉS PROSPECTIVO",2024,No elaborado,No elaborado,No elaborado,Junín,200-2024,INGEMMET,"I, IIa, IIb, III","Metandesita gris verdosa de tonalidad mesócrata y textura afanítica, presenta fuerte serpentinización (serpentina-epídota-clorita), con diseminaciones de pirita y trazas de calcopirita. Estas metandesitas se intercalan con filitas micáceas.",na,na,<0.5,44,37,44,34,10,11,40,<5,27,9,296,294,90,<5,<10,<1,<2,<2,<0.5,<5,6.36,5.91,8.29,0.18,3.32,0.17,1.69,0.07,25.89,0.98,25,114,0.7,21.5,0.51,4.6,2.4,1.3,19,3.9,2.5,0.8,<0.2,0.29,8.6,13.7,3.1,3.4,0.5,0.7,1,0.3,0.3,<1,2.1
287,24n-RGQ24-002,Rocas,502600,8682519,18,24-n,"GE36A9-T02: MAGMATISMO Y GEOQUÍMICA DEL BATOLITO DE LA COORDILLERA ORIENTAL DEL PERÚ CENTRAL, SU RELACIÓN CON ELEMENTOS ESTRATÉGICOS Y ÁREAS DE INTERÉS PROSPECTIVO",2024,No elaborado,No elaborado,No elaborado,Junín,200-2024,INGEMMET,"I, IIa, IIb, III, IV, V","Dacita gris verdosa de tonalidad melanócrata y textura porfirítica, las plagioclasas son subhedrales, biotita anhedral y ojos de cuarzo hialino. Alteración propilítica débil  (pirita-clorita-calcita). Fracturas rellenadas con goethita-jarosita.",<0.027,<10,0.5,764,4,3,7,51,14,<5,11,5,179,69,38,47,<5,<10,<1,<2,<2,0.5,<5,7.62,0.26,1.89,2.84,0.88,0.06,2.84,0.07,33.26,0.29,32,264,2.4,101.8,1.93,5.1,3.1,1.3,20.2,5.1,5.9,1,<0.2,0.47,19,38,11.3,6.4,1.4,0.8,17.3,0.4,4.2,3,3.3
288,24n-RGQ24-002a,Rocas,502368,8682484,18,24-n,"GE36A9-T02: MAGMATISMO Y GEOQUÍMICA DEL BATOLITO DE LA COORDILLERA ORIENTAL DEL PERÚ CENTRAL, SU RELACIÓN CON ELEMENTOS ESTRATÉGICOS Y ÁREAS DE INTERÉS PROSPECTIVO",2024,No elaborado,No elaborado,No elaborado,Junín,200-2024,INGEMMET,"I, IIa, IIb, III, IV, V","Tobas cristalolíticas dacíticas de textura anhedral fragmental, compuesta de cristales de cuarzo hialino, plagioclasas rotos, anfíboles y biotitas anhedrales con líticos grises melanócratas, y fracturas tapizadas con goethita, hematita y jarosita.",<0.027,<10,<0.5,567,3,3,3,53,13,<5,10,<5,245,88,35,49,<5,<10,<1,<2,<2,0.7,<5,7.78,0.51,1.73,3.67,0.87,0.08,2.33,0.05,33.23,0.26,31,239,2.9,100.1,3.12,5.3,3.1,1.3,19.2,5.8,5.6,1,<0.2,0.46,17.9,40.6,11.9,7.1,1.4,0.9,17.7,0.4,5.7,4,3
289,24n-RGQ24-003,Rocas,502811,8682445,18,24-n,"GE36A9-T02: MAGMATISMO Y GEOQUÍMICA DEL BATOLITO DE LA COORDILLERA ORIENTAL DEL PERÚ CENTRAL, SU RELACIÓN CON ELEMENTOS ESTRATÉGICOS Y ÁREAS DE INTERÉS PROSPECTIVO",2024,No elaborado,No elaborado,No elaborado,Junín,200-2024,INGEMMET,"I, IIa, IIb, III, IV, V","Dacita gris verdosa tonalidad melanócrata y textura porfirítica, con plagioclasas subhedrales, biotita y anfíboles anhedrales y ojos de cuarzo hialino, con débil silicificación. Las fracturas están rellenadas con goethita-jarosita.",<0.027,<10,<0.5,833,6,3,5,60,17,<5,10,6,171,99,44,93,<5,<10,<1,<2,<2,<0.5,<5,7.78,0.4,2.4,3.52,1.29,0.06,2.53,0.07,31.92,0.3,36,235,2.9,113.5,1.68,6.2,3.3,1.7,19.4,6.6,5.3,1.1,<0.2,0.46,17.3,46.5,13.5,8.2,1.3,1,16.2,0.5,3.5,2,3.2
290,24n-RGQ24-004,Rocas,503039,8682476,18,24-n,"GE36A9-T02: MAGMATISMO Y GEOQUÍMICA DEL BATOLITO DE LA COORDILLERA ORIENTAL DEL PERÚ CENTRAL, SU RELACIÓN CON ELEMENTOS ESTRATÉGICOS Y ÁREAS DE INTERÉS PROSPECTIVO",2024,No elaborado,No elaborado,No elaborado,Junín,200-2024,INGEMMET,"I, IIa, IIb, III","Dacita gris verdosa tonalidad melanócrata y textura porfirítica, con plagioclasas subhedrales, biotita y anfíboles anhedrales y ojos de cuarzo hialino, fuertemente silicificada. Las fracturas están tapizadas con goethita-jarosita.",na,na,0.6,739,4,4,10,28,50,<5,16,<5,200,57,24,206,6,<10,<1,4,<2,0.9,<5,7.72,1.08,1.64,3.37,0.95,0.1,1.08,0.06,33.09,0.21,35,190,3.3,60.9,5.56,4.9,3.4,0.7,19,3.8,4.6,1,<0.2,0.6,18.9,23.4,7.1,4.2,1.9,0.7,21.8,0.5,6.4,2,3.8
291,24n-RGQ24-005,Rocas,503816,8682514,18,24-n,"GE36A9-T02: MAGMATISMO Y GEOQUÍMICA DEL BATOLITO DE LA COORDILLERA ORIENTAL DEL PERÚ CENTRAL, SU RELACIÓN CON ELEMENTOS ESTRATÉGICOS Y ÁREAS DE INTERÉS PROSPECTIVO",2024,No elaborado,No elaborado,No elaborado,Junín,200-2024,INGEMMET,"I, IIa, IIb, III","Pequeño afloramiento de roca intrusiva gris blanquecina de textura fanerítica equigranular, con cristales de plagioclasas y feldespatos con biotita y hornblendas subhedrales-anhedrales, con moderada silicificación.",na,na,0.6,160,<1,4,11,31,8,<5,11,<5,122,99,<10,10,<5,<10,<1,<2,<2,<0.5,<5,7,1.16,0.76,2.27,0.1,0.02,2.77,0.03,35.54,0.09,47,147,4.2,61.1,0.34,8,5.3,0.5,18.4,5.7,5.1,1.6,<0.2,0.74,31.2,25.9,7.5,5.9,3.3,1.1,26.4,0.8,14.2,<1,5.1
292,24n-RGQ24-006,Rocas,503714,8682343,18,24-n,"GE36A9-T02: MAGMATISMO Y GEOQUÍMICA DEL BATOLITO DE LA COORDILLERA ORIENTAL DEL PERÚ CENTRAL, SU RELACIÓN CON ELEMENTOS ESTRATÉGICOS Y ÁREAS DE INTERÉS PROSPECTIVO",2024,No elaborado,No elaborado,No elaborado,Junín,200-2024,INGEMMET,"I, IIa, IIb, III","Filitas --protolito de metandesita gris verdosa-- de tonalidad mesócrata y textura esquistosa foliada con relictos de biotita y anfíboles, con moderada a fuerte propilitización (epídota-clorita), con diseminaciones de pirita y trazas de calcopirita. Estas metandesitas se intercalan con fillitas micáceas.",na,na,<0.5,832,16,73,17,38,23,33,7,14,161,99,107,78,<5,<10,<1,<2,<2,<0.5,<5,9.01,0.64,4.2,2.8,1.58,0.08,1.35,0.1,29.63,0.54,42,306,2.5,94.8,3.82,6.6,3.7,1.5,23.1,6.7,7.6,1.2,<0.2,0.5,18.3,41.8,11.7,7.9,1.4,1.1,15,0.5,3.2,2,3.5
293,24n-RGQ24-008,Rocas,503712,8682360,18,24-n,"GE36A9-T02: MAGMATISMO Y GEOQUÍMICA DEL BATOLITO DE LA COORDILLERA ORIENTAL DEL PERÚ CENTRAL, SU RELACIÓN CON ELEMENTOS ESTRATÉGICOS Y ÁREAS DE INTERÉS PROSPECTIVO",2024,No elaborado,No elaborado,No elaborado,Junín,200-2024,INGEMMET,"I, IIa, IIb, III","Filitas --protolito de metandesita gris verdosa-- de tonalidad mesócrata y textura esquistosa foliada con relictos de biotita y anfíboles, con alteración moderada a fuerte propilitización (epídota-clorita), con venillas de cuarzo y óxidos hierro.",na,na,0.6,108,48,128,53,15,22,70,<5,38,57,264,346,132,<5,<10,<1,<2,<2,<0.5,<5,7.28,7.08,10.02,0.87,4.16,0.19,1.72,0.09,21.78,1.26,36,170,1.7,33.8,0.92,6.8,3.8,1.7,22.3,5.7,4.3,1.2,<0.2,0.45,12.1,20.9,4.8,5.3,0.7,1,1.8,0.5,0.4,1,3.1
294,24n-RGQ24-009,Rocas,503471,8681526,18,24-n,"GE36A9-T02: MAGMATISMO Y GEOQUÍMICA DEL BATOLITO DE LA COORDILLERA ORIENTAL DEL PERÚ CENTRAL, SU RELACIÓN CON ELEMENTOS ESTRATÉGICOS Y ÁREAS DE INTERÉS PROSPECTIVO",2024,No elaborado,No elaborado,No elaborado,Junín,200-2024,INGEMMET,"I, IIa, IIb, III","Metandesita gris verdosa de tonalidad mesócrata y textura  porfirítica, con fenocristales de plagioclasas subhedrales, ojos de cuarzo hialino, biotitas y anfíboles anhedrales; presenta intensa alteración propilítica  (pirita-epídota-clorita),  con diseminaciones de pirita y trazas de calcopirita. Fracturas rellenadas con óxidos.",na,na,<0.5,1135,6,6,5,57,16,<5,11,12,187,198,78,33,<5,<10,<1,<2,<2,<0.5,<5,9.21,1.72,2.81,3.31,1.24,0.1,2.16,0.09,28.28,0.45,35,375,2.8,118.1,3.86,6.1,3.3,1.9,23,6.7,8.5,1.1,<0.2,0.44,16.9,48,13.9,8.1,0.9,1,10.6,0.5,3.8,2,3
295,24n-RGQ24-010,Rocas,503715,8681640,18,24-n,"GE36A9-T02: MAGMATISMO Y GEOQUÍMICA DEL BATOLITO DE LA COORDILLERA ORIENTAL DEL PERÚ CENTRAL, SU RELACIÓN CON ELEMENTOS ESTRATÉGICOS Y ÁREAS DE INTERÉS PROSPECTIVO",2024,No elaborado,No elaborado,No elaborado,Junín,200-2024,INGEMMET,"I, IIa, IIb, III","Veta de cuarzo blanco de textura masiva con parches de goethita y jarosita tipo lazo sigmoide (veta 1: N145°/65°SW y ancho de 0.15 m, veta 2: N155°/70°SW y ancho 0.20 m). Roca caja filita gris verdosa --protolito metandesita-- de textura lepidoblástica y alteración propilítica fuerte (clorita-epídota).",na,na,0.6,93,11,31,133,13,9,20,14,6,34,42,34,50,6,<10,<1,<2,<2,<0.5,<5,2.92,0.2,2.22,0.6,0.87,0.06,0.51,0.03,40.04,0.13,15,58,1.4,36.7,0.82,2.8,1.4,0.6,8,2.8,1.2,0.5,<0.2,0.16,4.2,15.9,4.5,3.2,<0.5,0.4,5,0.2,1,<1,1.2
296,24n-RGQ24-010a,Rocas,503850,8681443,18,24-n,"GE36A9-T02: MAGMATISMO Y GEOQUÍMICA DEL BATOLITO DE LA COORDILLERA ORIENTAL DEL PERÚ CENTRAL, SU RELACIÓN CON ELEMENTOS ESTRATÉGICOS Y ÁREAS DE INTERÉS PROSPECTIVO",2024,No elaborado,No elaborado,No elaborado,Junín,200-2024,INGEMMET,"I, IIa, IIb, III",Veta de cuarzo blanco de textura masiva con parches de goethita y jarosita (N150°/65°SW y ancho de 0.10 m. La roca caja son filitas gris verdosa de protolito metandesita con intensa alt prop (clorita-epídota-pirita).  ,na,na,<0.5,76,7,17,51,7,10,12,8,<5,23,16,24,40,<5,<10,<1,<2,<2,<0.5,<5,1.57,0.2,1.34,0.43,0.55,0.06,0.2,0.03,42.75,0.08,12,36,<0.6,16.7,1.02,1.6,1,0.3,4.7,1.5,0.7,0.3,<0.2,<0.15,2.3,7.5,2.1,1.6,<0.5,0.2,2.4,0.1,0.5,<1,1
297,24n-RGQ24-011,Rocas,503595,8681959,18,24-n,"GE36A9-T02: MAGMATISMO Y GEOQUÍMICA DEL BATOLITO DE LA COORDILLERA ORIENTAL DEL PERÚ CENTRAL, SU RELACIÓN CON ELEMENTOS ESTRATÉGICOS Y ÁREAS DE INTERÉS PROSPECTIVO",2024,No elaborado,No elaborado,No elaborado,Junín,200-2024,INGEMMET,"I, IIa, IIb, III","Veta de cuarzo blanco de textura masiva con oquedades rellenadas de goethita y jarosita (N310°/ 40°NE y ancho de 0.15 m). La roca caja son filitas gris verdosa de posible protolito metandesita, está fuertemente cloritizada.",na,na,<0.5,14,2,7,18,<2,4,<5,5,<5,3,9,11,10,7,<10,<1,<2,<2,<0.5,<5,0.32,0.09,0.9,0.08,0.18,0.04,0.04,0.02,44.08,0.03,<5,<5,<0.6,0.6,0.28,0.1,<0.1,<0.1,1.5,0.1,<0.2,<0.1,<0.2,<0.15,<0.5,0.5,0.1,0.1,<0.5,<0.1,<0.2,<0.1,<0.1,<1,<0.1
298,24n-RGQ24-011a,Rocas,503593,8681937,18,24-n,"GE36A9-T02: MAGMATISMO Y GEOQUÍMICA DEL BATOLITO DE LA COORDILLERA ORIENTAL DEL PERÚ CENTRAL, SU RELACIÓN CON ELEMENTOS ESTRATÉGICOS Y ÁREAS DE INTERÉS PROSPECTIVO",2024,No elaborado,No elaborado,No elaborado,Junín,200-2024,INGEMMET,"I, IIa, IIb, III",Filitas gris verdosa --protolito metandesita gris verdosa-- de textura lepidoblástica y alteración propilítica fuerte (clorita-epídota-pirita) con diseminación de firita fina anhedral y fracturas rellenadas de goethita y jarosita.,na,na,<0.5,73,20,53,3,40,21,27,<5,25,20,476,120,127,<5,<10,<1,<2,<2,<0.5,<5,9.47,3,7.08,0.29,2.89,0.14,3.39,0.3,23.59,0.83,40,333,1.8,93.2,0.54,7.3,3.9,2.5,24.3,8,6.9,1.3,<0.2,0.5,14.6,45.3,11.6,9,1,1.2,10.7,0.5,2.1,<1,3.4
299,24n-RGQ24-012,Rocas,503568,8682277,18,24-n,"GE36A9-T02: MAGMATISMO Y GEOQUÍMICA DEL BATOLITO DE LA COORDILLERA ORIENTAL DEL PERÚ CENTRAL, SU RELACIÓN CON ELEMENTOS ESTRATÉGICOS Y ÁREAS DE INTERÉS PROSPECTIVO",2024,No elaborado,No elaborado,No elaborado,Junín,200-2024,INGEMMET,"I, IIa, IIb, III","Filitas gris verdosa de protolito metandesita de textura lepidoblástica, contiene venillas de cuarzo blanco de textura masiva, con boxwork tapizados de goethita-hematita-jarosita. Azimiut N210° / Buzamiento 80°NW y ancho de 0.15 m.",na,na,<0.5,11,59,325,8,9,50,80,<5,48,3,504,338,64,<5,<10,<1,<2,<2,<0.5,<5,8.01,4.12,11.08,0.03,6.43,0.12,0.04,0.09,19.86,0.92,27,130,0.7,20,0.41,5.6,3.2,1.4,18.5,4.6,3.1,1.1,<0.2,0.4,5.4,14.2,3.1,4.1,<0.5,0.8,0.8,0.4,0.3,<1,2.8
300,24n-RGQ24-013,Rocas,503563,8682291,18,24-n,"GE36A9-T02: MAGMATISMO Y GEOQUÍMICA DEL BATOLITO DE LA COORDILLERA ORIENTAL DEL PERÚ CENTRAL, SU RELACIÓN CON ELEMENTOS ESTRATÉGICOS Y ÁREAS DE INTERÉS PROSPECTIVO",2024,No elaborado,No elaborado,No elaborado,Junín,200-2024,INGEMMET,"I, IIa, IIb, III, IV, V","Metavolcánico gris verdoso de textura oblitera, con relictos de biotita y anfíboles, con diseminación de pirita y trazas de calcopirita; presencia de venillas de cuarzo blanco de textura masiva con boxwork tapizados con goethita-hematita-jarosita (N210°/ 80°NW y ancho de 0.15 m).",<0.027,<10,<0.5,6,52,274,6,10,43,74,<5,51,<2,526,326,55,<5,<10,<1,<2,<2,<0.5,<5,7.55,4.75,10.29,0.02,5.27,0.11,0.06,0.09,21.19,1.01,35,133,0.7,21.3,0.47,6.1,3.5,1.6,18.1,5,3.2,1.2,<0.2,0.45,6,15.7,3.4,4.5,<0.5,0.9,0.8,0.5,0.3,<1,3
301,24n-RGQ24-014,Rocas,503534,8682213,18,24-n,"GE36A9-T02: MAGMATISMO Y GEOQUÍMICA DEL BATOLITO DE LA COORDILLERA ORIENTAL DEL PERÚ CENTRAL, SU RELACIÓN CON ELEMENTOS ESTRATÉGICOS Y ÁREAS DE INTERÉS PROSPECTIVO",2024,No elaborado,No elaborado,No elaborado,Junín,200-2024,INGEMMET,"I, IIa, IIb, III, IV, V","Metandesita (Roca volcánica?) gris verdoso de textura afanítica con silicificación, contiene diseminación de pirita con venillas de cuarzo blanco con óxidos (Azimut N340°/ Buzamiento 80°NE y ancho de 0.40 m).",<0.027,<10,<0.5,150,46,213,31,11,17,87,<5,40,55,437,288,136,11,<10,<1,<2,<2,<0.5,<5,7.96,7.3,8.74,0.97,4.83,0.21,1.41,0.11,21.55,1.09,38,156,1.2,25.8,0.75,6.7,4,1.8,20.4,5.6,3.3,1.3,<0.2,0.49,6.5,18.3,4,5,<0.5,1,0.8,0.5,0.2,<1,3.4
302,24n-RGQ24-015,Rocas,503530,8682143,18,24-n,"GE36A9-T02: MAGMATISMO Y GEOQUÍMICA DEL BATOLITO DE LA COORDILLERA ORIENTAL DEL PERÚ CENTRAL, SU RELACIÓN CON ELEMENTOS ESTRATÉGICOS Y ÁREAS DE INTERÉS PROSPECTIVO",2024,No elaborado,No elaborado,No elaborado,Junín,200-2024,INGEMMET,"I, IIa, IIb, III, IV, V","Metandesita (Roca volcánica?) gris verdoso de textura afanítica, con venillas de cuarzo blanco masivo y parches de óxidos: goethita-hematita (Azimut N350°/ Buzamiento 65°NE y ancho de 0.60 m).",<0.027,<10,<0.5,631,25,79,44,53,26,44,24,17,66,413,131,125,<5,<10,<1,<2,<2,<0.5,<5,9.3,1.64,5.12,1.01,2.01,0.14,3.18,0.07,27.49,0.47,38,171,3.3,107,2.32,7.4,4,1.8,26.1,7.2,4.7,1.3,<0.2,0.51,18.2,44.9,12.7,8.7,1.3,1.1,16.2,0.5,2.9,<1,3.5
303,24n-RGQ24-016,Rocas,503534,8682154,18,24-n,"GE36A9-T02: MAGMATISMO Y GEOQUÍMICA DEL BATOLITO DE LA COORDILLERA ORIENTAL DEL PERÚ CENTRAL, SU RELACIÓN CON ELEMENTOS ESTRATÉGICOS Y ÁREAS DE INTERÉS PROSPECTIVO",2024,No elaborado,No elaborado,No elaborado,Junín,200-2024,INGEMMET,"I, IIa, IIb, III, IV, V","Metandesita (Roca volcánica?) gris verdoso de textura afanítica, con venillas de cuarzo blanco con óxidos de hierro (Sistema 1: S70°W / 65°NW y Sistema 2: S60°W / 45°NW).",<0.027,<10,<0.5,219,16,4,91,29,23,<5,15,29,36,414,204,115,6,<10,<1,<2,<2,<0.5,<5,7.62,4.11,7.84,0.55,2.3,0.2,2.59,0.28,25.23,1.07,29,347,1.4,65.8,2.84,6.6,3.5,2.8,22.4,7.5,8.1,1.2,<0.2,0.46,9.7,39.1,9.2,8.1,0.6,1.1,3.6,0.4,0.9,<1,2.9
304,24n-RGQ24-017,Rocas,506424,8681876,18,24-n,"GE36A9-T02: MAGMATISMO Y GEOQUÍMICA DEL BATOLITO DE LA COORDILLERA ORIENTAL DEL PERÚ CENTRAL, SU RELACIÓN CON ELEMENTOS ESTRATÉGICOS Y ÁREAS DE INTERÉS PROSPECTIVO",2024,No elaborado,No elaborado,No elaborado,Junín,200-2024,INGEMMET,"I, IIa, IIb, III, IV, V","Metandesita (Roca volcánica?) gris oscuro de textura afanítica, con venillas de cuarzo blanco y óxidos de hierro (Sistema 1: N80° / 50SE, Sistema 2: N250° / 65°NW y Sistema 3: N130° / 60°SW).",<0.027,<10,<0.5,2438,9,108,129,10,55,31,26,18,136,95,466,94,58,<10,<1,26,3,2.2,<5,10.67,0.69,6.81,2.14,1.72,0.05,1.21,0.05,23.71,1.26,27,201,2.8,66.9,5.12,5.1,2.8,2,29.8,5.6,5.3,0.9,<0.2,0.41,20.7,33.6,9.1,6.9,1.4,0.8,11.3,0.4,7.1,4,2.8
305,24m-RGQ24-010,Rocas,474116,8698162,18,24-m,"GE36A9-T02: MAGMATISMO Y GEOQUÍMICA DEL BATOLITO DE LA COORDILLERA ORIENTAL DEL PERÚ CENTRAL, SU RELACIÓN CON ELEMENTOS ESTRATÉGICOS Y ÁREAS DE INTERÉS PROSPECTIVO",2024,No elaborado,No elaborado,No elaborado,Junín,200-2024,INGEMMET,"I, IIa, IIb, III","Dacita gris blanquecino de tonalidad mesócrata y textura fanerítica equigranular, con plagioclasas y feldespatos subhedrales y ojos de cuarzo hialino con biotita y anfíboles anhedrales. Fracturas rellenadas con goethita-jarosita.",na,na,<0.5,1078,<1,6,7,17,8,<5,23,<5,114,293,11,25,<5,<10,<1,<2,<2,<0.5,<5,8.45,0.53,0.65,2.72,0.13,0.03,3.18,0.04,33.34,0.07,8,125,2.7,31.1,1.71,1.6,0.8,0.6,22.6,1.9,3.8,0.3,<0.2,<0.15,9.1,12.6,3.6,2.4,0.7,0.3,6,0.1,2.7,<1,0.8
306,24m-RGQ24-011,Rocas,476106,8699398,18,24-m,"GE36A9-T02: MAGMATISMO Y GEOQUÍMICA DEL BATOLITO DE LA COORDILLERA ORIENTAL DEL PERÚ CENTRAL, SU RELACIÓN CON ELEMENTOS ESTRATÉGICOS Y ÁREAS DE INTERÉS PROSPECTIVO",2024,No elaborado,No elaborado,No elaborado,Junín,200-2024,INGEMMET,"I, IIa, IIb, III","Tonalita gris blanquecina de tonalidad leucócrata y textura fanerítica-hipidiomórfica equigranular, contiene plagioclasas y feldespatos hipidiomórficas y cuarzo xenomórfico con cumulos de cristales ferromagnesianos.",na,na,<0.5,607,14,26,14,31,18,9,6,14,84,509,111,67,<5,<10,<1,<2,<2,<0.5,<5,9,4.01,4.12,1.89,1.38,0.1,2.27,0.19,28.54,0.45,37,399,2.5,64.2,2.97,6.2,3.5,1.9,18.2,6.4,10.1,1.1,<0.2,0.52,15,35.2,8.8,7.6,1,1,11.4,0.5,5,<1,3.4
307,24m-RGQ24-012,Rocas,479923,8698244,18,24-m,"GE36A9-T02: MAGMATISMO Y GEOQUÍMICA DEL BATOLITO DE LA COORDILLERA ORIENTAL DEL PERÚ CENTRAL, SU RELACIÓN CON ELEMENTOS ESTRATÉGICOS Y ÁREAS DE INTERÉS PROSPECTIVO",2024,No elaborado,No elaborado,No elaborado,Junín,200-2024,INGEMMET,"I, IIa, IIb, III","Granodiorita gris blanquecina de tonalidad leucócrata y textura fanerítica equigranular, compuesta de feldespatos y plagioclasas subhedrales y cuarzo xenomórfico. Fracturas rellenadas con óxidos.",na,na,<0.5,375,13,23,14,39,18,9,5,14,74,549,105,62,<5,<10,<1,<2,<2,<0.5,<5,9.35,4.29,3.74,1.43,1.32,0.1,2.43,0.18,28.04,0.41,36,353,2.8,75,3.18,5.8,3.2,1.8,19.1,6.2,8.8,1,<0.2,0.47,13.8,36,9.4,7.3,1,0.9,23.3,0.5,8.2,<1,3.1
308,24n-RGQ24-019,Rocas,525791,8719673,18,24-n,"GE36A9-T02: MAGMATISMO Y GEOQUÍMICA DEL BATOLITO DE LA COORDILLERA ORIENTAL DEL PERÚ CENTRAL, SU RELACIÓN CON ELEMENTOS ESTRATÉGICOS Y ÁREAS DE INTERÉS PROSPECTIVO",2024,No elaborado,No elaborado,No elaborado,Junín,200-2024,INGEMMET,"I, IIa, IIb, III, IV, V",Veta de sílice-goethita-jarosita (N45°/75°NW y ancho de 0.15 m). Roca caja monzogranito de color gris verdoso de textura bandeada equigranular con alteración argílica moderada y silicificación fuerte . ,<0.027,<10,<0.5,894,18,57,12,52,51,21,<5,9,395,52,103,136,11,<10,1,8,<2,1.4,<5,7.49,0.85,5.99,4.58,1.38,0.33,0.1,0.28,27.18,1.14,62,328,4.6,116.6,1.26,12.7,6,3.8,24.8,12.7,7.9,2.2,0.9,0.63,19.1,71.2,18.7,14.6,1.1,2,5,0.8,39,6,4.5
309,24n-RGQ24-019a,Rocas,525791,8719673,18,24-n,"GE36A9-T02: MAGMATISMO Y GEOQUÍMICA DEL BATOLITO DE LA COORDILLERA ORIENTAL DEL PERÚ CENTRAL, SU RELACIÓN CON ELEMENTOS ESTRATÉGICOS Y ÁREAS DE INTERÉS PROSPECTIVO",2024,No elaborado,No elaborado,No elaborado,Junín,200-2024,INGEMMET,"I, IIa, IIb, III, IV, V",Vetilla de cuarzo blanco de textura crustiforme con sutura centrada de goethita-jarosita (N130°/60°SW y ancho de 0.10 m).,<0.027,<10,<0.5,878,11,44,8,38,24,15,12,6,104,50,64,103,<5,<10,<1,<2,<2,<0.5,<5,4.47,0.58,2.85,2.17,0.69,0.04,0.33,0.21,35.66,0.77,22,234,1.8,86.8,0.57,4.9,2.1,1.6,18.3,6.2,5.5,0.8,0.3,0.24,13.3,44.5,11.7,8.2,0.8,0.9,2.1,0.3,3.5,3,1.7
310,24n-RGQ24-019b,Rocas,525791,8719673,18,24-n,"GE36A9-T02: MAGMATISMO Y GEOQUÍMICA DEL BATOLITO DE LA COORDILLERA ORIENTAL DEL PERÚ CENTRAL, SU RELACIÓN CON ELEMENTOS ESTRATÉGICOS Y ÁREAS DE INTERÉS PROSPECTIVO",2024,No elaborado,No elaborado,No elaborado,Junín,200-2024,INGEMMET,"I, IIa, IIb, III, IV, V","Monzogranito color gris blanquecino, tonalidad leucócrata, textura  bandeada equigranular; contiene feldespatos K subhedrales (30 %), plagioclasas subhedrales (40 %), cuarzo (30 %), además de biotita y anfíboles anhedrales orientados, con silicificación fuerte (Azimut N30° y Buzamiento 65°NW.",<0.027,<10,<0.5,851,3,5,20,39,13,<5,79,<5,165,154,17,191,<5,<10,<1,<2,<2,0.6,<5,7.21,0.56,2.07,4.04,0.48,0.02,1.78,0.06,33.14,0.27,29,298,2.1,91,0.45,8,3.3,1.5,21.5,8.5,8.4,1.3,<0.2,0.27,10.3,43.4,11.6,9.3,<0.5,1.3,9.3,0.3,1.4,<1,2
311,24n-RGQ24-020,Rocas,525791,8719673,18,24-n,"GE36A9-T02: MAGMATISMO Y GEOQUÍMICA DEL BATOLITO DE LA COORDILLERA ORIENTAL DEL PERÚ CENTRAL, SU RELACIÓN CON ELEMENTOS ESTRATÉGICOS Y ÁREAS DE INTERÉS PROSPECTIVO",2024,No elaborado,No elaborado,No elaborado,Junín,200-2024,INGEMMET,"I, IIa, IIb, III, IV, V","Monzogranito color gris verdoso cizallado con alteración propilítica fuerte (clorita-epídota-pirita). Azimut N21°/ Buzamiento 78°NE, ancho 0.20 m.",<0.027,<10,<0.5,1482,43,155,48,10,225,87,<5,31,149,366,248,113,<5,<10,<1,<2,<2,0.7,<5,8.9,1.65,9.41,2.05,7.46,0.11,1.22,0.12,18.74,1.13,25,172,5.7,22,2.74,5,3.1,1.4,21.3,3.3,4.2,1,<0.2,0.48,5.9,12.8,3,3,<0.5,0.6,1.9,0.5,2.1,2,3.1
312,24n-RGQ24-021,Rocas,525660,8719574,18,24-n,"GE36A9-T02: MAGMATISMO Y GEOQUÍMICA DEL BATOLITO DE LA COORDILLERA ORIENTAL DEL PERÚ CENTRAL, SU RELACIÓN CON ELEMENTOS ESTRATÉGICOS Y ÁREAS DE INTERÉS PROSPECTIVO",2024,No elaborado,No elaborado,No elaborado,Junín,200-2024,INGEMMET,"I, IIa, IIb, III, IV, V","Sienogranito color gris rojizo de  tonalidad mesócrata y textura pegmatítica, con fenos de feldespatos acompañado de plagioclasas subhedrales, cuarzo, biotita, anfíboles anhedrales y venillas de cuarzo blanco masivo con óxidos (N220° / 75°NW y ancho de 0.10 m).",<0.027,<10,<0.5,2161,4,14,4,16,12,12,20,<5,174,594,<10,22,<5,<10,<1,<2,<2,0.6,<5,7.63,0.68,1,2.65,0.42,0.02,2.49,0.05,33.99,0.13,9,63,3.2,27.3,0.48,2,1,1.8,23,2.2,1.5,0.3,<0.2,<0.15,4.7,12.5,3.5,2.4,<0.5,0.3,5.6,0.1,2.4,<1,0.8
313,24n-RGQ24-022,Rocas,525770,8719672,18,24-n,"GE36A9-T02: MAGMATISMO Y GEOQUÍMICA DEL BATOLITO DE LA COORDILLERA ORIENTAL DEL PERÚ CENTRAL, SU RELACIÓN CON ELEMENTOS ESTRATÉGICOS Y ÁREAS DE INTERÉS PROSPECTIVO",2024,No elaborado,No elaborado,No elaborado,Junín,200-2024,INGEMMET,"I, IIa, IIb, III, IV, V","Veta de cuarzo blanco masivo con oquedades (boxwork) rellenadas de cuarzo hialino tipo diente de perro con goethita-jarosita (N245° / 80° SE y ancho de 0.90 m). La roca caja es un dique andesítico fuertemente cloritizado y cizallado, que se emplaza en el sienogranito silicificado.",<0.027,<10,<0.5,937,2,9,3,10,8,<5,11,<5,105,42,14,16,<5,<10,<1,<2,<2,<0.5,<5,4.64,0.08,0.84,2.43,0.19,0.02,0.78,0.04,38.43,0.14,<5,87,1.7,28.3,0.61,1.5,0.7,0.4,13.8,1.7,2.2,0.2,<0.2,<0.15,5.4,10.8,3,2,<0.5,0.3,7.9,<0.1,3.5,1,0.5
314,24n-RGQ24-022a,Rocas,525707,8719701,18,24-n,"GE36A9-T02: MAGMATISMO Y GEOQUÍMICA DEL BATOLITO DE LA COORDILLERA ORIENTAL DEL PERÚ CENTRAL, SU RELACIÓN CON ELEMENTOS ESTRATÉGICOS Y ÁREAS DE INTERÉS PROSPECTIVO",2024,No elaborado,No elaborado,No elaborado,Junín,200-2024,INGEMMET,"I, IIa, IIb, III","Sienogranito color gris rojizo de tonalidad mesócrata y textura fanerítica inequigranular con fenocristales de feldespatos y plagioclasas subhedrales con ojos de cuarzo hialino anhedral, biotitas y anfíboles anhedrales. Las fracturas contienen óxidos (N210° / 75°NW).",na,na,<0.5,176,3,7,12,5,5,<5,39,<5,396,58,<10,19,<5,<10,<1,<2,<2,1.6,<5,7.79,0.12,0.45,3.71,0.13,0.01,3.18,0.02,34.11,0.02,43,54,9.6,77.3,0.51,5.4,4.3,0.5,41.3,2.8,5.1,1.2,<0.2,1.06,11.6,7.7,1.9,2.3,9.1,0.7,21.5,0.8,5.4,<1,6.7
315,24n-RGQ24-023,Rocas,525791,8719673,18,24-n,"GE36A9-T02: MAGMATISMO Y GEOQUÍMICA DEL BATOLITO DE LA COORDILLERA ORIENTAL DEL PERÚ CENTRAL, SU RELACIÓN CON ELEMENTOS ESTRATÉGICOS Y ÁREAS DE INTERÉS PROSPECTIVO",2024,No elaborado,No elaborado,No elaborado,Junín,200-2024,INGEMMET,"I, IIa, IIb, III, IV, V",Veta de cuarzo blanco masivo con parches de hematita y pirita fina anhedral. Azimut N345° / Buzamiento 75°NE y ancho de 0.10 m.,1.116,26,4.7,259,32,4,323,8,7,<5,216,<5,37,15,<10,34417,8,<10,411,<2,<2,<0.5,<5,1.91,0.05,1.78,0.89,0.17,0.01,0.13,0.02,40.91,0.03,<5,50,0.8,13.8,0.17,1.1,0.5,0.3,8.2,1.1,1.4,0.2,41.8,<0.15,0.9,6.7,1.8,1.4,<0.5,0.2,2,<0.1,2,<1,0.3
316,24n-RGQ24-024,Rocas,525919,8719562,18,24-n,"GE36A9-T02: MAGMATISMO Y GEOQUÍMICA DEL BATOLITO DE LA COORDILLERA ORIENTAL DEL PERÚ CENTRAL, SU RELACIÓN CON ELEMENTOS ESTRATÉGICOS Y ÁREAS DE INTERÉS PROSPECTIVO",2024,No elaborado,No elaborado,No elaborado,Junín,200-2024,INGEMMET,"I, IIa, IIb, III, IV, V","Sienogranito color gris rojizo  tonalidad mesocrata txt fanerítica Inequigranular con fenocristales de felds y palg subhedrales con ojos de qz hialino, bio yanf anhedrales.",<0.027,<10,<0.5,2764,9,12,10,39,24,9,12,6,218,395,35,60,<5,<10,<1,<2,<2,1.1,<5,7.38,0.43,2.57,4.67,0.93,0.04,1.36,0.09,32.01,0.38,35,417,2.4,84.2,0.65,6.9,3.7,2.1,19.8,6.9,10.8,1.2,<0.2,0.42,11.9,39.5,10.3,7.9,0.7,1.1,1,0.5,0.9,<1,3
317,24n-RGQ24-025,Rocas,525918,8719548,18,24-n,"GE36A9-T02: MAGMATISMO Y GEOQUÍMICA DEL BATOLITO DE LA COORDILLERA ORIENTAL DEL PERÚ CENTRAL, SU RELACIÓN CON ELEMENTOS ESTRATÉGICOS Y ÁREAS DE INTERÉS PROSPECTIVO",2024,No elaborado,No elaborado,No elaborado,Junín,200-2024,INGEMMET,"I, IIa, IIb, III, IV, V","Sienogranito color gris rojizo  tonalidad mesocrata txt fanerítica Inequigranular con fenocristales de felds y palg subhedrales con ojos de qz hialino, bio yanf anhedrales. Frc tap oxds.",<0.027,<10,<0.5,472,2,6,7,16,9,<5,23,<5,197,65,<10,29,<5,<10,<1,<2,<2,0.5,<5,7.16,0.14,1.18,3.84,0.27,0.02,2.15,0.03,34.38,0.16,29,300,3.3,110,0.31,5.8,3.5,0.8,20.2,4.9,9,1.1,<0.2,0.41,9.2,31.6,9.4,6,0.5,0.9,37.8,0.5,3,<1,3
318,24n-RGQ24-026,Rocas,524544,8717367,18,24-n,"GE36A9-T02: MAGMATISMO Y GEOQUÍMICA DEL BATOLITO DE LA COORDILLERA ORIENTAL DEL PERÚ CENTRAL, SU RELACIÓN CON ELEMENTOS ESTRATÉGICOS Y ÁREAS DE INTERÉS PROSPECTIVO",2024,No elaborado,No elaborado,No elaborado,Junín,200-2024,INGEMMET,"I, IIa, IIb, III, IV, V",Sienogranito color gris rojizo  tonalidad mesocrata txt fanerítica equigranular txt band cizallada alt silicificación fuerte  fract goe jar,<0.027,<10,<0.5,1020,4,4,5,128,10,<5,26,<5,219,210,20,44,<5,<10,<1,<2,<2,0.8,<5,7.85,0.59,1.54,4.95,0.29,0.02,1.83,0.05,32.68,0.21,12,325,0.9,295.6,0.23,3.5,1.2,1.9,19.2,8.6,10,0.5,<0.2,<0.15,7.1,109.3,35.4,14.7,<0.5,0.9,67.6,0.1,1,<1,0.8
319,24n-RGQ24-026a,Rocas,524136,8717020,18,24-n,"GE36A9-T02: MAGMATISMO Y GEOQUÍMICA DEL BATOLITO DE LA COORDILLERA ORIENTAL DEL PERÚ CENTRAL, SU RELACIÓN CON ELEMENTOS ESTRATÉGICOS Y ÁREAS DE INTERÉS PROSPECTIVO",2024,No elaborado,No elaborado,No elaborado,Junín,200-2024,INGEMMET,"I, IIa, IIb, III, IV, V",Filitas gris verdosa txt protolito sienogranito alt sericitización fuerte cloritización moderada frac tap goe Az N150°/45°NE.,<0.027,<10,<0.5,288,51,111,52,20,22,44,<5,25,61,263,172,121,<5,<10,<1,<2,<2,<0.5,<5,9.18,5.43,8.47,1.13,4.4,0.13,2.06,0.11,22.67,0.86,32,124,1.3,47.8,1.76,6.1,3.4,1.5,20.9,5.6,3,1.1,<0.2,0.43,5.5,25.7,6.6,5.8,<0.5,0.9,3.4,0.4,0.7,<1,2.8
320,24n-RGQ24-030,Rocas,524625,8718117,18,24-n,"GE36A9-T02: MAGMATISMO Y GEOQUÍMICA DEL BATOLITO DE LA COORDILLERA ORIENTAL DEL PERÚ CENTRAL, SU RELACIÓN CON ELEMENTOS ESTRATÉGICOS Y ÁREAS DE INTERÉS PROSPECTIVO",2024,No elaborado,No elaborado,No elaborado,Junín,200-2024,INGEMMET,"I, IIa, IIb, III, IV, V",Sienogranito color gris rojizo  tonalidad mesocrata txt fanerítica granular foliada con plag felds y qz con ferromagnesianos anhedrales. fract goe jar N20°/60°NW ,<0.027,<10,<0.5,514,7,10,9,36,22,6,20,8,170,105,32,70,<5,<10,<1,<2,<2,<0.5,<5,7.07,0.34,2.62,3.04,0.85,0.04,2.18,0.04,32.77,0.5,17,711,2.1,69.6,0.54,3.5,2.2,1.4,21.9,3.6,19.5,0.7,<0.2,0.38,24.7,24.8,7.4,4.4,1.3,0.5,7.2,0.3,3.2,<1,2.4
321,24n-RGQ24-031,Rocas,524635,8718139,18,24-n,"GE36A9-T02: MAGMATISMO Y GEOQUÍMICA DEL BATOLITO DE LA COORDILLERA ORIENTAL DEL PERÚ CENTRAL, SU RELACIÓN CON ELEMENTOS ESTRATÉGICOS Y ÁREAS DE INTERÉS PROSPECTIVO",2024,No elaborado,No elaborado,No elaborado,Junín,200-2024,INGEMMET,"I, IIa, IIb, III, IV, V","Metamonzogranito color gris balnquecino tonalidad mesócrata y textura fanerítica granular foliada, con plagioclasas, feldespatos y cuarzo con ferromagnesianos anhedrales. Las fracturas contienen goethita y jarosita (N20° / 60°NW).",<0.027,<10,<0.5,908,8,10,12,40,25,6,17,5,190,153,30,68,<5,<10,<1,<2,<2,<0.5,<5,8.38,0.7,3.6,3.14,1.2,0.02,2.37,0.09,30.87,0.36,31,518,2,193.7,0.47,6.7,2.9,1.7,22.9,9.6,13.3,1.1,<0.2,0.29,8.5,79.3,22.8,12.9,<0.5,1.3,32.4,0.3,1.6,<1,2.2
322,24n-RGQ24-032,Rocas,524702,8718237,18,24-n,"GE36A9-T02: MAGMATISMO Y GEOQUÍMICA DEL BATOLITO DE LA COORDILLERA ORIENTAL DEL PERÚ CENTRAL, SU RELACIÓN CON ELEMENTOS ESTRATÉGICOS Y ÁREAS DE INTERÉS PROSPECTIVO",2024,No elaborado,No elaborado,No elaborado,Junín,200-2024,INGEMMET,"I, IIa, IIb, III, IV, V",Veta de cuarzo blanco masivo con boxwork tapizadas con goethita-jarosita-hemathita (N230° / 50°SW y ancho de 0.15 m).,<0.027,<10,<0.5,143,3,3,39,4,5,<5,<5,<5,17,20,<10,3,<5,<10,<1,<2,<2,<0.5,<5,1.03,0.06,0.62,0.46,0.14,<0.01,0.24,0.02,44.49,0.04,6,121,<0.6,26.1,0.11,1.3,0.6,0.3,3.3,1.5,3.1,0.2,<0.2,<0.15,1.6,11.8,3.2,2.1,<0.5,0.2,22.7,<0.1,1,<1,0.6
323,24n-RGQ24-033,Rocas,524702,8718237,18,24-n,"GE36A9-T02: MAGMATISMO Y GEOQUÍMICA DEL BATOLITO DE LA COORDILLERA ORIENTAL DEL PERÚ CENTRAL, SU RELACIÓN CON ELEMENTOS ESTRATÉGICOS Y ÁREAS DE INTERÉS PROSPECTIVO",2024,No elaborado,No elaborado,No elaborado,Junín,200-2024,INGEMMET,"I, IIa, IIb, III, IV, V",Andesita gris oscura de tonalidad melanócrata y textura porfirítica con fenos de plagioclasas subhedrales. Las fracturas están tapizadas con epídota-clorita (Sistema 1: N280° y Sistema 2: N250°) y el Band Fluj tiene una dirección N20°/25°NW.,<0.027,<10,<0.5,615,6,3,74,61,18,<5,13,6,67,82,10,40,<5,<10,<1,<2,<2,<0.5,<5,5.05,0.34,2.54,1.69,0.6,0.02,1.57,0.04,35.71,0.24,39,621,1.7,162.8,0.19,10.8,4.4,3,17.1,13.5,15.7,1.7,<0.2,0.41,7.8,87.5,20.8,18,<0.5,1.9,4.3,0.5,0.9,<1,3.1
324,23m-RGQ24-020,Rocas,447910,8746831,18,23-m,"GE36A9-T02: MAGMATISMO Y GEOQUÍMICA DEL BATOLITO DE LA COORDILLERA ORIENTAL DEL PERÚ CENTRAL, SU RELACIÓN CON ELEMENTOS ESTRATÉGICOS Y ÁREAS DE INTERÉS PROSPECTIVO",2024,No elaborado,No elaborado,No elaborado,Junín,200-2024,INGEMMET,"I, IIa, IIb, III, IV, V",Zona alterada,<0.027,<10,<0.5,473,20,89,67,49,19,42,6,32,221,103,133,55,24,<10,<1,2,<2,0.8,<5,10.59,0.07,4.41,3.04,0.41,0.07,0.8,0.08,28.82,0.52,34,219,3.7,100.4,6.25,7,3.7,1.7,26,6.8,6,1.3,<0.2,0.49,17.1,44.1,12.2,8.4,1.4,1.1,18,0.5,5.7,8,3.4
325,23m-RGQ24-021,Rocas,447897,8746814,18,23-m,"GE36A9-T02: MAGMATISMO Y GEOQUÍMICA DEL BATOLITO DE LA COORDILLERA ORIENTAL DEL PERÚ CENTRAL, SU RELACIÓN CON ELEMENTOS ESTRATÉGICOS Y ÁREAS DE INTERÉS PROSPECTIVO",2024,No elaborado,No elaborado,No elaborado,Junín,200-2024,INGEMMET,"I, IIa, IIb, III, IV, V",Zona alterada,<0.027,<10,<0.5,<5,36,1579,21,<2,8,912,<5,5,<2,<2,33,53,74,<10,<1,<2,<2,<0.5,<5,1.48,<0.01,3.8,<0.01,17.39,0.02,<0.01,<0.01,25.76,0.02,<5,<5,<0.6,0.8,0.13,0.3,0.1,<0.1,4.5,0.2,<0.2,<0.1,<0.2,<0.15,<0.5,0.8,0.2,0.2,<0.5,<0.1,0.3,<0.1,<0.1,<1,0.1
326,23m-RGQ24-040,Rocas,467538,8770564,18,23-m,"GE36A9-T02: MAGMATISMO Y GEOQUÍMICA DEL BATOLITO DE LA COORDILLERA ORIENTAL DEL PERÚ CENTRAL, SU RELACIÓN CON ELEMENTOS ESTRATÉGICOS Y ÁREAS DE INTERÉS PROSPECTIVO",2024,No elaborado,No elaborado,No elaborado,Junín,200-2024,INGEMMET,"I, IIa, IIb, III","Vetilla de cuarzo con oquedades de goethita y jarosita, de textura brechada reemplazamiento con halos de arcillas blancas. La roca caja es el sienogranito de color rojizo, tonalidad mesócrata y textura fanerítica, compuesto de feldespato K (65 %) subhedrales, plagioclasas (10 %) subhedrales y cuarzo (25 %) anhedral.",na,na,<0.5,189,2,3,3,458,19,<5,9,<5,699,2,<10,10,18,<10,<1,<2,<2,3,<5,13.2,<0.01,2.1,5.3,0.1,0.03,0.8,0.02,26.51,0.03,305,165,17,410.5,7.16,75.2,22.6,4.2,59.8,108.5,5.4,9.6,<0.2,2.07,75.9,381.4,113.9,112.1,6,15.3,74.9,2.6,27,4,15.8
327,23m-RGQ24-041,Rocas,467538,8770564,18,23-m,"GE36A9-T02: MAGMATISMO Y GEOQUÍMICA DEL BATOLITO DE LA COORDILLERA ORIENTAL DEL PERÚ CENTRAL, SU RELACIÓN CON ELEMENTOS ESTRATÉGICOS Y ÁREAS DE INTERÉS PROSPECTIVO",2024,No elaborado,No elaborado,No elaborado,Junín,200-2024,INGEMMET,"I, IIa, IIb, III",Halos de arcillas blancas que engloba a las venillas de sílice y óxidos (muestreo selectivo). Roca caja sienogranito que presenta una alteración argílica moderada (N60°-65° / 65°-70°SE y ancho de 3 a 5 cm).,na,na,<0.5,157,<1,1,13,517,15,<5,<5,<5,680,13,<10,24,17,<10,<1,<2,<2,2.2,<5,13.67,<0.01,0.62,3.93,0.15,<0.01,0.06,0.02,26.61,0.02,398,145,13.2,103.2,12.28,67.5,29.5,3.1,57.8,83.9,6.2,10.7,<0.2,3.19,41.4,394.6,122.1,97,2.9,12,61,3.8,17.4,2,23.9
328,23m-RGQ24-042,Rocas,467534,8770552,18,23-m,"GE36A9-T02: MAGMATISMO Y GEOQUÍMICA DEL BATOLITO DE LA COORDILLERA ORIENTAL DEL PERÚ CENTRAL, SU RELACIÓN CON ELEMENTOS ESTRATÉGICOS Y ÁREAS DE INTERÉS PROSPECTIVO",2024,No elaborado,No elaborado,No elaborado,Junín,200-2024,INGEMMET,"I, IIa, IIb, III","Vetilla de cuarzo con oquedades de goethita y jarosita, presenta textura brechada reemplazamiento con halos de arcillas blancas. la roca caja es el sienogranito color rojizo de tonalidad mesócrata y textura fanerítica, compuesta de feldespato K (65 %) subhedrales, plagioclasas (10 %) subhedrales y cuarzo (25 %) anhedral. La fracturas están tapizados de óxidos (N85° / 60°SE).",na,na,<0.5,229,4,2,28,176,51,<5,13,<5,660,19,<10,45,37,<10,<1,5,<2,3.9,9,9.55,0.01,3.83,4.06,0.18,0.07,0.04,0.02,30.36,0.05,190,305,13.6,369.5,12.77,25.9,14.8,0.9,48,24.5,10.8,4.7,<0.2,1.81,85.2,144.2,43.8,30.2,6.4,4,98.4,2.1,56.2,11,13.8
329,23m-RGQ24-043,Rocas,466879,8770626,18,23-m,"GE36A9-T02: MAGMATISMO Y GEOQUÍMICA DEL BATOLITO DE LA COORDILLERA ORIENTAL DEL PERÚ CENTRAL, SU RELACIÓN CON ELEMENTOS ESTRATÉGICOS Y ÁREAS DE INTERÉS PROSPECTIVO",2024,No elaborado,No elaborado,No elaborado,Junín,200-2024,INGEMMET,"I, IIa, IIb, III","Sienogranito color rojizo de tonalidad mesócrata y textura granítica - inequigranular, cortado por venillas de sílice-goethita-hematita-jarosita con halos de arcillas blancas dispuesta en paralelo a subparalelo (N210° / 70°NW, N230°70°NW).",na,na,<0.5,293,<1,3,7,464,10,<5,14,<5,687,22,<10,54,16,<10,<1,<2,<2,3.3,8,11.25,0.01,2.31,5.45,0.26,0.02,0.45,<0.01,28.33,0.05,167,293,7.2,284.6,9.25,28.7,11.8,2.8,46.4,55.2,9.5,4.6,<0.2,1.42,65.2,362.7,106.9,80.5,4.7,6.3,50.3,1.6,9.7,8,10.6
330,23m-RGQ24-044,Rocas,466920,8770691,18,23-m,"GE36A9-T02: MAGMATISMO Y GEOQUÍMICA DEL BATOLITO DE LA COORDILLERA ORIENTAL DEL PERÚ CENTRAL, SU RELACIÓN CON ELEMENTOS ESTRATÉGICOS Y ÁREAS DE INTERÉS PROSPECTIVO",2024,No elaborado,No elaborado,No elaborado,Junín,200-2024,INGEMMET,"I, IIa, IIb, III","Vetilla de cuarzo con oquedades de goethita-jarosita alojadas en el sienogranito color rojizo de tonalidad mesócrata y textura fanerítica, contiene feldespatos K (65 %) subhedrales, plagioclasas (10 %) subhedrales, cuarzo (25%) anhedral. Azimut N220° / Buzamiento 75°NW.",na,na,<0.5,234,1,1,3,920,8,<5,25,<5,923,19,<10,45,46,<10,<1,2,2,2.1,29,12.19,0.02,5.14,4.8,0.29,0.02,0.23,<0.01,25.51,0.07,365,381,7.4,132.2,12.72,70.2,28.3,8.2,59.6,142.9,11.2,11,<0.2,3.16,157.8,791.2,214.6,209.7,5.7,15.8,58.5,3.8,11.9,27,24
331,23m-RGQ24-045,Rocas,465526,8772366,18,23-m,"GE36A9-T02: MAGMATISMO Y GEOQUÍMICA DEL BATOLITO DE LA COORDILLERA ORIENTAL DEL PERÚ CENTRAL, SU RELACIÓN CON ELEMENTOS ESTRATÉGICOS Y ÁREAS DE INTERÉS PROSPECTIVO",2024,No elaborado,No elaborado,No elaborado,Junín,200-2024,INGEMMET,"I, IIa, IIb, III",Venillas selectivas de cuarzo con halos de arcillas blancas alojadas en el sienogranito con alteración argílica .,na,na,<0.5,598,2,3,4,112,5,<5,24,<5,708,50,19,50,9,<10,<1,<2,<2,2.1,<5,14.12,0.12,1.48,2.71,0.16,0.02,1.15,0.01,25.24,0.05,123,404,26.3,153.9,6.01,17.1,11.2,1.1,56,17.3,15.6,3.5,<0.2,1.72,70.9,104.5,29,24.8,7,2.7,75.6,1.7,11.9,3,12.3
332,23n-RGQ24-001,Rocas,526065,8738638,18,23-m,"GE36A9-T02: MAGMATISMO Y GEOQUÍMICA DEL BATOLITO DE LA COORDILLERA ORIENTAL DEL PERÚ CENTRAL, SU RELACIÓN CON ELEMENTOS ESTRATÉGICOS Y ÁREAS DE INTERÉS PROSPECTIVO",2024,No elaborado,No elaborado,No elaborado,Junín,200-2024,INGEMMET,"I, IIa, IIb, III","Diorita gris tonalidad melanócrata de textura equigranular con plagioclasas subhedrales, cuarzo y anfíboles anhedrales; fracturas rellenadas con goethita. Azimut N150° / Buzamiento 30°NE.",na,na,<0.5,679,37,342,42,66,23,83,16,26,78,411,140,191,<5,<10,<1,<2,<2,<0.5,<5,7.27,6.88,7.12,1.87,4.71,0.17,2.15,0.67,22.77,0.91,56,307,2,138.4,1.12,10.1,5.5,2.6,18.2,12,7.1,1.9,<0.2,0.73,15.7,67.5,17.6,14,3.3,1.7,7.4,0.7,2.7,<1,5
333,23n-RGQ24-002,Rocas,526067,8738635,18,23-m,"GE36A9-T02: MAGMATISMO Y GEOQUÍMICA DEL BATOLITO DE LA COORDILLERA ORIENTAL DEL PERÚ CENTRAL, SU RELACIÓN CON ELEMENTOS ESTRATÉGICOS Y ÁREAS DE INTERÉS PROSPECTIVO",2024,No elaborado,No elaborado,No elaborado,Junín,200-2024,INGEMMET,"I, IIa, IIb, III",Selectivas venillas de cuarzo blanco masivo con óxidos dispuestos en forma paralela a subparalela. Azimut N60°-50° / Buzamiento 35°-40°NW y ancho de 0.03 m a 0.05 m.,na,na,<0.5,130,1,11,8,12,4,<5,66,<5,289,49,<10,39,<5,<10,<1,<2,<2,0.7,<5,7.57,0.45,0.63,4.3,0.15,0.03,2.64,0.01,34.63,0.03,113,81,15.1,31,2.77,12.7,10.6,0.4,39.6,7.1,7.2,2.8,<0.2,2.89,50.4,18.1,4.5,6.9,40,1.6,31,2.1,16.2,3,18
334,23n-RGQ24-003,Rocas,526625,8739031,18,23-m,"GE36A9-T02: MAGMATISMO Y GEOQUÍMICA DEL BATOLITO DE LA COORDILLERA ORIENTAL DEL PERÚ CENTRAL, SU RELACIÓN CON ELEMENTOS ESTRATÉGICOS Y ÁREAS DE INTERÉS PROSPECTIVO",2024,No elaborado,No elaborado,No elaborado,Junín,200-2024,INGEMMET,"I, IIa, IIb, III","Contacto entre la diorita y el monzogranito gris blanquecino de textura fanerítica equigranular con contenidos de plagioclasas, feldespatos K y anfíbloes subhedrales con cuarzo anhedral. Fracturas tapizados de óxidos con Azimut N150° / Buzamiento 35°NE.",na,na,<0.5,1028,4,6,6,31,7,<5,21,<5,143,153,<10,14,<5,<10,<1,<2,<2,0.6,<5,7.08,0.48,0.98,4.5,0.15,0.02,2,0.02,34.42,0.12,30,159,1.2,64.9,0.6,5.5,3.2,0.9,19.8,5.1,5.5,1.1,<0.2,0.45,9.8,26.6,7.5,5.7,1,0.8,14,0.5,2.7,<1,3
335,23n-RGQ24-004,Rocas,527239,8739790,18,23-m,"GE36A9-T02: MAGMATISMO Y GEOQUÍMICA DEL BATOLITO DE LA COORDILLERA ORIENTAL DEL PERÚ CENTRAL, SU RELACIÓN CON ELEMENTOS ESTRATÉGICOS Y ÁREAS DE INTERÉS PROSPECTIVO",2024,No elaborado,No elaborado,No elaborado,Junín,200-2024,INGEMMET,"I, IIa, IIb, III","Diorita gris tonalidad melanocrata txt fanerítica equigranular con plag subhedrales qz, anf biotitas anhedrales cortado por vlls qz bco con oxds.  frac rellenadas goe. Az N100°/45°SW..",na,na,<0.5,834,28,25,27,50,19,15,7,17,142,411,184,102,<5,<10,<1,<2,<2,0.5,<5,7.36,4.23,6.92,3.05,2.3,0.14,2.26,0.42,24.67,1.34,48,188,3.7,117.9,2.15,8.9,4.8,2.3,22.9,9.4,5.2,1.7,<0.2,0.66,28.6,54.4,14.6,11.7,2.3,1.5,7.5,0.7,2.3,1,4.7
336,23n-RGQ24-005,Rocas,527373,8740492,18,23-m,"GE36A9-T02: MAGMATISMO Y GEOQUÍMICA DEL BATOLITO DE LA COORDILLERA ORIENTAL DEL PERÚ CENTRAL, SU RELACIÓN CON ELEMENTOS ESTRATÉGICOS Y ÁREAS DE INTERÉS PROSPECTIVO",2024,No elaborado,No elaborado,No elaborado,Junín,200-2024,INGEMMET,"I, IIa, IIb, III","Monzogranito color gris blanquecino, textura  equigranular, compuesta de feldespatos K (30 %), plagoclasas (40 %) subhedrales, cuarzo (30 %) y ferromagnesianos fuertemente oxidados anhedrales; con fuerte silicificación. Las fracturas están rellenadas con goethita. Azimut N335° / Buzamiento 35°NE.",na,na,<0.5,1212,15,18,6,69,46,15,12,13,146,118,64,54,<5,<10,<1,<2,<2,0.7,<5,7.24,0.32,4.34,4.04,1.55,0.07,1.55,0.09,30.23,0.47,80,578,2,209.2,2.81,14.4,8.5,1.9,23,14.6,15.8,2.8,<0.2,1.2,23.6,87.8,24.5,17.8,1.4,2.3,32.2,1.2,3.7,<1,8.2
337,23n-RGQ24-006,Rocas,527084,8740621,18,23-m,"GE36A9-T02: MAGMATISMO Y GEOQUÍMICA DEL BATOLITO DE LA COORDILLERA ORIENTAL DEL PERÚ CENTRAL, SU RELACIÓN CON ELEMENTOS ESTRATÉGICOS Y ÁREAS DE INTERÉS PROSPECTIVO",2024,No elaborado,No elaborado,No elaborado,Junín,200-2024,INGEMMET,"I, IIa, IIb, III, IV, V","Contacto entre la diorita y el sienogranito con presencia de xenolitos. El sienogranito es de color gris rojizo, tonalidad mesócrata y textura granítica - equigranular; compuesta de feldespatos K (55 %) subhedrales, plagioclasas (15 %), anfíboles subhedrales, cuarzo (30 %) anhedrales, fracturas rellenadas con pirita y trazas de calcopirita.",<0.027,47,<0.5,880,58,49,105,42,47,27,14,18,147,349,84,79,30,<10,<1,<2,<2,1.3,<5,7.49,1.96,6.24,2.5,2.55,0.1,2.24,0.07,26.96,0.35,25,265,1.7,120,2.34,5.5,2.6,1.7,21.9,7.1,7.4,1,<0.2,0.33,11.7,51.3,14.3,9.6,0.7,1,16.4,0.3,1.7,<1,2.3
338,23n-RGQ24-007,Rocas,526828,8741159,18,23-m,"GE36A9-T02: MAGMATISMO Y GEOQUÍMICA DEL BATOLITO DE LA COORDILLERA ORIENTAL DEL PERÚ CENTRAL, SU RELACIÓN CON ELEMENTOS ESTRATÉGICOS Y ÁREAS DE INTERÉS PROSPECTIVO",2024,No elaborado,No elaborado,No elaborado,Junín,200-2024,INGEMMET,"I, IIa, IIb, III","Sienogranito color rojizo de tonalidad mesócrata y textura granítica - inequigranular, con feldesapatos K (60 %) subhedrales, plagioclasas (10 %) subhedrales, cuarzo (30 %) anhedral y xenomorfos de anfíboles y biotitas. Fracturas tapizadas con óxidos. Azimut N215° / Buzamiento 80°NW.",na,na,<0.5,335,10,3,6,107,20,<5,11,<5,153,75,12,31,<5,<10,<1,<2,<2,0.6,<5,9.94,0.44,3.01,4.11,0.43,0.04,2.94,0.03,28.22,0.37,87,1277,10.9,381.1,2.63,14.9,9.6,2.2,35.8,14.1,38.2,3.1,<0.2,1.56,77.1,102.1,32.4,18.3,8,2.3,112,1.5,18.6,2,10.5
339,23n-RGQ24-008,Rocas,527475,8741435,18,23-m,"GE36A9-T02: MAGMATISMO Y GEOQUÍMICA DEL BATOLITO DE LA COORDILLERA ORIENTAL DEL PERÚ CENTRAL, SU RELACIÓN CON ELEMENTOS ESTRATÉGICOS Y ÁREAS DE INTERÉS PROSPECTIVO",2024,No elaborado,No elaborado,No elaborado,Junín,200-2024,INGEMMET,"I, IIa, IIb, III",Roca Ultrabásica (?) gris melanócrata de textura afanítica con diseminaciones de pirita fina anhedral y fracturas rellenadas con óxidos (Azimut N110°/ Buzamiento 30°SW).,na,na,<0.5,853,36,63,88,38,68,45,14,23,245,120,208,56,21,<10,<1,<2,<2,1.1,<5,7.55,0.61,8.24,4.27,1.12,0.06,0.79,0.13,27.29,1.22,39,290,2.2,97.7,7.47,8.3,4.4,2.4,25,8.4,7.5,1.5,<0.2,0.58,19.8,46.1,12.2,10.1,1.3,1.3,10.2,0.6,2.4,1,3.9
340,23n-RGQ24-009,Rocas,527329,8741871,18,23-m,"GE36A9-T02: MAGMATISMO Y GEOQUÍMICA DEL BATOLITO DE LA COORDILLERA ORIENTAL DEL PERÚ CENTRAL, SU RELACIÓN CON ELEMENTOS ESTRATÉGICOS Y ÁREAS DE INTERÉS PROSPECTIVO",2024,No elaborado,No elaborado,No elaborado,Junín,200-2024,INGEMMET,"I, IIa, IIb, III",Metandesita gris de tonalidad melanócrata y textura afanítica con diseminación de pirita fina anhedral. Fracturas rellenadas con óxidos (Azimut N320° / Buzamiento 45°NE).,na,na,<0.5,1614,36,86,78,42,78,49,35,31,289,106,260,206,21,<10,<1,<2,<2,1,<5,10.72,0.1,6.47,5.58,0.81,0.06,0.51,0.13,23.08,1.54,63,375,3.7,127,3.67,12,6.5,3.9,31,12.3,10.3,2.2,<0.2,0.83,26.5,62.2,16.1,13.9,1.6,1.9,14.3,0.9,3.6,1,5.8
341,23n-RGQ24-010,Rocas,527760,8742382,18,23-m,"GE36A9-T02: MAGMATISMO Y GEOQUÍMICA DEL BATOLITO DE LA COORDILLERA ORIENTAL DEL PERÚ CENTRAL, SU RELACIÓN CON ELEMENTOS ESTRATÉGICOS Y ÁREAS DE INTERÉS PROSPECTIVO",2024,No elaborado,No elaborado,No elaborado,Junín,200-2024,INGEMMET,"I, IIa, IIb, III","Estructura tipo brecha de reemplazamiento, monomíctica de matriz soportada, conformada por polvo de roca cementada por sílice y óxidos (N 210° / 70°NE y ancho de 0.40 m). La roca caja es una metandesita gris.",na,na,<0.5,792,13,19,11,7,9,11,<5,<5,111,27,47,7,7,<10,<1,2,<2,0.6,<5,3.98,0.07,2.94,3.46,0.22,0.09,0.05,0.08,37.25,0.61,11,659,0.7,18.6,1.08,2.2,1.3,0.6,9.7,2.1,16.4,0.4,<0.2,0.28,7.8,9.2,2.3,2.2,0.7,0.3,5.4,0.2,1.7,<1,1.6
342,23n-RGQ24-012,Rocas,527958,8742860,18,23-m,"GE36A9-T02: MAGMATISMO Y GEOQUÍMICA DEL BATOLITO DE LA COORDILLERA ORIENTAL DEL PERÚ CENTRAL, SU RELACIÓN CON ELEMENTOS ESTRATÉGICOS Y ÁREAS DE INTERÉS PROSPECTIVO",2024,No elaborado,No elaborado,No elaborado,Junín,200-2024,INGEMMET,"I, IIa, IIb, III","Cuerpo de Brecha de reemplazamiento, monomíctica y matriz soportada, conformada por polvo de roca cementada por sílice y óxidos, fragmentos de metandesita gris afanítica de forma subangulosa, Ø 1 a 5 cm con venillas y diseminación de pirita fina anhedral que se alteró a óxidos de Fe. Azimut N 210° / Buzamiento 35°NE, dimensiones: 40 m de largo por 50 m de alto.",na,na,<0.5,601,55,62,64,24,154,47,6,18,80,80,192,121,23,<10,<1,4,<2,0.6,<5,8.23,0.27,10.05,1.74,2.18,0.1,1.28,0.09,24.32,1.09,30,213,2.7,79.4,5.47,6.5,3.4,1.6,25.2,6.9,5.7,1.2,<0.2,0.48,18.9,38.3,10.1,8.4,1.2,1.1,9.9,0.5,3.1,1,3.3
343,23n-RGQ24-013,Rocas,527958,8742856,18,23-m,"GE36A9-T02: MAGMATISMO Y GEOQUÍMICA DEL BATOLITO DE LA COORDILLERA ORIENTAL DEL PERÚ CENTRAL, SU RELACIÓN CON ELEMENTOS ESTRATÉGICOS Y ÁREAS DE INTERÉS PROSPECTIVO",2024,No elaborado,No elaborado,No elaborado,Junín,200-2024,INGEMMET,"I, IIa, IIb, III","Cuerpo de Brecha de reemplazamiento, monomíctica matriz soportada conformada por polvo de roca cementada por sílice y óxidos, fragmentos de metandesita gris afanítica de forma subangulosa, Ø 1 a  5 cm con jarosita, goethita y sílice. Azimut N 220° / Buzamiento 30°NW, dimensiones: 80 m de largo por 50 m de alto.",na,na,0.6,1013,34,80,82,49,82,53,9,25,230,80,228,64,12,<10,<1,3,<2,0.8,<5,9.11,0.36,7.78,3.19,1.81,0.04,0.81,0.1,24.82,1.21,48,212,2.7,101.3,6.94,9,4.7,2.6,28.7,9.3,6,1.7,<0.2,0.6,20.9,49.5,13,10.8,1.4,1.4,11.4,0.7,4,1,4.3
344,23n-RGQ24-014,Rocas,525482,8737267,18,23-m,"GE36A9-T02: MAGMATISMO Y GEOQUÍMICA DEL BATOLITO DE LA COORDILLERA ORIENTAL DEL PERÚ CENTRAL, SU RELACIÓN CON ELEMENTOS ESTRATÉGICOS Y ÁREAS DE INTERÉS PROSPECTIVO",2024,No elaborado,No elaborado,No elaborado,Junín,200-2024,INGEMMET,"I, IIa, IIb, III","Diorita gris de tonalidad melanócrata y textura fanerítica equigranular con plagioclasas subhedrales, cuarzo, anfíboles, biotitas anhedrales y anfiboles hipidiomórficos; presencia de alteración propilítica moderada (clorita-magnetita-pirita). Fractuas rellenadas de goethita (N65°/70°NW).",na,na,<0.5,573,36,238,48,43,14,78,<5,21,71,368,145,102,<5,<10,<1,<2,<2,<0.5,<5,7.64,6.51,8.5,1.51,4.38,0.17,2.21,0.54,22.1,1.35,49,317,1.6,100.1,1.11,9,4.8,2.7,19.4,10.2,7.3,1.7,<0.2,0.63,17.6,53,13.2,11.8,1.2,1.5,5.5,0.7,1.9,<1,4.3
345,23n-RGQ24-015,Rocas,526018,8738208,18,23-m,"GE36A9-T02: MAGMATISMO Y GEOQUÍMICA DEL BATOLITO DE LA COORDILLERA ORIENTAL DEL PERÚ CENTRAL, SU RELACIÓN CON ELEMENTOS ESTRATÉGICOS Y ÁREAS DE INTERÉS PROSPECTIVO",2024,No elaborado,No elaborado,No elaborado,Junín,200-2024,INGEMMET,"I, IIa, IIb, III","Monzogranito color gris blanquecino, tonalidad mesocrata y textura fanerítica equigranular, con feldespatos K (30 %) subhedrales, plagioclasas (40 %) subhedrales, cuarzo (30%) y fantasmas de biotita. Silicificación moderada y fracturas rellenadas con óxidos (N320° / 80°NE).",na,na,<0.5,36,2,4,77,22,3,<5,15,<5,152,8,<10,5,<5,<10,<1,<2,<2,0.6,<5,7.29,0.17,1.18,4.29,0.18,0.01,2.36,0.01,33.73,0.08,53,209,4.5,65.8,0.89,9.4,5.7,1,23.1,7.6,8.6,1.9,<0.2,0.85,38,29.7,8.1,7.8,3.5,1.4,32,0.9,7.4,1,5.9
346,23n-RGQ24-016,Rocas,527284,8739274,18,23-m,"GE36A9-T02: MAGMATISMO Y GEOQUÍMICA DEL BATOLITO DE LA COORDILLERA ORIENTAL DEL PERÚ CENTRAL, SU RELACIÓN CON ELEMENTOS ESTRATÉGICOS Y ÁREAS DE INTERÉS PROSPECTIVO",2024,No elaborado,No elaborado,No elaborado,Junín,200-2024,INGEMMET,"I, IIa, IIb, III","Monzogranito color gris blanquecino, textura equigranular; feldespatos K (30 %) y plagioclasas (40 %) subhedrales, cuarzo (30 %) y ferromagnesianos fuertemente oxidados anhedrales, con silicificación. Fracturas rellenadas con goethita (N335°/60°NE).",na,na,<0.5,249,4,4,2,62,11,<5,13,<5,162,46,<10,21,<5,<10,<1,<2,<2,<0.5,<5,8.25,0.39,1.83,3.63,0.33,0.04,3.12,0.02,31.84,0.14,69,293,4.2,131.7,0.59,11.9,7.4,1.3,27.4,9.5,10,2.4,<0.2,1.21,23.1,46.7,13.6,10.6,1.4,1.7,34,1.1,5.9,<1,7.8
347,23n-RGQ24-017,Rocas,527075,8739213,18,23-m,"GE36A9-T02: MAGMATISMO Y GEOQUÍMICA DEL BATOLITO DE LA COORDILLERA ORIENTAL DEL PERÚ CENTRAL, SU RELACIÓN CON ELEMENTOS ESTRATÉGICOS Y ÁREAS DE INTERÉS PROSPECTIVO",2024,No elaborado,No elaborado,No elaborado,Junín,200-2024,INGEMMET,"I, IIa, IIb, III","Monzogranito color gris blanquecino, tonalidad mesócrata, textura fanerítica inequigranular; compuesto de feldespatos K (30 %) subhedrales, plagioclasas (40 %) subhedrales, cuarzo (30 %) y ferromagnesianos anhedrales; fracturas rellenadas con óxidos (N140° / 75°SW).",na,na,<0.5,208,1,6,2,25,6,<5,16,<5,168,38,<10,6,<5,<10,<1,<2,<2,<0.5,<5,7.32,0.32,0.86,3.88,0.06,0.02,2.76,0.01,34.24,0.07,44,204,3,86.3,1.05,6.9,4.5,0.6,22.2,5.1,7.3,1.4,<0.2,0.72,18.5,26.8,8,5.7,1.9,1,22.5,0.7,5.8,1,5
348,23n-RGQ24-018,Rocas,527457,8742942,18,23-m,"GE36A9-T02: MAGMATISMO Y GEOQUÍMICA DEL BATOLITO DE LA COORDILLERA ORIENTAL DEL PERÚ CENTRAL, SU RELACIÓN CON ELEMENTOS ESTRATÉGICOS Y ÁREAS DE INTERÉS PROSPECTIVO",2024,No elaborado,No elaborado,No elaborado,Junín,200-2024,INGEMMET,"I, IIa, IIb, III","Cuerpo de Brecha de reemplazamiento, monomíctica y de matriz soportada, conformada por polvo de roca cementada por sílice y óxidos, fragmentos de metandesita gris afanítica de forma subangulosa, Ø ?1 cm, Ø de 4 cm a 6 cm, Ø ? 10 cm, con jarosita, goethita, hematita y sílice. Aziut N220° / Buzamiento 30°NW, dimensiones 80 m de largo por 80 m de alto.",na,na,<0.5,1205,56,81,119,44,82,60,12,21,168,45,279,175,7,<10,<1,7,<2,0.8,<5,9.54,0.16,8.15,3.27,1.51,0.07,0.5,0.11,25.1,1.22,47,252,3.1,99,4.51,9.1,4.8,2,27.8,9.1,6.6,1.7,<0.2,0.61,20.3,48.2,12.7,10.8,1.3,1.4,10.9,0.7,4.8,1,4.4
349,23n-RGQ24-018a,Rocas,529023,8742587,18,23-m,"GE36A9-T02: MAGMATISMO Y GEOQUÍMICA DEL BATOLITO DE LA COORDILLERA ORIENTAL DEL PERÚ CENTRAL, SU RELACIÓN CON ELEMENTOS ESTRATÉGICOS Y ÁREAS DE INTERÉS PROSPECTIVO",2024,No elaborado,No elaborado,No elaborado,Junín,200-2024,INGEMMET,"I, IIa, IIb, III","Monzogranito color gris blanquecino, textura fanerítica  inequigranular, feldespatos K (30 %) subhedrales, plagioclasas (40 %) subhedrales, cuarzo (30 %), anfíboles y biotitas anhedrales, fracturas rellenadas con óxidos (N140° / 75°SW).",na,na,<0.5,817,17,16,9,32,13,9,20,7,41,313,84,135,<5,<10,<1,<2,<2,<0.5,<5,9.29,1.63,5.23,2.09,1.25,0.08,3.08,0.13,26.1,0.47,11,299,1.6,80.9,0.49,2.7,1.3,1.8,28.8,4.2,7.7,0.5,<0.2,0.17,8.2,33.6,9.3,5.8,<0.5,0.5,1.2,0.2,0.6,<1,1.1
350,23n-RGQ24-019,Rocas,529463,8742585,18,23-m,"GE36A9-T02: MAGMATISMO Y GEOQUÍMICA DEL BATOLITO DE LA COORDILLERA ORIENTAL DEL PERÚ CENTRAL, SU RELACIÓN CON ELEMENTOS ESTRATÉGICOS Y ÁREAS DE INTERÉS PROSPECTIVO",2024,No elaborado,No elaborado,No elaborado,Junín,200-2024,INGEMMET,"I, IIa, IIb, III","Monzogranito color gris blanquecino, tonalidad mesócrata, textura fanerítica  inequigranular; contiene feldesapatos K (30 %) subhedrales, plagioclasas (40 %) subhedrales, cuarzo (30 %), hornblenda y biotita anhedrales. Fracturas tapizadas con goethita-jarosita (N190° / 40°SW).",na,na,0.6,1685,7,9,24,9,13,11,27,<5,26,390,33,48,<5,<10,<1,<2,<2,<0.5,<5,7.83,1.36,1.58,2.15,0.42,0.03,2.79,0.02,32.53,0.18,<5,155,1.3,26.6,0.12,0.5,0.3,1.4,17.4,0.8,5.1,<0.1,<0.2,<0.15,2,8.1,2.6,1.1,<0.5,<0.1,0.8,<0.1,0.7,<1,0.4
351,23m-RGQ24-022,Rocas,447608,8747057,18,23-m,"GE36A9-T02: MAGMATISMO Y GEOQUÍMICA DEL BATOLITO DE LA COORDILLERA ORIENTAL DEL PERÚ CENTRAL, SU RELACIÓN CON ELEMENTOS ESTRATÉGICOS Y ÁREAS DE INTERÉS PROSPECTIVO",2024,No elaborado,No elaborado,No elaborado,Junín,200-2024,INGEMMET,"I, IIa, IIb, III",Esquisto micáceo gris verdoso de textura lepidoblásticas y alteración sericítica moderada y cloritización débil con presencia de lentes de cuarzo blanco. Azimut N260°/ Buzamiento 20°NW.,na,na,<0.5,370,15,57,12,51,46,37,7,10,102,71,84,56,<5,<10,<1,<2,<2,<0.5,<5,6.89,0.28,3.67,1.7,1.24,0.06,0.95,0.11,32.59,0.42,41,459,2.3,116.2,2.88,8,4.4,1.6,16.5,8.2,12.8,1.5,<0.2,0.64,12.7,49,13.5,10.3,1.1,1.3,19.8,0.6,3.9,1,4.4
352,23m-RGQ24-023,Rocas,447246,8747259,18,23-m,"GE36A9-T02: MAGMATISMO Y GEOQUÍMICA DEL BATOLITO DE LA COORDILLERA ORIENTAL DEL PERÚ CENTRAL, SU RELACIÓN CON ELEMENTOS ESTRATÉGICOS Y ÁREAS DE INTERÉS PROSPECTIVO",2024,No elaborado,No elaborado,No elaborado,Junín,200-2024,INGEMMET,"I, IIa, IIb, III",Esquisto micáceo gris verdoso de textura lepidoblástica y alteración sericítica moderada con lentes de cuarzo blanco. Fracturas rellenadas con goethita-jarosita.  Azimut N200° / Buzamiento 40°SW.,na,na,0.9,496,20,79,49,45,46,43,10,15,112,99,116,83,<5,<10,<1,<2,<2,<0.5,<5,7.45,0.48,4.27,1.84,1.35,0.07,1.14,0.16,31.52,0.55,43,361,2.9,115.1,3.32,8.1,4.2,1.9,19.5,8.6,10.9,1.5,<0.2,0.61,15.3,50.7,13.9,11,1.2,1.4,19,0.6,4.1,1,4
353,23m-RGQ24-024,Rocas,446952,8747423,18,23-m,"GE36A9-T02: MAGMATISMO Y GEOQUÍMICA DEL BATOLITO DE LA COORDILLERA ORIENTAL DEL PERÚ CENTRAL, SU RELACIÓN CON ELEMENTOS ESTRATÉGICOS Y ÁREAS DE INTERÉS PROSPECTIVO",2024,No elaborado,No elaborado,No elaborado,Junín,200-2024,INGEMMET,"I, IIa, IIb, III",Esquisto micáceo gris verdoso de textura lepidoblástica y alteración sericítica moderada con lentes de cuarzo blanco. Fracturas rellenadas con goethita-jarosita. Azimut N335° / Buzamiento 60°SW.,na,na,<0.5,704,18,81,29,38,45,47,19,16,82,123,161,88,<5,<10,<1,<2,<2,0.6,<5,10.21,0.43,5.03,2.57,1.5,0.06,1.56,0.16,26.7,0.62,34,270,3.5,95.3,4.52,6.8,3.5,1.6,24.4,6.8,7.4,1.2,<0.2,0.52,18.4,40.6,11,8.4,1.4,1.1,18.4,0.5,3.5,2,3.4
354,23m-RGQ24-025,Rocas,466927,8769816,18,23-m,"GE36A9-T02: MAGMATISMO Y GEOQUÍMICA DEL BATOLITO DE LA COORDILLERA ORIENTAL DEL PERÚ CENTRAL, SU RELACIÓN CON ELEMENTOS ESTRATÉGICOS Y ÁREAS DE INTERÉS PROSPECTIVO",2024,No elaborado,No elaborado,No elaborado,Junín,200-2024,INGEMMET,"I, IIa, IIb, III","Sienogranito color rojizo, tonalidad mesócrata, textura granítica, alteración argílica moderada. Fracturas tapizados por óxidos. Azimut N215° / Buzamiento 80°NW.",na,na,0.7,269,5,1,13,95,31,<5,24,<5,589,2,<10,50,10,<10,<1,<2,<2,2.9,<5,15.18,0.01,1.64,4.13,0.05,0.04,0.08,0.01,23.88,0.06,115,375,10.6,275,13.35,18.7,12.6,0.4,61.1,12.2,13.8,4.1,<0.2,1.65,128.3,107.7,31.2,18.4,8.4,2.6,118.9,1.9,16.5,3,12.7
355,23m-RGQ24-026,Rocas,466999,8770029,18,23-m,"GE36A9-T02: MAGMATISMO Y GEOQUÍMICA DEL BATOLITO DE LA COORDILLERA ORIENTAL DEL PERÚ CENTRAL, SU RELACIÓN CON ELEMENTOS ESTRATÉGICOS Y ÁREAS DE INTERÉS PROSPECTIVO",2024,No elaborado,No elaborado,No elaborado,Junín,200-2024,INGEMMET,"I, IIa, IIb, III","Venillas de sílice y óxidos, con halo argílico. Roca caja sienogranito color rojizo, alteración argílica y moderada oxidación. Sistema 1: N310° / 65°SW, Sistema 2: N320° / 80°NE y Sistema 3: EW / 40°S.",na,na,<0.5,245,4,2,33,346,22,<5,10,<5,800,2,<10,62,22,<10,<1,3,<2,2.9,<5,13.39,0.02,4.12,4.81,0.09,0.06,0.09,<0.01,23.54,0.06,167,361,8.4,230.2,7.67,24.4,17.3,1.4,63.9,24.8,11.6,5.4,0.3,2.36,75.8,392.7,112.2,65.2,5.5,3.7,84.1,2.7,25.4,4,17.7
356,23m-RGQ24-027,Rocas,467005,8769953,18,23-m,"GE36A9-T02: MAGMATISMO Y GEOQUÍMICA DEL BATOLITO DE LA COORDILLERA ORIENTAL DEL PERÚ CENTRAL, SU RELACIÓN CON ELEMENTOS ESTRATÉGICOS Y ÁREAS DE INTERÉS PROSPECTIVO",2024,No elaborado,No elaborado,No elaborado,Junín,200-2024,INGEMMET,"I, IIa, IIb, III","Sienogranito color rojizo, tonalidad mesócrata, textura granítica, alteración argílica moderada. Fracturastapizados por óxidos. Azimut N215° / Buzamiento 80°NW.",na,na,<0.5,310,2,2,7,167,26,<5,<5,<5,551,32,<10,14,5,<10,<1,5,<2,3.9,<5,10.1,0.05,0.8,6.09,0.1,0.02,1.33,<0.01,30.18,0.08,239,341,10.2,306.3,7.63,38.9,20.9,1.6,43.6,41.2,11.8,7.1,<0.2,2.6,103.7,270.5,81.3,59.8,9.1,6.5,133.9,3.1,21,4,20.4
357,23m-RGQ24-028,Rocas,465260,8772363,18,23-m,"GE36A9-T02: MAGMATISMO Y GEOQUÍMICA DEL BATOLITO DE LA COORDILLERA ORIENTAL DEL PERÚ CENTRAL, SU RELACIÓN CON ELEMENTOS ESTRATÉGICOS Y ÁREAS DE INTERÉS PROSPECTIVO",2024,No elaborado,No elaborado,No elaborado,Junín,200-2024,INGEMMET,"I, IIa, IIb, III, IV, V","Venilla de cuarzo drusico, oquedades tapizadas con óxidos y sulfuros grises (N80° / 60°NW). Roca caja sienogranito color rojizo, argilizado .",<0.027,14,0.9,119,4,5,66,37,21,<5,38,<5,302,27,<10,101,<5,<10,<1,<2,<2,1.6,42,2.57,0.04,3.76,2.14,0.08,0.02,0.05,<0.01,39.84,0.04,63,110,2.6,55.1,6.46,9.4,5.9,0.4,13.5,7,4,1.9,1.2,0.98,30.8,32.4,9.1,9.2,3,1.3,22.2,0.9,6.3,39,6.7
358,23m-RGQ24-029,Rocas,466500,8771083,18,23-m,"GE36A9-T02: MAGMATISMO Y GEOQUÍMICA DEL BATOLITO DE LA COORDILLERA ORIENTAL DEL PERÚ CENTRAL, SU RELACIÓN CON ELEMENTOS ESTRATÉGICOS Y ÁREAS DE INTERÉS PROSPECTIVO",2024,No elaborado,No elaborado,No elaborado,Junín,200-2024,INGEMMET,"I, IIa, IIb, III","Contacto entre el sienogranito cortado por el monzogranito con alteración argílica fuerte, con venillas tipo stocwork conteniendo cuarzo-goethita-jarosita (Sistema 1: N160° / 65°SW, Sistema 2:  N150° / 70°SW y Sistema 3: N330° / 65°NE).",na,na,<0.5,41,2,1,<2,18,128,<5,27,<5,1327,<2,<10,15,12,<10,<1,<2,<2,4.1,<5,12.52,<0.01,0.75,5.07,<0.01,<0.01,0.15,<0.01,27.94,0.01,40,216,22.1,44.5,35.4,6.5,5,0.1,58,3.7,17.8,1.4,<0.2,1.07,158.8,17.1,5.1,4.6,18.1,0.8,68.9,0.9,12,3,7.2
359,23m-RGQ24-030,Rocas,466419,8770934,18,23-m,"GE36A9-T02: MAGMATISMO Y GEOQUÍMICA DEL BATOLITO DE LA COORDILLERA ORIENTAL DEL PERÚ CENTRAL, SU RELACIÓN CON ELEMENTOS ESTRATÉGICOS Y ÁREAS DE INTERÉS PROSPECTIVO",2024,No elaborado,No elaborado,No elaborado,Junín,200-2024,INGEMMET,"I, IIa, IIb, III","Sienogranito color rojizo, tonalidad mesócrata, textura granítica - inequigranular, feldespatos K (60 %) subhedrales, plagioclasas (10%) subhedrales, cuarzo (30%) anhedral y ferromagnesianos alterados a hematita, con venillas dispuestas en forma paralela con halos de arcillas blancas (N200°-205° / 40°-35°NW y anchos de 1 cm a 2 cm).",na,na,<0.5,209,4,<1,3,583,68,<5,8,<5,588,18,<10,40,13,<10,<1,<2,<2,2.1,7,7.74,0.02,2.19,3.58,0.22,0.01,0.06,<0.01,33.16,0.11,216,339,7.5,157.3,15.01,38.5,18.6,5.4,39.6,65.8,12.3,6.7,<0.2,2.27,78,395.8,117,98.4,6.7,7.7,65.1,2.6,11.2,7,16.7
360,23m-RGQ24-031,Rocas,466767,8770836,18,23-m,"GE36A9-T02: MAGMATISMO Y GEOQUÍMICA DEL BATOLITO DE LA COORDILLERA ORIENTAL DEL PERÚ CENTRAL, SU RELACIÓN CON ELEMENTOS ESTRATÉGICOS Y ÁREAS DE INTERÉS PROSPECTIVO",2024,No elaborado,No elaborado,No elaborado,Junín,200-2024,INGEMMET,"I, IIa, IIb, III","Sienogranito color rojizo, tonalidad mesócrata, textura granítica - inequigranular, feldespatos K (60 %) subhedrales, plagioclasas (10 %) subhedrales alterándose a arcillas blancas, cuarzo (30 %) anhedral y ferromagnesianos alterados a óxidos, con venillas de óxidos (N165°-/55°205°/40°-35°NW Anc 1 a 2 cm.",na,na,<0.5,213,2,2,9,837,11,<5,17,<5,714,8,11,54,20,<10,<1,<2,<2,2.8,15,14.17,0.01,4.06,3.74,0.16,0.05,0.04,<0.01,23.77,0.06,351,136,14.4,376.4,26.93,68.6,27.4,5.8,62.2,106.8,5.1,10.9,0.2,2.63,110,584.4,174,135.9,7.9,14,83.7,3.5,12.8,14,20.4
361,23m-RGQ24-032,Rocas,466019,8770754,18,23-m,"GE36A9-T02: MAGMATISMO Y GEOQUÍMICA DEL BATOLITO DE LA COORDILLERA ORIENTAL DEL PERÚ CENTRAL, SU RELACIÓN CON ELEMENTOS ESTRATÉGICOS Y ÁREAS DE INTERÉS PROSPECTIVO",2024,No elaborado,No elaborado,No elaborado,Junín,200-2024,INGEMMET,"I, IIa, IIb, III","Sienogranito color rojizo, tonalidad mesócrata, textura granítica - inequigranular, feldespatos K (60 %) subhedrales, plagioclasas (10 %) subhedrales alterándose a arcillas blancas , cuarzo (30 %) anhedral y ferromagnesianos alterados óxidos; venillas con óxidos (Sistema 1: N160° / 75°SW y Sistema 2: N80°/45°SE).",na,na,0.6,485,6,2,6,180,6,6,11,<5,614,22,<10,21,8,<10,<1,<2,<2,2.4,<5,14.6,0.02,1.63,5.19,0.05,<0.01,0.13,0.02,23.94,0.13,276,936,9.3,214.1,6.75,46.8,27,2.4,56.7,38.4,36.1,9,<0.2,3.82,122.3,208.7,60.4,50.3,11.7,7.1,123.3,4.1,24.5,4,27.8
362,23m-RGQ24-034,Rocas,466321,8770411,18,23-m,"GE36A9-T02: MAGMATISMO Y GEOQUÍMICA DEL BATOLITO DE LA COORDILLERA ORIENTAL DEL PERÚ CENTRAL, SU RELACIÓN CON ELEMENTOS ESTRATÉGICOS Y ÁREAS DE INTERÉS PROSPECTIVO",2024,No elaborado,No elaborado,No elaborado,Junín,200-2024,INGEMMET,"I, IIa, IIb, III","Sienogranito color rojizo, tonalidad mesócrata, textura granítica - inequigranular, feldespatos K (60 %) subhedrales, plagioclasas (10 %), cuarzo (30 %) anhedral y ferromagnesianos alterados a óxidos; venillas de cuarzo-goethita-jarosita-hemathita (N200° / 50°NW y ancho de 2 cmI.",na,na,<0.5,269,4,2,17,225,12,<5,6,<5,387,29,<10,32,8,<10,<1,5,<2,1.9,9,12.73,0.02,5.26,3.03,0.08,0.02,0.06,<0.01,25.32,0.09,134,457,9.5,174.1,5.32,22.2,13.6,1.5,54.4,22.3,17.2,4.4,<0.2,1.88,81.2,196.6,57.4,36.7,6.2,3.6,66.9,2,15.2,9,13.7
363,23m-RGQ24-035,Rocas,466266,8770184,18,23-m,"GE36A9-T02: MAGMATISMO Y GEOQUÍMICA DEL BATOLITO DE LA COORDILLERA ORIENTAL DEL PERÚ CENTRAL, SU RELACIÓN CON ELEMENTOS ESTRATÉGICOS Y ÁREAS DE INTERÉS PROSPECTIVO",2024,No elaborado,No elaborado,No elaborado,Junín,200-2024,INGEMMET,"I, IIa, IIb, III","Sienogranito color rojizo, tonalidad mesócrata y textura granítica -equigranular, feldespatos K (60 %) subhedrales, plagioclasas (10 %) subhedrales alterándose a arcillas blancas , cuarzo (30 %) anhedral y ferromagnesianos alterados a óxidos, con fracturas rellenas de hematita y goethita (N10° / 75°SW).",na,na,<0.5,6,2,2,6,103,8,<5,15,6,56,<2,<10,11,<5,<10,<1,<2,<2,<0.5,5,19.57,0.01,2.37,0.32,0.08,<0.01,<0.01,0.02,19.02,0.25,221,1365,9,309,2.15,35.2,26.3,0.7,76.8,18,55.2,7.8,<0.2,4.18,194.7,81.9,25.5,20.4,18.3,4.3,172.9,4.4,36.1,6,30.4
364,23m-RGQ24-036,Rocas,446350,8749040,18,23-m,"GE36A9-T02: MAGMATISMO Y GEOQUÍMICA DEL BATOLITO DE LA COORDILLERA ORIENTAL DEL PERÚ CENTRAL, SU RELACIÓN CON ELEMENTOS ESTRATÉGICOS Y ÁREAS DE INTERÉS PROSPECTIVO",2024,No elaborado,No elaborado,No elaborado,Junín,200-2024,INGEMMET,"I, IIa, IIb, III","Contacto entre el esquisto micáceos gris verdoso y la diorita, con venillas de cuarzo blanco, pirita y goethita-jarosita.",na,na,<0.5,1021,16,69,80,66,34,27,19,14,132,114,116,92,<5,<10,<1,<2,<2,0.6,<5,8.24,0.78,4.55,2.36,1.36,0.12,0.91,0.13,30.4,0.6,38,300,2.9,153.8,6.34,8.3,3.8,2.1,22.8,9.8,8.1,1.4,<0.2,0.49,16.9,63.1,17.6,13,1.4,1.5,24.1,0.5,4.5,2,3.4
365,23m-RGQ24-037,Rocas,446350,8749066,18,23-m,"GE36A9-T02: MAGMATISMO Y GEOQUÍMICA DEL BATOLITO DE LA COORDILLERA ORIENTAL DEL PERÚ CENTRAL, SU RELACIÓN CON ELEMENTOS ESTRATÉGICOS Y ÁREAS DE INTERÉS PROSPECTIVO",2024,No elaborado,No elaborado,No elaborado,Junín,200-2024,INGEMMET,"I, IIa, IIb, III, IV, V","Apófisis dioríticos gris melanócrata de textura fanerítica, compuesta de cristales de plagioclasas y ferromagnesianos subhedrales con diseminación de pirita y trazas de calcopirita. Fracturas rellenadas con goethita-jarosita (N280° / 50°NE).",<0.027,<10,<0.5,299,20,16,23,29,21,6,<5,24,64,318,126,119,<5,<10,<1,<2,<2,<0.5,<5,7.75,4.55,8.66,1.2,1.94,0.19,2.62,0.4,24.81,1.25,53,276,2.3,72.2,2.79,9.3,5.1,3.3,23.4,9.4,6.9,1.8,<0.2,0.67,17.6,42.8,10.1,10.6,1.1,1.5,5.5,0.7,1.5,<1,4.6
366,23m-RGQ24-038,Rocas,446350,8749040,18,23-m,"GE36A9-T02: MAGMATISMO Y GEOQUÍMICA DEL BATOLITO DE LA COORDILLERA ORIENTAL DEL PERÚ CENTRAL, SU RELACIÓN CON ELEMENTOS ESTRATÉGICOS Y ÁREAS DE INTERÉS PROSPECTIVO",2024,No elaborado,No elaborado,No elaborado,Junín,200-2024,INGEMMET,"I, IIa, IIb, III, IV, V",Veta de cuarzo blanco masivo con óxidos  Dirección E-W / Buzamiento 90 °.,<0.027,<10,<0.5,186,5,19,14,7,9,9,<5,<5,26,37,24,27,<5,<10,<1,<2,<2,<0.5,<5,2.05,0.19,1.21,0.47,0.33,0.07,0.37,0.02,41.63,0.17,9,40,0.9,17.2,0.85,1.3,0.8,0.3,5.1,1.1,1.1,0.3,<0.2,<0.15,4.1,6.6,1.8,1.3,<0.5,0.2,3,0.1,0.6,<1,0.7
367,23m-RGQ24-039,Rocas,446515,8749106,18,23-m,"GE36A9-T02: MAGMATISMO Y GEOQUÍMICA DEL BATOLITO DE LA COORDILLERA ORIENTAL DEL PERÚ CENTRAL, SU RELACIÓN CON ELEMENTOS ESTRATÉGICOS Y ÁREAS DE INTERÉS PROSPECTIVO",2024,No elaborado,No elaborado,No elaborado,Junín,200-2024,INGEMMET,"I, IIa, IIb, III",Esquisto micáceo gris verdoso de textura lepidoblástica y alteración sericítica moderada con lentes de cuarzo blanco. Fracturas rellenadas con goethita y jarosita. ,na,na,<0.5,607,21,92,37,30,46,48,12,15,110,81,134,77,<5,<10,<1,<2,<2,<0.5,<5,9.06,0.4,5.31,2.39,1.96,0.09,0.91,0.13,27.97,0.6,45,245,3.5,116.1,3.47,9.1,5.1,1.8,26.8,8.4,7.5,1.8,<0.2,0.7,19.2,47.4,13,10.1,1.6,1.4,20,0.7,3.3,2,4.8
368,23m-RGQ24-046,Rocas,473253,8774589,18,23-m,"GE36A9-T02: MAGMATISMO Y GEOQUÍMICA DEL BATOLITO DE LA COORDILLERA ORIENTAL DEL PERÚ CENTRAL, SU RELACIÓN CON ELEMENTOS ESTRATÉGICOS Y ÁREAS DE INTERÉS PROSPECTIVO",2024,No elaborado,No elaborado,No elaborado,Junín,200-2024,INGEMMET,"I, IIa, IIb, III",Venillas de óxidos de hierro cortando al sienogranito deleznable argilizado. Rumbo: N35°W / Buzamiento: 45°SW,na,na,<0.5,200,11,4,7,80,13,<5,7,9,96,65,44,109,<5,<10,<1,2,<2,1,<5,11.21,0.61,6.01,2.73,0.38,0.27,2.22,0.08,24.82,0.62,218,971,13.5,421.2,7.97,36.5,20.9,3.9,43.5,35.7,27.7,7.2,0.2,2.83,87.8,222.8,65.8,44.1,5.3,5.9,48.2,3,16.8,4,19.9
369,23m-RGQ24-047,Rocas,473952,8775013,18,23-m,"GE36A9-T02: MAGMATISMO Y GEOQUÍMICA DEL BATOLITO DE LA COORDILLERA ORIENTAL DEL PERÚ CENTRAL, SU RELACIÓN CON ELEMENTOS ESTRATÉGICOS Y ÁREAS DE INTERÉS PROSPECTIVO",2024,No elaborado,No elaborado,No elaborado,Junín,200-2024,INGEMMET,"I, IIa, IIb, III","Veta de cuarzo hialino con óxidos de hierro entre las fracturas (N40°W / 55°NE, ancho de 0.15 m y largo de 3 m), corta el intrusivo generando un halo argílico en el contacto.",na,na,<0.5,58,4,5,16,17,6,<5,13,<5,13,5,<10,20,<5,<10,<1,3,<2,<0.5,<5,0.68,0.04,0.76,0.21,0.03,0.04,0.18,<0.01,44.09,0.01,32,8,1.2,24.2,0.28,4.2,2.9,0.2,3.4,3.1,0.5,0.9,<0.2,0.45,12.5,13.1,3.5,3.3,2.6,0.6,2.5,0.5,2.4,1,3.1
370,23m-RGQ24-048,Rocas,472457,8774140,18,23-m,"GE36A9-T02: MAGMATISMO Y GEOQUÍMICA DEL BATOLITO DE LA COORDILLERA ORIENTAL DEL PERÚ CENTRAL, SU RELACIÓN CON ELEMENTOS ESTRATÉGICOS Y ÁREAS DE INTERÉS PROSPECTIVO",2024,No elaborado,No elaborado,No elaborado,Junín,200-2024,INGEMMET,"I, IIa, IIb, III","Roca intrusiva, color rosado con cuarzo ? 40 %, feldespato K ? 30 %, presenta óxidos de hierro entre las fracturas.",na,na,<0.5,186,2,4,6,93,6,<5,22,<5,348,38,<10,9,<5,<10,<1,<2,<2,1.7,<5,7.79,0.26,1.24,3.82,0.06,0.03,2.38,0.01,33.92,0.12,61,273,5.9,237.9,4.04,10.1,6,0.7,26,10.5,10.2,1.9,<0.2,1,60.6,71.5,22,14.7,6.2,1.7,97.9,1,30.5,1,6.9
371,23m-RGQ24-049,Rocas,471112,8779244,18,23-m,"GE36A9-T02: MAGMATISMO Y GEOQUÍMICA DEL BATOLITO DE LA COORDILLERA ORIENTAL DEL PERÚ CENTRAL, SU RELACIÓN CON ELEMENTOS ESTRATÉGICOS Y ÁREAS DE INTERÉS PROSPECTIVO",2024,No elaborado,No elaborado,No elaborado,Junín,200-2024,INGEMMET,"I, IIa, IIb, III",Venilla de óxidos de hierro (hematita y gohetita) 1 cm x 10 m. Cortando al intrusivo de grano grueso que contiene plagioclasas alteradas.,na,na,<0.5,246,9,4,6,135,72,<5,26,7,265,58,35,191,15,<10,<1,3,3,2.4,18,9.37,0.28,5.38,2.49,0.69,0.16,2.45,0.03,27.58,0.55,195,872,19.1,387.9,17.73,31.2,19.4,2.2,38.8,26.5,26.1,6.4,0.2,2.71,104.8,150.9,42.6,32.7,7.9,4.7,51.5,2.9,17,21,19.5
372,23m-RGQ24-051,Rocas,471416,8778240,18,23-m,"GE36A9-T02: MAGMATISMO Y GEOQUÍMICA DEL BATOLITO DE LA COORDILLERA ORIENTAL DEL PERÚ CENTRAL, SU RELACIÓN CON ELEMENTOS ESTRATÉGICOS Y ÁREAS DE INTERÉS PROSPECTIVO",2024,No elaborado,No elaborado,No elaborado,Junín,200-2024,INGEMMET,"I, IIa, IIb, III",Venilla de óxidos de hierro (hematita y gohetita) 1 cm x 5 m. Cortando al intrusivo de grano grueso que contiene plagioclasas alteradas.,na,na,<0.5,166,7,3,5,102,8,<5,20,5,299,41,25,57,19,<10,<1,<2,<2,2,8,10.91,0.22,4.79,2.78,0.49,0.2,2.27,0.04,26.29,0.53,255,744,43,524.8,15.03,45.4,27,3.4,45,43,23.9,8.8,0.3,4.35,126.2,219.8,61.5,54.8,10.4,7.2,96.6,4.1,18.3,11,28.6
