{"type":"FeatureCollection","name":"INGEMMET_superficie","features":[{"type":"Feature","geometry":{"type":"Point","coordinates":[-75.65979,-11.27246]},"properties":{"codigo":"23l-RGQ24-026","tipo":"Rocas","hoja":"23-l","region":"Junín","geologia":"Roca metamórfica de textura bandeada, color gris verdoso, presenta boxwork en partes, con óxidos, epídota y clorita en fracturas. Roca caja alterada. E1: S40°W, E2: S70°W, E3: S20°W.","Au":0.027,"Cu":191.0,"As":5.0,"Fe":9.96,"Al":7.05,"K":0.02,"x":427987.0,"y":8753813.0}},{"type":"Feature","geometry":{"type":"Point","coordinates":[-75.65979,-11.27246]},"properties":{"codigo":"23l-RGQ24-025","tipo":"Rocas","hoja":"23-l","region":"Junín","geologia":"Roca metamórfica de textura bandeada, color gris verdoso, presenta boxwork en partes, con óxidos, epídota y clorita en fracturas. Estructura de baritina y cuarzo. E1: S40°W, E2: S70°W, E3: S20°W.","Au":0.027,"Cu":105.0,"As":5.0,"Fe":5.85,"Al":4.06,"K":0.01,"x":427987.0,"y":8753813.0}},{"type":"Feature","geometry":{"type":"Point","coordinates":[-75.57315,-11.40879]},"properties":{"codigo":"23l-RGQ24-022","tipo":"Rocas","hoja":"23-l","region":"Junín","geologia":"Estructura mineralizada con baritina y óxidos de hierro, textura bandeada. Veta N 190°/65°NE.","Au":0.027,"Cu":52.0,"As":7.0,"Fe":9.21,"Al":1.96,"K":0.4,"x":437474.0,"y":8738758.0}},{"type":"Feature","geometry":{"type":"Point","coordinates":[-75.59527,-11.39522]},"properties":{"codigo":"23l-RGQ24-009","tipo":"Rocas","hoja":"23-l","region":"Junín","geologia":"Estructura mineralizada con serpentinización y silicificación, cortando a posible volcánico lavasen (capas de posibles filitas) de rumbo N50°W/10°SW.","Au":0.027,"Cu":23.0,"As":42.0,"Fe":9.9,"Al":2.62,"K":0.01,"x":435058.0,"y":8740254.0}},{"type":"Feature","geometry":{"type":"Point","coordinates":[-75.28016,-10.90038]},"properties":{"codigo":"22m-RGQ24-002","tipo":"Rocas","hoja":"22-m","region":"Junín","geologia":"Roca intrusiva granítica de textura granítica - inequigranular; contiene cuarzo > 20%, feldespatos > 30%, biotitas anhedrales < 10%. Fractura N175°/ 40°SO.","Au":null,"Cu":2.0,"As":5.0,"Fe":0.93,"Al":6.28,"K":3.66,"x":469384.0,"y":8795021.0}},{"type":"Feature","geometry":{"type":"Point","coordinates":[-75.29658,-11.12155]},"properties":{"codigo":"23m-RGQ24-006","tipo":"Rocas","hoja":"23-m","region":"Junín","geologia":"Sienogranito cortado por venillas de óxidos de hierro (hematita-gohetita) + sílice, a su vez estas son cortadas por venillas de jarosita con arcillas blancas dispuestas a manera de sutura centrada.","Au":null,"Cu":3.0,"As":51.0,"Fe":6.23,"Al":13.01,"K":3.2,"x":467614.0,"y":8770564.0}},{"type":"Feature","geometry":{"type":"Point","coordinates":[-75.31559,-11.10516]},"properties":{"codigo":"23m-RGQ24-008","tipo":"Rocas","hoja":"23-m","region":"Junín","geologia":"Veta de cuarzo blanco masivo con parches de goethita y jarosita, que hacia la caja piso es cortada por una venilla de cuarzo blanco tipo diente de perro con sutura centrada y oquedades rellenadas con especularita. Roca c","Au":0.027,"Cu":3.0,"As":5.0,"Fe":2.68,"Al":8.15,"K":4.65,"x":465536.0,"y":8772375.0}},{"type":"Feature","geometry":{"type":"Point","coordinates":[-75.57755,-11.40678]},"properties":{"codigo":"23l-RGQ24-004","tipo":"Rocas","hoja":"23-l","region":"Junín","geologia":"Veta de cuarzo y baritina con venillas de sílice - goethita, presenta textura bandeada coloforme, a su vez, corta a la brecha hidrotermal de textura de reemplazamiento polimíctica. Azimut/buzamiento de veta= N 255°/75°NW","Au":0.027,"Cu":31.0,"As":17.0,"Fe":12.67,"Al":2.58,"K":0.16,"x":436993.0,"y":8738979.0}},{"type":"Feature","geometry":{"type":"Point","coordinates":[-75.47531,-11.34397]},"properties":{"codigo":"23m-RGQ24-013","tipo":"Rocas","hoja":"23-m","region":"Junín","geologia":"Roca metamórfica de color gris claro y textura foliada, con presencia de lentes de cuarzo hialino, sin clorita y epídota. Foliación N15°E/65°NO.","Au":null,"Cu":18.0,"As":5.0,"Fe":4.47,"Al":8.27,"K":2.29,"x":448136.0,"y":8745945.0}},{"type":"Feature","geometry":{"type":"Point","coordinates":[-75.5759,-11.40714]},"properties":{"codigo":"23l-RGQ24-005","tipo":"Rocas","hoja":"23-l","region":"Junín","geologia":"Brecha hidrotermal polimíctica, matriz soportada - cemento silicificado, con óxidos de gohetita+++, hematita- y jarosita++, con venillas y parches de magnetita, y presencia de venillas malaquita-calcantita, fragmentos de","Au":0.027,"Cu":16.0,"As":7.0,"Fe":16.66,"Al":7.78,"K":0.63,"x":437173.0,"y":8738940.0}},{"type":"Feature","geometry":{"type":"Point","coordinates":[-75.59565,-11.39472]},"properties":{"codigo":"23l-RGQ24-008","tipo":"Rocas","hoja":"23-l","region":"Junín","geologia":"Roca metamórfica de color gris verdoso y textura obliterada, con minerales verdosos (serpentinita?) y óxidos oscuros (ancho: 2 m).","Au":null,"Cu":46.0,"As":5.0,"Fe":9.88,"Al":2.99,"K":0.01,"x":435016.0,"y":8740309.0}},{"type":"Feature","geometry":{"type":"Point","coordinates":[-75.59334,-11.38799]},"properties":{"codigo":"23l-RGQ24-010","tipo":"Rocas","hoja":"23-l","region":"Junín","geologia":"Cuerpo de peridotita gris oscuro, tonalidad melanócrata con textura afánitica y diseminación de carbonatos. Estas rocas exponen una alteración de serpentina con diseminación y venillas de magnetita. Esquistocidad N 350°/","Au":null,"Cu":8.0,"As":5.0,"Fe":9.65,"Al":3.42,"K":0.01,"x":435266.0,"y":8741054.0}},{"type":"Feature","geometry":{"type":"Point","coordinates":[-75.59041,-11.40109]},"properties":{"codigo":"23l-RGQ24-012","tipo":"Rocas","hoja":"23-l","region":"Junín","geologia":"Afloramiento de peridotita gris melanócrata que se altera a serpentinita con presencia de diseminados y parches de magnetita que se alteran a serpentinitas. Rumbo de la labor N 330°, esquistosidad N 150°/65°SW.","Au":null,"Cu":2.0,"As":7.0,"Fe":4.8,"Al":0.23,"K":0.01,"x":435589.0,"y":8739606.0}},{"type":"Feature","geometry":{"type":"Point","coordinates":[-75.62779,-11.31384]},"properties":{"codigo":"23l-RGQ24-016","tipo":"Rocas","hoja":"23-l","region":"Junín","geologia":"Roca volcánica (toba) color gris claro, geometría tabular, textura porfirítica alterada (obliterada) con biotita y hornblendas anhedrales alterándose a óxidos de hierro.","Au":null,"Cu":2.0,"As":5.0,"Fe":1.82,"Al":7.67,"K":0.17,"x":431490.0,"y":8749245.0}},{"type":"Feature","geometry":{"type":"Point","coordinates":[-75.62861,-11.3113]},"properties":{"codigo":"23l-RGQ24-017","tipo":"Rocas","hoja":"23-l","region":"Junín","geologia":"Roca metamórfica color gris verdoso y textura foliada, con vetillas de cuarzo; se encuentra en contacto con las tobas riodacíticas, estratos de filitas y esquistos.","Au":null,"Cu":20.0,"As":5.0,"Fe":4.47,"Al":8.25,"K":3.02,"x":431400.0,"y":8749526.0}},{"type":"Feature","geometry":{"type":"Point","coordinates":[-75.64224,-11.29535]},"properties":{"codigo":"23l-RGQ24-018","tipo":"Rocas","hoja":"23-l","region":"Junín","geologia":"Esquistos sericítico con fracturas tapizadas óxidos - jarosita, textura lepidoblástica, grado de metamorfismo medio a alto. Esquistosidad N 160°/30°SW.","Au":null,"Cu":3.0,"As":5.0,"Fe":5.13,"Al":9.17,"K":3.36,"x":429909.0,"y":8751286.0}},{"type":"Feature","geometry":{"type":"Point","coordinates":[-75.6364,-11.30636]},"properties":{"codigo":"23l-RGQ24-019","tipo":"Rocas","hoja":"23-l","region":"Junín","geologia":"Esquisto sericítico de textura lepidoblástica, con fracturas tapizadas de óxidos. Esquistosidad: N 190°/ 50°NW.","Au":null,"Cu":81.0,"As":6.0,"Fe":5.55,"Al":8.52,"K":2.63,"x":430549.0,"y":8750070.0}},{"type":"Feature","geometry":{"type":"Point","coordinates":[-75.63265,-11.31549]},"properties":{"codigo":"23l-RGQ24-020","tipo":"Rocas","hoja":"23-l","region":"Junín","geologia":"Toba volcánica de color gris, geometría tabular, textura irregular, conformada por clastos subangulares y redondeados. Presenta ojos de caruzo y xenolitos. Diaclasa S15°E/45°SW.","Au":null,"Cu":42.0,"As":30.0,"Fe":2.55,"Al":7.23,"K":1.55,"x":430960.0,"y":8749061.0}},{"type":"Feature","geometry":{"type":"Point","coordinates":[-75.6615,-11.28497]},"properties":{"codigo":"23l-RGQ24-024","tipo":"Rocas","hoja":"23-l","region":"Junín","geologia":"Roca volcánica-sedimentaria, tabular-afanítica, tonalidad gris claro, textura granular fina, intercalada con lutitas grises oscuras. Fractura N40°W, vertical.","Au":null,"Cu":15.0,"As":13.0,"Fe":3.09,"Al":6.32,"K":1.79,"x":427804.0,"y":8752429.0}},{"type":"Feature","geometry":{"type":"Point","coordinates":[-75.65927,-11.20958]},"properties":{"codigo":"23l-RGQ24-027","tipo":"Rocas","hoja":"23-l","region":"Junín","geologia":"Roca intrusiva color blanquecino y textura obliterada. Moderadamente intemperizada y deleznable con relictos de biotita anhedral.","Au":null,"Cu":3.0,"As":5.0,"Fe":1.91,"Al":13.93,"K":3.73,"x":428029.0,"y":8760767.0}},{"type":"Feature","geometry":{"type":"Point","coordinates":[-75.65635,-11.2133]},"properties":{"codigo":"23l-RGQ24-028","tipo":"Rocas","hoja":"23-l","region":"Junín","geologia":"Roca intrusiva de tonalidad mesócrata, geometría tabular, textura obliterada con relictos de biotita y óxidos de hierro en las fracturas, cortado por aplitas de cuarzo (5-10 cm).","Au":0.027,"Cu":3.0,"As":5.0,"Fe":3.06,"Al":7.53,"K":2.98,"x":428348.0,"y":8760356.0}},{"type":"Feature","geometry":{"type":"Point","coordinates":[-75.68362,-11.14406]},"properties":{"codigo":"23l-RGQ24-029","tipo":"Rocas","hoja":"23-l","region":"Junín","geologia":"Roca intrusiva melanócrata gris verdoso, geometría tabular y textura porfirítica. Presenta biotita anhedral con óxidos en fracturas y moderado magnetismo. Alteración propilítica débil con venillas milimétricas de epídota","Au":null,"Cu":3.0,"As":5.0,"Fe":4.96,"Al":7.27,"K":2.25,"x":425354.0,"y":8768006.0}},{"type":"Feature","geometry":{"type":"Point","coordinates":[-75.68402,-11.14444]},"properties":{"codigo":"23l-RGQ24-045","tipo":"Rocas","hoja":"23-l","region":"Junín","geologia":"Veta de cuarzo que corta al intrusivo, con presencia de hematita y goethita en fracturas, parches esporádicos de pirita. Veta de cuarzo S60°W/65°NW.","Au":0.027,"Cu":3.0,"As":5.0,"Fe":0.46,"Al":0.42,"K":0.09,"x":425310.0,"y":8767963.0}},{"type":"Feature","geometry":{"type":"Point","coordinates":[-75.68463,-11.14468]},"properties":{"codigo":"23l-RGQ24-046","tipo":"Rocas","hoja":"23-l","region":"Junín","geologia":"Roca intrusiva tabular de tonaliadad melanócrata, con epídota y clorita en matriz y venillas milimétricas. Presenta alteración propilítica moderada con pirita diseminada. La biotita anhedral alterando a clorita.","Au":0.027,"Cu":35.0,"As":5.0,"Fe":4.39,"Al":7.81,"K":2.66,"x":425243.0,"y":8767937.0}},{"type":"Feature","geometry":{"type":"Point","coordinates":[-75.67084,-11.16539]},"properties":{"codigo":"23l-RGQ24-047","tipo":"Rocas","hoja":"23-l","region":"Junín","geologia":"Roca metamórfica de color gris oscuro y textura foliada, presenta biotita anhedral alterando a clorita, con abundante óxido, posible protolito intrusivo con pirita diseminada. Estructura S25°E/55°SW.","Au":0.027,"Cu":76.0,"As":7.0,"Fe":4.82,"Al":6.76,"K":1.61,"x":426755.0,"y":8765650.0}},{"type":"Feature","geometry":{"type":"Point","coordinates":[-75.66882,-11.1769]},"properties":{"codigo":"23l-RGQ24-048","tipo":"Rocas","hoja":"23-l","region":"Junín","geologia":"Roca metamórfica micácea color gris verdoso y textura foliada, con abundante óxidos en fracturas y lentes de cuarzo. Roca alterada con pirita diseminada. Estructura S20°E/80°SW.","Au":0.027,"Cu":5.0,"As":5.0,"Fe":4.75,"Al":7.55,"K":2.16,"x":426978.0,"y":8764378.0}},{"type":"Feature","geometry":{"type":"Point","coordinates":[-75.5767,-11.10732]},"properties":{"codigo":"23l-RGQ24-049","tipo":"Rocas","hoja":"23-l","region":"Junín","geologia":"Roca intrusiva tabular porfirítica, contiene cuarzo anhedral (20%), plagioclasa anhedral (15%) gris claro con tonalidad verdosa, óxidos en fracturas con magnetismo moderado, con epídota y clorita; la biotita anhedral est","Au":null,"Cu":16.0,"As":6.0,"Fe":2.76,"Al":7.23,"K":2.49,"x":437021.0,"y":8772093.0}},{"type":"Feature","geometry":{"type":"Point","coordinates":[-75.58742,-11.10205]},"properties":{"codigo":"23l-RGQ24-050","tipo":"Rocas","hoja":"23-l","region":"Junín","geologia":"Roca intrusiva tabular porfirítica de tonalidad leucócrata y color gris claro a blanquecino; contiene cuarzo (30%, plagioclasas (15%), granos grandes de cuarzo hialino anhedral y granos medios de cuarzo cristalino subhed","Au":null,"Cu":10.0,"As":9.0,"Fe":3.16,"Al":7.08,"K":1.51,"x":435849.0,"y":8772674.0}},{"type":"Feature","geometry":{"type":"Point","coordinates":[-75.59235,-11.10392]},"properties":{"codigo":"23l-RGQ24-051","tipo":"Rocas","hoja":"23-l","region":"Junín","geologia":"Roca metamórfica gris oscuro verdoso, foliada-porfidoblástica micácea, con óxidos en fracturas y venillas de epídota. Esquistosidad S40°E/60°SW.","Au":null,"Cu":14.0,"As":7.0,"Fe":1.58,"Al":7.31,"K":2.36,"x":435311.0,"y":8772466.0}},{"type":"Feature","geometry":{"type":"Point","coordinates":[-75.59407,-11.11172]},"properties":{"codigo":"23l-RGQ24-052","tipo":"Rocas","hoja":"23-l","region":"Junín","geologia":"Roca intrusiva tabular fanerítica diaclasada, tonalidad mesócrata, cuarzo gris claro (30%), plagioclasa (15%, ambas anhedrales; presencia de clorita y epídota, óxidos en fracturas con débil magnetismo, biotita anhedral a","Au":null,"Cu":10.0,"As":5.0,"Fe":1.84,"Al":7.56,"K":1.84,"x":435125.0,"y":8771603.0}},{"type":"Feature","geometry":{"type":"Point","coordinates":[-75.62584,-11.0216]},"properties":{"codigo":"23l-RGQ24-053","tipo":"Rocas","hoja":"23-l","region":"Junín","geologia":"Roca intrusiva color blanquecino y textura granular, con biotitas anhedrales y óxidos de hierro en fracturas; presenta boxwork esporádicos, asociado a los granitos de la unidad Quiparacra.","Au":null,"Cu":2.0,"As":5.0,"Fe":0.51,"Al":7.38,"K":1.19,"x":431635.0,"y":8781561.0}},{"type":"Feature","geometry":{"type":"Point","coordinates":[-75.6265,-11.04202]},"properties":{"codigo":"23l-RGQ24-054","tipo":"Rocas","hoja":"23-l","region":"Junín","geologia":"Roca intrusiva color blanquecino y textura porfirítica, presenta plagioclasas > 20%, cuarzo > 10%, biotitas < 10% de forma anhedral.","Au":null,"Cu":4.0,"As":5.0,"Fe":1.53,"Al":7.42,"K":3.19,"x":431567.0,"y":8779303.0}},{"type":"Feature","geometry":{"type":"Point","coordinates":[-75.61939,-11.04731]},"properties":{"codigo":"23l-RGQ24-055","tipo":"Rocas","hoja":"23-l","region":"Junín","geologia":"Roca intrusiva color blanquecino, textura granular y obliterada, con biotitas anhedrales esporádicas, óxidos de hierro en la matriz y fracturas, además, de especularita en fracturas asociada a una granodiorita. Diaclasa ","Au":null,"Cu":3.0,"As":5.0,"Fe":1.47,"Al":6.64,"K":0.82,"x":432345.0,"y":8778719.0}},{"type":"Feature","geometry":{"type":"Point","coordinates":[-75.71619,-11.21866]},"properties":{"codigo":"23l-RGQ24-056","tipo":"Rocas","hoja":"23-l","region":"Junín","geologia":"Roca metamórfica foliada lepidoblástica sericítica con óxidos en fracuras, presenta lentes de cuarzo. Esquistosidad S80°E/50°SW.","Au":null,"Cu":91.0,"As":5.0,"Fe":5.28,"Al":8.8,"K":3.48,"x":421817.0,"y":8759748.0}},{"type":"Feature","geometry":{"type":"Point","coordinates":[-75.70195,-11.2569]},"properties":{"codigo":"23l-RGQ24-058","tipo":"Rocas","hoja":"23-l","region":"Junín","geologia":"Roca metamórfica foliada, tonalidad gris claro, con óxidos en fracturas, debilmente alterada. Esquistosidad N20°W/25°SE.","Au":null,"Cu":32.0,"As":47.0,"Fe":6.16,"Al":11.71,"K":3.86,"x":423382.0,"y":8755523.0}},{"type":"Feature","geometry":{"type":"Point","coordinates":[-75.67802,-11.01838]},"properties":{"codigo":"23l-RGQ24-059","tipo":"Rocas","hoja":"23-l","region":"Junín","geologia":"Roca intrusiva color blanquecino, textura fanerítica, con cuarzo > 20%, de forma tubular color lechozo y cuarzo hialino anhedral, biotitas subhedrales cortada por venilla de clorita, presentea trozo de calcopirita?","Au":0.027,"Cu":7.0,"As":8.0,"Fe":2.96,"Al":6.96,"K":2.88,"x":425933.0,"y":8781905.0}},{"type":"Feature","geometry":{"type":"Point","coordinates":[-75.68954,-11.01354]},"properties":{"codigo":"23l-RGQ24-060","tipo":"Rocas","hoja":"23-l","region":"Junín","geologia":"Roca intrusiva tabular color blanquecino, textura granular y biotitas anhedrales alterando a clorita.","Au":null,"Cu":2.0,"As":5.0,"Fe":0.8,"Al":6.14,"K":3.95,"x":424674.0,"y":8782437.0}},{"type":"Feature","geometry":{"type":"Point","coordinates":[-75.71989,-11.02809]},"properties":{"codigo":"23l-RGQ24-061","tipo":"Rocas","hoja":"23-l","region":"Junín","geologia":"Roca intrusiva de color blanquecina y textura granular de grano grueso; presenta cuarzo (30%), feldespato potásico (40%), plagioclasas (30%); presenta cuarzo de 0.5 a 1 cm subhedral.","Au":null,"Cu":2.0,"As":5.0,"Fe":1.28,"Al":9.26,"K":2.72,"x":421362.0,"y":8780820.0}},{"type":"Feature","geometry":{"type":"Point","coordinates":[-75.72387,-11.03843]},"properties":{"codigo":"23l-RGQ24-062","tipo":"Rocas","hoja":"23-l","region":"Junín","geologia":"Roca intrusiva tabular, color blanquecino, textura fanerítica con ojos de cuarzo entre 0.5 - 1 cm, biotitas anhedrales alternando a cloritas. Cuarzo > 20%, plagioclasas > 15% y biotita < 10%.","Au":null,"Cu":2.0,"As":5.0,"Fe":2.19,"Al":7.19,"K":3.47,"x":420930.0,"y":8779676.0}},{"type":"Feature","geometry":{"type":"Point","coordinates":[-75.74079,-11.06743]},"properties":{"codigo":"23l-RGQ24-063","tipo":"Rocas","hoja":"23-l","region":"Junín","geologia":"Roca metamórfica (gneis) de color gris verdosa y textura foliada, presenta agragados de cuarzo, asociada a los gneis del complejo metamorfico Huaytapallana.","Au":null,"Cu":38.0,"As":5.0,"Fe":4.96,"Al":8.9,"K":3.1,"x":419090.0,"y":8776464.0}},{"type":"Feature","geometry":{"type":"Point","coordinates":[-75.75268,-11.18975]},"properties":{"codigo":"23l-RGQ24-064","tipo":"Rocas","hoja":"23-l","region":"Junín","geologia":"Roca metamórfica de color gris oscuro y textura faliada, asociada a esquistos del complejo metamorfico Huaytapallana.","Au":null,"Cu":45.0,"As":5.0,"Fe":6.69,"Al":11.44,"K":4.58,"x":417825.0,"y":8762935.0}},{"type":"Feature","geometry":{"type":"Point","coordinates":[-75.75847,-11.18445]},"properties":{"codigo":"23l-RGQ24-065","tipo":"Rocas","hoja":"23-l","region":"Junín","geologia":"Roca metamórfica de color gris claro y textura foliada, con lentes de cuarzo, presenta óxidos de fierro entre las fracturas y pirita diseminadas en trazas. Fractura E-W, vertical.","Au":0.027,"Cu":13.0,"As":5.0,"Fe":4.15,"Al":7.94,"K":2.05,"x":417192.0,"y":8763519.0}},{"type":"Feature","geometry":{"type":"Point","coordinates":[-75.80728,-11.1081]},"properties":{"codigo":"23l-RGQ24-066","tipo":"Rocas","hoja":"23-l","region":"Junín","geologia":"Roca intrusiva color gris claro, textura granular, cuarzo (40%), plagioclasas (20%) y biotitas anhedrales alterandose a cloritas. Diaclasa E-W, 65°S","Au":null,"Cu":14.0,"As":5.0,"Fe":1.51,"Al":7.2,"K":2.86,"x":411839.0,"y":8771948.0}},{"type":"Feature","geometry":{"type":"Point","coordinates":[-75.80342,-11.10412]},"properties":{"codigo":"23l-RGQ24-067","tipo":"Rocas","hoja":"23-l","region":"Junín","geologia":"Roca intrusiva color gris claro, textura granular, cuarzo (40%), plagioclasas (40%), biotitas anhedrales alterando a cloritas. Diaclasa S35°W/80°SE.","Au":null,"Cu":15.0,"As":5.0,"Fe":0.99,"Al":7.61,"K":3.32,"x":412260.0,"y":8772389.0}},{"type":"Feature","geometry":{"type":"Point","coordinates":[-75.82014,-10.93253]},"properties":{"codigo":"22l-RGQ24-003","tipo":"Rocas","hoja":"22-l","region":"Junín","geologia":"Roca intrusiva color marron con tonalidades rojizas, textura granular con cuarzo (30%), feldespatos potásicos (20%), plagioclasas (10%). Biotitas anhedrales. Diaclasa N30°W / 55°NE.","Au":null,"Cu":18.0,"As":5.0,"Fe":0.97,"Al":7.87,"K":4.61,"x":410382.0,"y":8791359.0}},{"type":"Feature","geometry":{"type":"Point","coordinates":[-75.82186,-10.93722]},"properties":{"codigo":"22l-RGQ24-004","tipo":"Rocas","hoja":"22-l","region":"Junín","geologia":"Roca intrusiva color marron con tonalidades rojizas, textura granular con cuarzo (30%), feldespatos potásicos (20%), plagioclasas (10%) y biotitas anhedrales.","Au":null,"Cu":2.0,"As":5.0,"Fe":0.49,"Al":6.41,"K":4.08,"x":410195.0,"y":8790840.0}},{"type":"Feature","geometry":{"type":"Point","coordinates":[-75.81775,-10.94798]},"properties":{"codigo":"22l-RGQ24-005","tipo":"Rocas","hoja":"22-l","region":"Junín","geologia":"Roca intrusiva color gris claro, textura granular, con cuarzo > 30% de tamaño 0.5 - 1 cm, plagioclasas anhedrales alteradas y biotitas anhedrales. Presenta óxidos de hierro en matriz y venillas. Diaclasa E-W, 90°.","Au":null,"Cu":2.0,"As":5.0,"Fe":0.98,"Al":7.17,"K":4.03,"x":410647.0,"y":8789651.0}},{"type":"Feature","geometry":{"type":"Point","coordinates":[-75.80988,-10.95973]},"properties":{"codigo":"22l-RGQ24-006","tipo":"Rocas","hoja":"22-l","region":"Junín","geologia":"Roca intrusiva compacta, color blanquecina, textura granular con relictos de biotitas y plagioclasas, alteración argílica selectiva, presenta boxwork de pirita esporádicos con goethita.","Au":0.027,"Cu":2.0,"As":5.0,"Fe":0.32,"Al":8.08,"K":3.94,"x":411511.0,"y":8788354.0}},{"type":"Feature","geometry":{"type":"Point","coordinates":[-76.10831,-10.15681]},"properties":{"codigo":"21k-RGQ24-007a","tipo":"Rocas","hoja":"21-k","region":"Huanuco","geologia":"Veta de cuarzo con óxidos de hierro (<1%) en microfracturas.","Au":0.027,"Cu":15.0,"As":28.0,"Fe":0.82,"Al":3.11,"K":0.93,"x":378586.0,"y":8877043.0}},{"type":"Feature","geometry":{"type":"Point","coordinates":[-76.11032,-10.15557]},"properties":{"codigo":"21k-RGQ24-007","tipo":"Rocas","hoja":"21-k","region":"Huanuco","geologia":"Roca metamórfica (esquisto) de textura foliada, cloritizada (+).","Au":null,"Cu":26.0,"As":5.0,"Fe":5.1,"Al":9.17,"K":3.68,"x":378365.0,"y":8877179.0}},{"type":"Feature","geometry":{"type":"Point","coordinates":[-76.03247,-10.15738]},"properties":{"codigo":"21k-RGQ24-002","tipo":"Rocas","hoja":"21-k","region":"Huanuco","geologia":"Roca intrusiva (monzogranito?) de textura fanerítica, con óxidos de hierro (+) rellenando microfracturas.","Au":null,"Cu":5.0,"As":5.0,"Fe":2.77,"Al":7.63,"K":2.61,"x":386895.0,"y":8877007.0}},{"type":"Feature","geometry":{"type":"Point","coordinates":[-76.16717,-10.16789]},"properties":{"codigo":"21k-RGQ24-004","tipo":"Rocas","hoja":"21-k","region":"Huanuco","geologia":"Roca intrusiva (monzogranito?) de textura fanerítica, con óxidos de hierro (+) rellenando microfracturas.","Au":null,"Cu":2.0,"As":39.0,"Fe":1.17,"Al":6.32,"K":0.53,"x":372141.0,"y":8875795.0}},{"type":"Feature","geometry":{"type":"Point","coordinates":[-76.15288,-10.46619]},"properties":{"codigo":"21k-RGQ24-005","tipo":"Rocas","hoja":"21-k","region":"Pasco","geologia":"Roca metamórfica (esquisto) cloritizada/epidotizada, con óxidos de hierro (<1%) en microfracturas.","Au":null,"Cu":6.0,"As":5.0,"Fe":4.62,"Al":8.33,"K":2.56,"x":373826.0,"y":8842812.0}},{"type":"Feature","geometry":{"type":"Point","coordinates":[-76.14307,-10.5041]},"properties":{"codigo":"22k-RGQ24-002","tipo":"Rocas","hoja":"22-k","region":"Pasco","geologia":"Roca metamórfica (gneis) con óxidos de hierro (1%) en microfracturas.","Au":null,"Cu":3.0,"As":5.0,"Fe":5.24,"Al":9.61,"K":4.24,"x":374915.0,"y":8838624.0}},{"type":"Feature","geometry":{"type":"Point","coordinates":[-76.14252,-10.50435]},"properties":{"codigo":"22k-RGQ24-002a","tipo":"Rocas","hoja":"22-k","region":"Pasco","geologia":"Veta de cuarzo blanco con óxidos de hierro rellenando fracturas (+).","Au":0.027,"Cu":11.0,"As":9.0,"Fe":2.16,"Al":1.4,"K":0.36,"x":374975.0,"y":8838597.0}},{"type":"Feature","geometry":{"type":"Point","coordinates":[-75.9711,-10.30859]},"properties":{"codigo":"21l-RGQ24-007","tipo":"Rocas","hoja":"21-l","region":"Huanuco","geologia":"Roca intrusiva (granodiorita) de textura fanerítica cloritizada (+), con óxidos de hierro (1%) en microfracturas.","Au":null,"Cu":5.0,"As":5.0,"Fe":4.17,"Al":8.56,"K":2.26,"x":393669.0,"y":8860307.0}},{"type":"Feature","geometry":{"type":"Point","coordinates":[-76.0057,-10.33579]},"properties":{"codigo":"21k-RGQ24-010","tipo":"Rocas","hoja":"21-k","region":"Huanuco","geologia":"Roca intrusiva (granodiorita) de textura fanerítica cloritizada (+).","Au":null,"Cu":3.0,"As":5.0,"Fe":1.19,"Al":7.23,"K":1.94,"x":389890.0,"y":8857288.0}},{"type":"Feature","geometry":{"type":"Point","coordinates":[-76.04536,-10.33648]},"properties":{"codigo":"21k-RGQ24-009","tipo":"Rocas","hoja":"21-k","region":"Huanuco","geologia":"Roca intrusiva (monzogranito) de textura fanerítica con cloritas (1%), venilleo de cuarzo  (2%) y óxidos de hierro (2%) rellenando microfracturas.","Au":null,"Cu":2.0,"As":5.0,"Fe":1.9,"Al":7.22,"K":3.6,"x":385547.0,"y":8857197.0}},{"type":"Feature","geometry":{"type":"Point","coordinates":[-76.10618,-10.30481]},"properties":{"codigo":"21k-RGQ24-003","tipo":"Rocas","hoja":"21-k","region":"Huanuco","geologia":"Roca metamórfica (gneis) con ojos de cuarzo y óxidos de hierro (+) en la foliación.","Au":null,"Cu":23.0,"As":5.0,"Fe":3.17,"Al":7.58,"K":3.35,"x":378875.0,"y":8860677.0}},{"type":"Feature","geometry":{"type":"Point","coordinates":[-76.10705,-10.30425]},"properties":{"codigo":"21k-RGQ24-003a","tipo":"Rocas","hoja":"21-k","region":"Huanuco","geologia":"Veta de cuarzo con óxidos de hierro (2%) en microfracturas.","Au":0.027,"Cu":2.0,"As":5.0,"Fe":0.37,"Al":0.19,"K":0.11,"x":378780.0,"y":8860739.0}},{"type":"Feature","geometry":{"type":"Point","coordinates":[-76.07969,-10.58985]},"properties":{"codigo":"22k-RGQ24-004","tipo":"Rocas","hoja":"22-k","region":"Pasco","geologia":"Roca ígnea intrusiva (diorita) de textura fanerítica con venilleo de cuarzo y biotita.","Au":null,"Cu":42.0,"As":7.0,"Fe":3.04,"Al":7.44,"K":3.16,"x":381884.0,"y":8829166.0}},{"type":"Feature","geometry":{"type":"Point","coordinates":[-76.07879,-10.58611]},"properties":{"codigo":"22k-RGQ24-004a","tipo":"Rocas","hoja":"22-k","region":"Pasco","geologia":"Veta de cuarzo blanco con óxidos de hierro (1%) rellenando microfracturas.","Au":0.027,"Cu":2.0,"As":5.0,"Fe":0.86,"Al":1.93,"K":0.47,"x":381981.0,"y":8829580.0}},{"type":"Feature","geometry":{"type":"Point","coordinates":[-76.06832,-10.56414]},"properties":{"codigo":"22k-RGQ24-008","tipo":"Rocas","hoja":"22-k","region":"Pasco","geologia":"Roca metamórfica de textura foliada con óxidos de hierro (1%).","Au":null,"Cu":89.0,"As":5.0,"Fe":2.72,"Al":6.31,"K":1.88,"x":383118.0,"y":8832013.0}},{"type":"Feature","geometry":{"type":"Point","coordinates":[-76.02849,-10.55644]},"properties":{"codigo":"22k-RGQ24-010","tipo":"Rocas","hoja":"22-k","region":"Pasco","geologia":"Roca intrusiva (sienogranito) de textura fanerítica con venilleo de cuarzo (1%).","Au":null,"Cu":12.0,"As":5.0,"Fe":1.62,"Al":6.67,"K":4.31,"x":387474.0,"y":8832880.0}},{"type":"Feature","geometry":{"type":"Point","coordinates":[-75.94328,-10.50011]},"properties":{"codigo":"22l-RGQ24-035","tipo":"Rocas","hoja":"22-l","region":"Pasco","geologia":"Roca intrusiva (Pultón Mulachurzo) con venillas de cloritas (1%) y óxidos de hierro (1%).","Au":null,"Cu":2.0,"As":5.0,"Fe":2.61,"Al":8.34,"K":3.29,"x":396778.0,"y":8839138.0}},{"type":"Feature","geometry":{"type":"Point","coordinates":[-75.94342,-10.50103]},"properties":{"codigo":"22l-RGQ24-035a","tipo":"Rocas","hoja":"22-l","region":"Pasco","geologia":"Dique andesítico? Gris verdoso de textura afanítica.","Au":0.027,"Cu":5.0,"As":12.0,"Fe":7.27,"Al":9.24,"K":1.17,"x":396763.0,"y":8839036.0}},{"type":"Feature","geometry":{"type":"Point","coordinates":[-76.05326,-10.52482]},"properties":{"codigo":"22k-RGQ24-003","tipo":"Rocas","hoja":"22-k","region":"Pasco","geologia":"Roca metamórfica (esquisto) de textura foliada con pirita diseminada (5%) y epidota (+).","Au":0.027,"Cu":28.0,"As":5.0,"Fe":2.77,"Al":6.24,"K":1.45,"x":384751.0,"y":8836367.0}},{"type":"Feature","geometry":{"type":"Point","coordinates":[-76.02418,-10.50377]},"properties":{"codigo":"22k-RGQ24-007","tipo":"Rocas","hoja":"22-k","region":"Pasco","geologia":"Roca intrusiva (granito?) de textura fanerítica, predomina los cristales de cuarzo.","Au":null,"Cu":2.0,"As":5.0,"Fe":0.15,"Al":0.21,"K":0.1,"x":387926.0,"y":8838705.0}},{"type":"Feature","geometry":{"type":"Point","coordinates":[-76.13891,-10.57319]},"properties":{"codigo":"22k-RGQ24-001","tipo":"Rocas","hoja":"22-k","region":"Pasco","geologia":"Roca metamórfica (esquisto) de textura foliada con óxidos de manganeso (1%) en la foliación.","Au":null,"Cu":20.0,"As":8.0,"Fe":5.18,"Al":8.5,"K":2.55,"x":375398.0,"y":8830985.0}},{"type":"Feature","geometry":{"type":"Point","coordinates":[-76.13894,-10.57324]},"properties":{"codigo":"22k-RGQ24-001a","tipo":"Rocas","hoja":"22-k","region":"Pasco","geologia":"Veta de cuarzo blanco con óxidos de hierro (1%) y manganeso (1%) en microfracturas e impregnadas.","Au":0.027,"Cu":2.0,"As":5.0,"Fe":0.44,"Al":0.23,"K":0.09,"x":375395.0,"y":8830980.0}},{"type":"Feature","geometry":{"type":"Point","coordinates":[-76.11552,-10.50288]},"properties":{"codigo":"22k-RGQ24-011","tipo":"Rocas","hoja":"22-k","region":"Pasco","geologia":"Roca metamórfica de textura foliada con óxidos de hierro (1%).","Au":null,"Cu":2.0,"As":5.0,"Fe":2.2,"Al":7.45,"K":2.75,"x":377929.0,"y":8838770.0}},{"type":"Feature","geometry":{"type":"Point","coordinates":[-76.04579,-10.56999]},"properties":{"codigo":"22k-RGQ24-005","tipo":"Rocas","hoja":"22-k","region":"Pasco","geologia":"Roca metamórfica (esquisto) cloritizada (+) de textura foliada.","Au":null,"Cu":10.0,"As":5.0,"Fe":4.28,"Al":7.61,"K":2.51,"x":385585.0,"y":8831375.0}},{"type":"Feature","geometry":{"type":"Point","coordinates":[-76.04581,-10.57005]},"properties":{"codigo":"22k-RGQ24-005a","tipo":"Rocas","hoja":"22-k","region":"Pasco","geologia":"Veta de cuarzo blanco con óxidos de hierro (1%) rellenando microfracturas.","Au":0.027,"Cu":3.0,"As":5.0,"Fe":2.07,"Al":0.93,"K":0.29,"x":385583.0,"y":8831368.0}},{"type":"Feature","geometry":{"type":"Point","coordinates":[-76.08828,-10.60076]},"properties":{"codigo":"22k-RGQ24-009","tipo":"Rocas","hoja":"22-k","region":"Pasco","geologia":"Roca intrusiva (metagranito?) de textura fanerítica, con feldespato potásico, cuarzo y minerales oscuros; presenta débil magnetismo.","Au":null,"Cu":59.0,"As":5.0,"Fe":3.3,"Al":7.46,"K":3.05,"x":380948.0,"y":8827956.0}},{"type":"Feature","geometry":{"type":"Point","coordinates":[-76.08902,-10.61705]},"properties":{"codigo":"22k-RGQ24-009a","tipo":"Rocas","hoja":"22-k","region":"Pasco","geologia":"Veta de cuarzo blanco con óxidos de hierro (1%) en microfracturas.","Au":0.027,"Cu":2.0,"As":5.0,"Fe":0.22,"Al":0.75,"K":0.05,"x":380874.0,"y":8826154.0}},{"type":"Feature","geometry":{"type":"Point","coordinates":[-76.05046,-10.04004]},"properties":{"codigo":"21k-RGQ24-008","tipo":"Rocas","hoja":"21-k","region":"Pasco","geologia":"Roca intrusiva (monzogranito?) de textura fanerítica cloritizada (+).","Au":null,"Cu":2.0,"As":5.0,"Fe":1.29,"Al":6.34,"K":3.51,"x":384882.0,"y":8889976.0}},{"type":"Feature","geometry":{"type":"Point","coordinates":[-75.79949,-10.4158]},"properties":{"codigo":"21l-RGQ24-001","tipo":"Rocas","hoja":"21-l","region":"Pasco","geologia":"Roca intrusiva (granito) de textura fanerítica con pátinas de óxidos de manganeso (<1%).","Au":null,"Cu":2.0,"As":5.0,"Fe":0.7,"Al":7.77,"K":3.12,"x":412491.0,"y":8848504.0}},{"type":"Feature","geometry":{"type":"Point","coordinates":[-75.7991,-10.41684]},"properties":{"codigo":"21l-RGQ24-001a","tipo":"Rocas","hoja":"21-l","region":"Pasco","geologia":"Veta de cuarzo con plagioclasas y flogopita en los bordes.","Au":0.027,"Cu":2.0,"As":5.0,"Fe":0.5,"Al":7.38,"K":3.85,"x":412533.0,"y":8848389.0}},{"type":"Feature","geometry":{"type":"Point","coordinates":[-75.88824,-10.52749]},"properties":{"codigo":"22l-RGQ24-026","tipo":"Rocas","hoja":"22-l","region":"Pasco","geologia":"Roca intrusiva (monzogranito?) de textura fanerítica, con alto contenido de biotita (10%).","Au":null,"Cu":14.0,"As":5.0,"Fe":3.07,"Al":7.36,"K":1.8,"x":402810.0,"y":8836128.0}},{"type":"Feature","geometry":{"type":"Point","coordinates":[-75.79189,-10.64247]},"properties":{"codigo":"22l-RGQ24-019","tipo":"Rocas","hoja":"22-l","region":"Pasco","geologia":"Roca intrusiva (monzogranito) con impregnaciones de pirolusita (1%) y óxids de hierro (1%).","Au":null,"Cu":2.0,"As":5.0,"Fe":0.63,"Al":8.63,"K":2.16,"x":413386.0,"y":8823442.0}},{"type":"Feature","geometry":{"type":"Point","coordinates":[-75.83219,-10.64145]},"properties":{"codigo":"22l-RGQ24-024","tipo":"Rocas","hoja":"22-l","region":"Pasco","geologia":"Roca intrusiva (monzogranito?) de textura fanerítica, presenta plagioclasa, cuarzo y abundante biotita (10%) y flogopita (2%).","Au":null,"Cu":30.0,"As":5.0,"Fe":4.17,"Al":8.01,"K":1.13,"x":408977.0,"y":8823543.0}},{"type":"Feature","geometry":{"type":"Point","coordinates":[-75.82136,-10.57761]},"properties":{"codigo":"22l-RGQ24-031","tipo":"Rocas","hoja":"22-l","region":"Pasco","geologia":"Roca intrusiva (monzogranito) de textura fanerítica con alto contenido de biotita (10%), algunas de ellas se alteran a flogopita (3%).","Au":null,"Cu":43.0,"As":5.0,"Fe":6.99,"Al":8.93,"K":0.89,"x":410143.0,"y":8830606.0}},{"type":"Feature","geometry":{"type":"Point","coordinates":[-75.82133,-10.57652]},"properties":{"codigo":"22l-RGQ24-031a","tipo":"Rocas","hoja":"22-l","region":"Pasco","geologia":"Veta de cuarzo blanco con incrustaciones de mineral verde oliva de cristales prismáticos.","Au":0.027,"Cu":2.0,"As":5.0,"Fe":1.07,"Al":8.57,"K":3.25,"x":410146.0,"y":8830726.0}},{"type":"Feature","geometry":{"type":"Point","coordinates":[-75.90996,-10.61792]},"properties":{"codigo":"22l-RGQ24-029","tipo":"Rocas","hoja":"22-l","region":"Pasco","geologia":"Roca intrusiva cloritizada (+) de textura fanerítica, con cuarzo, plagioclasas, anfíboles y cristales de biotita.","Au":null,"Cu":3.0,"As":5.0,"Fe":1.19,"Al":6.73,"K":2.69,"x":400463.0,"y":8826121.0}},{"type":"Feature","geometry":{"type":"Point","coordinates":[-76.0127,-10.68212]},"properties":{"codigo":"22k-RGQ24-012","tipo":"Rocas","hoja":"22-k","region":"Pasco","geologia":"Roca metamórfica (esquisto) de textura foliada con óxidos de hierro (<1%).","Au":null,"Cu":4.0,"As":5.0,"Fe":4.28,"Al":10.53,"K":0.96,"x":389246.0,"y":8818987.0}},{"type":"Feature","geometry":{"type":"Point","coordinates":[-75.97036,-10.6944]},"properties":{"codigo":"22l-RGQ24-030","tipo":"Rocas","hoja":"22-l","region":"Pasco","geologia":"Roca intrusiva (sienogranito?) de textura fanerítica, equigranular de grano grueso; con alto contenido de cristales de ortosa (15%) y cuarzo (50%).","Au":null,"Cu":2.0,"As":5.0,"Fe":1.06,"Al":7.77,"K":4.81,"x":393882.0,"y":8817644.0}},{"type":"Feature","geometry":{"type":"Point","coordinates":[-75.97609,-10.69575]},"properties":{"codigo":"22l-RGQ24-030a","tipo":"Rocas","hoja":"22-l","region":"Pasco","geologia":"Roca intrusiva (sienogranito?) craquelada, equigranular de grano grueso; con alto contenido de cristales de ortosa (15%) y cuarzo (50%) y vetillas/vetas de cuarzo blanco.","Au":0.027,"Cu":5.0,"As":5.0,"Fe":0.57,"Al":6.47,"K":4.45,"x":393256.0,"y":8817492.0}},{"type":"Feature","geometry":{"type":"Point","coordinates":[-75.81883,-10.70574]},"properties":{"codigo":"22l-RGQ24-041","tipo":"Rocas","hoja":"22-l","region":"Pasco","geologia":"Roca intrusiva (granodiorita) con biotita (4%) alterándose a flogopita (1%), venilleo de cuarzo (3%) y epídota (1%).","Au":null,"Cu":58.0,"As":7.0,"Fe":5.46,"Al":8.94,"K":1.09,"x":410458.0,"y":8816438.0}},{"type":"Feature","geometry":{"type":"Point","coordinates":[-75.89497,-10.71184]},"properties":{"codigo":"22l-RGQ24-013","tipo":"Rocas","hoja":"22-l","region":"Pasco","geologia":"Roca intrusiva (sienogranito?) de textura fanerítica, equigranular de grano grueso; con alto contenido de cristales de ortosa (15%) y cuarzo (50%). Presenta venilleo de cuarzo con clorita en trazas.","Au":null,"Cu":2.0,"As":5.0,"Fe":0.97,"Al":6.9,"K":3.64,"x":402133.0,"y":8815740.0}},{"type":"Feature","geometry":{"type":"Point","coordinates":[-75.93714,-10.64317]},"properties":{"codigo":"22l-RGQ24-014","tipo":"Rocas","hoja":"22-l","region":"Pasco","geologia":"Roca intrusiva cloritizado (+) de textura fanerítica, compuesto de cuarzo, plagioclasas, anfíboles y biotitas","Au":null,"Cu":3.0,"As":5.0,"Fe":1.11,"Al":7.03,"K":3.88,"x":397498.0,"y":8823320.0}},{"type":"Feature","geometry":{"type":"Point","coordinates":[-75.74121,-10.52456]},"properties":{"codigo":"22l-RGQ24-032","tipo":"Rocas","hoja":"22-l","region":"Pasco","geologia":"Roca intrusiva (monzogranito?) con alto contenido de plagioclasa (30%) y ortosa (10%), además de biotitas (5%) y anfíboles (3%).","Au":null,"Cu":3.0,"As":5.0,"Fe":0.99,"Al":7.79,"K":4.06,"x":418898.0,"y":8836494.0}},{"type":"Feature","geometry":{"type":"Point","coordinates":[-75.66125,-10.49897]},"properties":{"codigo":"21l-RGQ24-004","tipo":"Rocas","hoja":"21-l","region":"Pasco","geologia":"Roca intrusiva de textura fanerítica, de grano fino a medio. Presenta plagioclasas, anfíboles alterándose a cloritas y cuarzo.","Au":null,"Cu":15.0,"As":5.0,"Fe":1.69,"Al":7.17,"K":2.76,"x":427642.0,"y":8839343.0}},{"type":"Feature","geometry":{"type":"Point","coordinates":[-75.7015,-10.51676]},"properties":{"codigo":"22l-RGQ24-037","tipo":"Rocas","hoja":"22-l","region":"Pasco","geologia":"Roca intrusiva de textura fanerítica, compuesto de cuarzo, plagioclasas, anfíboles y biotitas, esta última se altera a flogopita (1%).","Au":null,"Cu":44.0,"As":5.0,"Fe":2.71,"Al":8.44,"K":2.17,"x":423241.0,"y":8837366.0}},{"type":"Feature","geometry":{"type":"Point","coordinates":[-75.28317,-10.92508]},"properties":{"codigo":"22m-RGQ24-003","tipo":"Rocas","hoja":"22-m","region":"Junín","geologia":"Sienogranito color rojizo, tonalidad mesócrata, textura granítica - inequigranular; feldespato potásico (55%) subhedrales, plagioclasas (15%) subhedrales, cuarzo (30%) y biotita anhedrales; fracturas rellenadas con óxido","Au":null,"Cu":4.0,"As":6.0,"Fe":4.41,"Al":7.72,"K":4.1,"x":469058.0,"y":8792290.0}},{"type":"Feature","geometry":{"type":"Point","coordinates":[-75.57784,-11.4068]},"properties":{"codigo":"23l-RGQ24-001","tipo":"Rocas","hoja":"23-l","region":"Junín","geologia":"Brecha hidrotermal, textura de reemplazamiento polimíctica, matriz soportada, cemento de sílice gris -, goethita+++, hematita-, jarosita+, magnetita++; fragmentos de esquistos y tobas con alteración argílica moderada. Fo","Au":0.027,"Cu":6.0,"As":7.0,"Fe":8.41,"Al":3.42,"K":0.39,"x":436962.0,"y":8738977.0}},{"type":"Feature","geometry":{"type":"Point","coordinates":[-75.57793,-11.4068]},"properties":{"codigo":"23l-RGQ24-002","tipo":"Rocas","hoja":"23-l","region":"Junín","geologia":"Brecha hidrotermal, textura de reemplazamiento polimíctica, matriz soportada, cemento de sílice-, goethita+++, magnetita++, hematita+, jarosita+; fragmentos de esquistos y tobas con alteración argílica moderada a fuerte.","Au":0.027,"Cu":12.0,"As":14.0,"Fe":9.66,"Al":9.18,"K":2.9,"x":436952.0,"y":8738977.0}},{"type":"Feature","geometry":{"type":"Point","coordinates":[-75.57779,-11.4068]},"properties":{"codigo":"23l-RGQ24-003","tipo":"Rocas","hoja":"23-l","region":"Junín","geologia":"Cuerpo de brecha hidrotermal, textura de reemplazamiento polimíctica, matriz soportada, cemento de sílice-, goethita+++, hematita+, jarosita++; fragmentos de tobas y esquistos argilizados. ø > 10, ø ? 4, ø < 1.5 cm, form","Au":0.027,"Cu":5.0,"As":5.0,"Fe":2.98,"Al":0.63,"K":0.01,"x":436967.0,"y":8738977.0}},{"type":"Feature","geometry":{"type":"Point","coordinates":[-75.5936,-11.38803]},"properties":{"codigo":"23l-RGQ24-010b","tipo":"Rocas","hoja":"23-l","region":"Junín","geologia":"Afloramiento de cuerpo peridotítico que corta a los esquistos micáceos - cloríticos, que deja halos de serpentinización a los bordes del contacto cortado por vetillas de magnetita masiva. Esquistosidad N 165°/63°SW.","Au":0.027,"Cu":9.0,"As":5.0,"Fe":9.29,"Al":4.14,"K":0.01,"x":435238.0,"y":8741049.0}},{"type":"Feature","geometry":{"type":"Point","coordinates":[-75.59327,-11.38897]},"properties":{"codigo":"23l-RGQ24-011a","tipo":"Rocas","hoja":"23-l","region":"Junín","geologia":"Peridotita gris oscura,  de tonalidad melanócrata y textura afanítica, que se altera a serpentinita. Al estar en contacto con los esquistos deja un halo de serpentinita que pasa a esquistos micáceos con talco. Esquistosi","Au":0.027,"Cu":6.0,"As":5.0,"Fe":6.99,"Al":0.78,"K":0.01,"x":435274.0,"y":8740945.0}},{"type":"Feature","geometry":{"type":"Point","coordinates":[-75.5764,-11.4081]},"properties":{"codigo":"23l-RGQ24-014","tipo":"Rocas","hoja":"23-l","region":"Junín","geologia":"Veta de cuarzo con baritina, textura de reemplazamiento a bandeado, cortada por venillas de goethita, jarosita con parches y diss oxidos, covelina - malaquita. Roca caja tb cristales, alteración propilítica moderada. N 2","Au":0.027,"Cu":28.0,"As":7.0,"Fe":2.28,"Al":1.31,"K":0.11,"x":437119.0,"y":8738834.0}},{"type":"Feature","geometry":{"type":"Point","coordinates":[-75.57311,-11.40823]},"properties":{"codigo":"23l-RGQ24-021","tipo":"Rocas","hoja":"23-l","region":"Junín","geologia":"Estructura cuarzo - baritina, textura bandeada a crustiforme, cavidades rellenadas con goethita-jarosita con halos de venillas sil - magnetita - goethita. Labor 3, esta veta se encuentra alojasa en la brecha hidrotermal ","Au":0.027,"Cu":136.0,"As":5.0,"Fe":10.02,"Al":0.12,"K":0.01,"x":437478.0,"y":8738820.0}},{"type":"Feature","geometry":{"type":"Point","coordinates":[-75.57378,-11.4088]},"properties":{"codigo":"23l-RGQ24-023","tipo":"Rocas","hoja":"23-l","region":"Junín","geologia":"Estructura mineralizada con baritina y óxidos de hierro, textura bandeada. Veta N 190°/65°SE.","Au":0.027,"Cu":22.0,"As":6.0,"Fe":5.58,"Al":0.24,"K":0.02,"x":437405.0,"y":8738757.0}},{"type":"Feature","geometry":{"type":"Point","coordinates":[-75.32249,-11.13561]},"properties":{"codigo":"23m-RGQ24-001","tipo":"Rocas","hoja":"23-m","region":"Junín","geologia":"Mármol blanco intercalado con hornfels de color gris verdoso. Estos marmoles presentan skarnoides conformados por nódulos irregulares de epidota-granate, este último diseminadamente. Además, se observa la presencia de ma","Au":0.027,"Cu":34.0,"As":21.0,"Fe":12.54,"Al":1.84,"K":0.01,"x":464786.0,"y":8769007.0}},{"type":"Feature","geometry":{"type":"Point","coordinates":[-75.32249,-11.13561]},"properties":{"codigo":"23m-RGQ24-002","tipo":"Rocas","hoja":"23-m","region":"Junín","geologia":"Veta masiva de esfalerita, textura de reemplazamiento, esfalerita engloba a los fragmentos irregulares de epídota-granates (dise), O q pasa o son rodeados por sphz (con diss de gn todas estas son cortadas por venillas de","Au":0.027,"Cu":143.0,"As":131.0,"Fe":7.05,"Al":4.69,"K":0.03,"x":464786.0,"y":8769007.0}},{"type":"Feature","geometry":{"type":"Point","coordinates":[-75.322,-11.13544]},"properties":{"codigo":"23m-RGQ24-003","tipo":"Rocas","hoja":"23-m","region":"Junín","geologia":"Sienogranito de tonalidad rojiza y textura granítica - inequigranular. Presenta feldespatos (40%), plagioclasas (10%) hipidiomorfos y cuarzo (35%) xenomórfico.","Au":null,"Cu":8.0,"As":12.0,"Fe":2.4,"Al":8.39,"K":4.95,"x":464839.0,"y":8769026.0}},{"type":"Feature","geometry":{"type":"Point","coordinates":[-75.31787,-11.10608]},"properties":{"codigo":"23m-RGQ24-009","tipo":"Rocas","hoja":"23-m","region":"Junín","geologia":"Estructura de vetillas conformadas por veta de cuarzo blanco masivo cortado por venillas qzs drusico con oquedades rellenadas con especularita. Vetillas y venillas dispuestas en forma subparalela espaciadas cada 30 cm.","Au":0.027,"Cu":3.0,"As":5.0,"Fe":0.62,"Al":2.63,"K":1.76,"x":465287.0,"y":8772273.0}},{"type":"Feature","geometry":{"type":"Point","coordinates":[-75.47832,-11.3414]},"properties":{"codigo":"23m-RGQ24-012","tipo":"Rocas","hoja":"23-m","region":"Junín","geologia":"Roca ultrabásica gris verdosa, tonalidad melanócrata, textura afanítica, cristales subhedrales de biotita, anfíboles, magnetita; se altera a serpentinita. N 230°/65°NO.","Au":null,"Cu":4.0,"As":57.0,"Fe":4.4,"Al":0.46,"K":0.01,"x":447807.0,"y":8746229.0}},{"type":"Feature","geometry":{"type":"Point","coordinates":[-75.4779,-11.34146]},"properties":{"codigo":"23m-RGQ24-014","tipo":"Rocas","hoja":"23-m","region":"Junín","geologia":"Serpentinita color gris verdoso, textura lepidoblástica conformada por serpentina, magnetita, talco y carbonatos; protolito? peridotitas. Muestra de roca tomada en cancha de mineral, con presencia de roca metamórfica, se","Au":null,"Cu":6.0,"As":72.0,"Fe":4.55,"Al":0.5,"K":0.01,"x":447853.0,"y":8746222.0}},{"type":"Feature","geometry":{"type":"Point","coordinates":[-75.28112,-10.89825]},"properties":{"codigo":"22m-RGQ24-001","tipo":"Rocas","hoja":"22-m","region":"Junín","geologia":"Monzogranito gris blanquecino con tinciones rojizas, tonalidad leucócrata, textura granítica-fanerítica inequigranular, plagioclasas (30%) y feldespatos (35%) subhedrales, cuarzo (30%) anhedral, anfíboles oxidados subhed","Au":null,"Cu":4.0,"As":5.0,"Fe":1.18,"Al":7.51,"K":4.48,"x":469279.0,"y":8795257.0}},{"type":"Feature","geometry":{"type":"Point","coordinates":[-75.57432,-11.40729]},"properties":{"codigo":"23l-RGQ24-006","tipo":"Rocas","hoja":"23-l","region":"Junín","geologia":"Brecha hidrotermal polimíctica, matriz soportada-cemento sil - oxidos gohetita+++, magnetita++, jarosita+, frag Tb crist y esq intensamente argilizados, forma de clastos subangulosos - subredondeados, ø > 16 cm, ø ? 10 -","Au":0.027,"Cu":7.0,"As":14.0,"Fe":11.93,"Al":7.8,"K":1.59,"x":437346.0,"y":8738924.0}},{"type":"Feature","geometry":{"type":"Point","coordinates":[-75.5936,-11.38803]},"properties":{"codigo":"23l-RGQ24-010a","tipo":"Rocas","hoja":"23-l","region":"Junín","geologia":"Afloramiento de cuerpo peridotítico que corta a los esquistos micáceos - cloríticos, que deja halos de serpentinización a los bordes del contacto cortado por vetillas de magnetita masiva. Esquistosidad N 165°/63° SW.","Au":0.027,"Cu":6.0,"As":5.0,"Fe":7.37,"Al":2.93,"K":0.01,"x":435238.0,"y":8741049.0}},{"type":"Feature","geometry":{"type":"Point","coordinates":[-75.5936,-11.38803]},"properties":{"codigo":"23l-RGQ24-010c","tipo":"Rocas","hoja":"23-l","region":"Junín","geologia":"Afloramiento de cuerpo peridotítico que corta a los esquistos micáceos - cloríticos, que deja halos de serpentinización a los bordes del contacto cortado por vetillas de magnetita masiva. Esquistosidad N 165°/63° SW.","Au":0.027,"Cu":7.0,"As":5.0,"Fe":7.24,"Al":1.25,"K":0.03,"x":435238.0,"y":8741049.0}},{"type":"Feature","geometry":{"type":"Point","coordinates":[-75.59335,-11.38887]},"properties":{"codigo":"23l-RGQ24-011","tipo":"Rocas","hoja":"23-l","region":"Junín","geologia":"Peridotita gris oscura de tonalidad melanócrata, con presencia de biotita, diseminación de anfíboles, carbonatos y parches de magnetita. Esta roca se altera a serpentinita con fuerte intensidad. Esquistosidad N 140°/60°S","Au":null,"Cu":8.0,"As":5.0,"Fe":5.56,"Al":1.09,"K":0.01,"x":435265.0,"y":8740956.0}},{"type":"Feature","geometry":{"type":"Point","coordinates":[-75.57681,-11.40757]},"properties":{"codigo":"23l-RGQ24-013","tipo":"Rocas","hoja":"23-l","region":"Junín","geologia":"Brecha hidrotermal polimíctica, matriz soportada-cemento sil - gohetita-magnetita con frag tb, esq, argilizando moderado a fuerte, forma subangulosos - subredondeados ø > 10 cm, ø ? 4 - 6, ø < 1.5 cm. N 305°. Ancho 3.5 m","Au":0.027,"Cu":123.0,"As":408.0,"Fe":26.81,"Al":5.47,"K":0.83,"x":437074.0,"y":8738892.0}},{"type":"Feature","geometry":{"type":"Point","coordinates":[-75.29593,-11.12245]},"properties":{"codigo":"23m-RGQ24-004","tipo":"Rocas","hoja":"23-m","region":"Junín","geologia":"Veta de sílice gris con parches de goethita+++, jarosita++, hematita+, textura reemplazamiento N250° /75°NO, ancho 0.10 cm. Roca caja sienogranito color rojizo, tonalidad mesocrata, Felds K (45%), Plag (10%) subhedrales,","Au":0.027,"Cu":4.0,"As":11.0,"Fe":2.55,"Al":8.92,"K":4.9,"x":467685.0,"y":8770465.0}},{"type":"Feature","geometry":{"type":"Point","coordinates":[-75.29682,-11.12171]},"properties":{"codigo":"23m-RGQ24-005","tipo":"Rocas","hoja":"23-m","region":"Junín","geologia":"Sienogranito rojizo de tonalidad mesócrata. Contiene feldespatos (45%), plagioclasas (10%) hipidiomórficas y cuarzo (30%) xenomórfica con débil alteración argílica con arcillas verdes y fracturas tapizadas con óxidos de ","Au":null,"Cu":2.0,"As":5.0,"Fe":1.59,"Al":11.89,"K":6.86,"x":467588.0,"y":8770547.0}},{"type":"Feature","geometry":{"type":"Point","coordinates":[-75.30346,-11.12099]},"properties":{"codigo":"23m-RGQ24-007","tipo":"Rocas","hoja":"23-m","region":"Junín","geologia":"Venillas de cuarzo blanco masivo con parches de gohetita++, jarosita+, hematita++, cortada por venillas de Qz textura bandeada crustiforme, sustura y oquedades rellenadas por especularita. Roca caja sienogranito color ro","Au":0.027,"Cu":5.0,"As":5.0,"Fe":1.48,"Al":7.98,"K":5.52,"x":466862.0,"y":8770626.0}},{"type":"Feature","geometry":{"type":"Point","coordinates":[-75.47585,-11.3525]},"properties":{"codigo":"23m-RGQ24-010","tipo":"Rocas","hoja":"23-m","region":"Junín","geologia":"Roca metamórfica de textura foliada color gris claro, con lentes de cuarzo hialino. Posiblemente esquistos con cuarzo.","Au":null,"Cu":20.0,"As":5.0,"Fe":4.83,"Al":10.3,"K":2.94,"x":448079.0,"y":8745002.0}},{"type":"Feature","geometry":{"type":"Point","coordinates":[-75.47665,-11.34255]},"properties":{"codigo":"23m-RGQ24-011","tipo":"Rocas","hoja":"23-m","region":"Junín","geologia":"Roca metamórfica color gris claro y de textura foliada con lentes de cuarzo. Posiblemente esquistos cloritizados. Veta de cuarzo S30°E/45°SW.","Au":null,"Cu":5.0,"As":5.0,"Fe":5.62,"Al":10.03,"K":2.55,"x":447989.0,"y":8746102.0}},{"type":"Feature","geometry":{"type":"Point","coordinates":[-75.47946,-11.34261]},"properties":{"codigo":"23m-RGQ24-015","tipo":"Rocas","hoja":"23-m","region":"Junín","geologia":"Peridotita gris oscura, tonalidad melanócrata afanítica con cristales de biotita, anfíboles, magnetita diseminada (?) y carbonatos; los ferromagnesianos se alteran a serpentina. N 340°/75°NE.","Au":null,"Cu":74.0,"As":5.0,"Fe":8.63,"Al":7.07,"K":0.23,"x":447683.0,"y":8746095.0}},{"type":"Feature","geometry":{"type":"Point","coordinates":[-75.83207,-9.90839]},"properties":{"codigo":"20l-RGQ24-001","tipo":"Rocas","hoja":"20-l","region":"Huánuco","geologia":"Gneis, probablemente de protolito ígneo; el bandeamiento no está bien desarrollado, pero se identifican bandas claras discontinuas. Afloramiento fuertemente fracturado.","Au":null,"Cu":28.0,"As":5.0,"Fe":7.94,"Al":8.24,"K":0.63,"x":408780.0,"y":8904602.0}},{"type":"Feature","geometry":{"type":"Point","coordinates":[-75.86141,-9.91516]},"properties":{"codigo":"20l-RGQ24-002","tipo":"Rocas","hoja":"20-l","region":"Huánuco","geologia":"Gneis bandeado, máfico o mesócrata; con venillas de cuarzo de 5 cm.","Au":null,"Cu":27.0,"As":5.0,"Fe":5.81,"Al":7.52,"K":1.75,"x":405566.0,"y":8903846.0}},{"type":"Feature","geometry":{"type":"Point","coordinates":[-75.88476,-9.91272]},"properties":{"codigo":"20l-RGQ24-003","tipo":"Rocas","hoja":"20-l","region":"Huánuco","geologia":"Gneis bandeado mesócrata, posiblemente de composición granodiorítica. Por sectores el bandeamiento es mas desarrollado, predominan bandas oscuras sobre blancas.","Au":null,"Cu":19.0,"As":5.0,"Fe":7.91,"Al":8.23,"K":1.19,"x":403005.0,"y":8904108.0}},{"type":"Feature","geometry":{"type":"Point","coordinates":[-75.84206,-9.94237]},"properties":{"codigo":"20l-RGQ24-004","tipo":"Rocas","hoja":"20-l","region":"Huánuco","geologia":"Metaintrusivo leucócrata, fuertemente fracturado, por sectores parece tener cierta foliación.","Au":null,"Cu":9.0,"As":10.0,"Fe":7.1,"Al":11.45,"K":0.42,"x":407695.0,"y":8900842.0}},{"type":"Feature","geometry":{"type":"Point","coordinates":[-75.87252,-9.93787]},"properties":{"codigo":"20l-RGQ24-005","tipo":"Rocas","hoja":"20-l","region":"Huánuco","geologia":"Gneis moderadamente bandeado, se diferencian bandas claras de cuarzo y feldespato; conjuntamente con bandas oscuras de ferromagnesianos.","Au":null,"Cu":13.0,"As":5.0,"Fe":7.1,"Al":8.11,"K":0.68,"x":404354.0,"y":8901331.0}},{"type":"Feature","geometry":{"type":"Point","coordinates":[-75.90137,-9.96291]},"properties":{"codigo":"20l-RGQ24-006","tipo":"Rocas","hoja":"20-l","region":"Huánuco","geologia":"Roca metamórfica con aparente bandeamiento (gneis?), cortadas por cuerpos de granito leucocrático, el que se emplaza entre los planos de foliación.","Au":null,"Cu":6.0,"As":5.0,"Fe":1.31,"Al":7.84,"K":0.54,"x":401199.0,"y":8898554.0}},{"type":"Feature","geometry":{"type":"Point","coordinates":[-75.91274,-9.96489]},"properties":{"codigo":"20l-RGQ24-007","tipo":"Rocas","hoja":"20-l","region":"Huánuco","geologia":"Roca intrusiva leucócrata con fenocristales de cuarzo y feldespatos. Presenta textura predominantemente equigranular de grano medio a grueso. La meteorización física es intensa. Biotita en acumulaciones (15%) dispersas, ","Au":null,"Cu":4.0,"As":5.0,"Fe":2.74,"Al":12.39,"K":1.22,"x":399953.0,"y":8898332.0}},{"type":"Feature","geometry":{"type":"Point","coordinates":[-75.96233,-9.95337]},"properties":{"codigo":"20l-RGQ24-008","tipo":"Rocas","hoja":"20-l","region":"Huánuco","geologia":"Sienogranito, de textura inequigranular de grano grueso, con cristales desarrollados de feldespato potásico de hasta 2 cm. A unos 20 m, contacto irregular con pizarras. El intrusivo deja techos colgantes. Biotita en cúmu","Au":null,"Cu":6.0,"As":5.0,"Fe":3.92,"Al":8.35,"K":2.21,"x":394513.0,"y":8899590.0}},{"type":"Feature","geometry":{"type":"Point","coordinates":[-75.87252,-9.93787]},"properties":{"codigo":"20l-RGQ24-009","tipo":"Rocas","hoja":"20-l","region":"Huánuco","geologia":"Gneis bandeado con milonitización sobreimpuesta.","Au":null,"Cu":15.0,"As":5.0,"Fe":7.13,"Al":8.37,"K":0.71,"x":404354.0,"y":8901331.0}},{"type":"Feature","geometry":{"type":"Point","coordinates":[-76.05055,-10.04007]},"properties":{"codigo":"21k-RGQ24-011","tipo":"Rocas","hoja":"21-k","region":"Huánuco","geologia":"Monzogranito de textura granosa, inequigranular de grano grueso a muy grueso, moderadamente meteorizado. cz (30%), FPsK (25%), PGLs (35%), ferromagnesianos (10%).","Au":null,"Cu":3.0,"As":5.0,"Fe":1.65,"Al":6.47,"K":3.08,"x":384872.0,"y":8889973.0}},{"type":"Feature","geometry":{"type":"Point","coordinates":[-76.02673,-10.08615]},"properties":{"codigo":"21k-RGQ24-012","tipo":"Rocas","hoja":"21-k","region":"Huánuco","geologia":"Monzogranito inequigranular de grano grueso e índice de color leucócrata.","Au":null,"Cu":7.0,"As":5.0,"Fe":2.99,"Al":7.91,"K":2.7,"x":387499.0,"y":8884886.0}},{"type":"Feature","geometry":{"type":"Point","coordinates":[-76.10041,-10.20342]},"properties":{"codigo":"21k-RGQ24-013","tipo":"Rocas","hoja":"21-k","region":"Huánuco","geologia":"Roca intrusiva leucócrata de grano medio, compuesta de minerales máficos (12%), cuarzo (23%), feldespato potásico (25%) y plagioclasas (35%).","Au":null,"Cu":20.0,"As":6.0,"Fe":4.31,"Al":7.69,"K":2.67,"x":379469.0,"y":8871891.0}},{"type":"Feature","geometry":{"type":"Point","coordinates":[-76.09258,-10.20976]},"properties":{"codigo":"21k-RGQ24-014","tipo":"Rocas","hoja":"21-k","region":"Huánuco","geologia":"Roca intrusiva leucócrata de grano medio, compuesta de minerales máficos (12%), cuarzo (23%), feldespato potásico (25%) y plagioclasas (35%). El afloramiento es de superficies acolinadas, meteorización esferoidal. ","Au":null,"Cu":19.0,"As":8.0,"Fe":3.47,"Al":8.01,"K":3.1,"x":380329.0,"y":8871193.0}},{"type":"Feature","geometry":{"type":"Point","coordinates":[-76.14107,-10.24662]},"properties":{"codigo":"21k-RGQ24-015","tipo":"Rocas","hoja":"21-k","region":"Huánuco","geologia":"Monzogranito leucócrata - mesócrata, de grano medio; con fenos de feldespato potásico de hasta 1.5cm, aunque predominan los cristales de 0.4mm (30%). Cuarzo (30%), PGLs (10%) y máficos (30%).","Au":null,"Cu":4.0,"As":7.0,"Fe":3.12,"Al":7.56,"K":2.95,"x":375031.0,"y":8867099.0}},{"type":"Feature","geometry":{"type":"Point","coordinates":[-76.13923,-10.29224]},"properties":{"codigo":"21k-RGQ24-016","tipo":"Rocas","hoja":"21-k","region":"Huánuco","geologia":"Roca intrusiva alterado a arcillas y en menor proporción a óxidos de hierro. Los afloramientos son muy deleznables. Textura inequigranular de grano grueso, con algunos cristales desarrollados de minerales del grupo de lo","Au":null,"Cu":22.0,"As":5.0,"Fe":2.78,"Al":7.3,"K":3.81,"x":375251.0,"y":8862054.0}},{"type":"Feature","geometry":{"type":"Point","coordinates":[-76.13798,-10.31856]},"properties":{"codigo":"21k-RGQ24-017","tipo":"Rocas","hoja":"21-k","region":"Huánuco","geologia":"Roca intrusiva leucócrata  de textura inequigranular de grano medio con ocasionales cristales desarrollados de de FPsK de hasta 1 cm. El cuarzo es hialino y subredondeado (30%), FPsK (25%), PGLs (35%) y máficos (10%).","Au":null,"Cu":13.0,"As":5.0,"Fe":2.58,"Al":7.36,"K":3.99,"x":375398.0,"y":8859144.0}},{"type":"Feature","geometry":{"type":"Point","coordinates":[-76.03483,-10.33543]},"properties":{"codigo":"21k-RGQ24-018","tipo":"Rocas","hoja":"21-k","region":"Huánuco","geologia":"Roca intrusiva leucócrata, equigranular de grano medio; con anfíbol y biotita. Resalta el color rojizo de los FPsK (30%), también cuarzo hialino (25%), plagioclasas (30%), máficos (15%) y epidota en venillas (10%). Se en","Au":null,"Cu":3.0,"As":5.0,"Fe":2.66,"Al":7.59,"K":3.26,"x":386700.0,"y":8857317.0}},{"type":"Feature","geometry":{"type":"Point","coordinates":[-76.00569,-10.33669]},"properties":{"codigo":"21k-RGQ24-019","tipo":"Rocas","hoja":"21-k","region":"Huánuco","geologia":"Roca intrusiva leucócrata equigranular de grano medio, con baja proporción de máficos, que en el punto mas alto alcanza hasta un 8%. FPsK (35%), PGLs (35%) y cuarzo (22%).","Au":null,"Cu":2.0,"As":5.0,"Fe":1.07,"Al":7.39,"K":0.35,"x":389891.0,"y":8857188.0}},{"type":"Feature","geometry":{"type":"Point","coordinates":[-76.13798,-10.31856]},"properties":{"codigo":"21k-RGQ24-020","tipo":"Rocas","hoja":"21-k","region":"Huánuco","geologia":"Roca intrusiva leucócrata  de textura inequigranular de grano medio con ocasionales cristales desarrollados de de FPsK de hasta 1cm. El cuarzo es hialino y subredondeado (30%), FPsK (25%), PGLs (35%) y máficos (10%).","Au":null,"Cu":12.0,"As":5.0,"Fe":2.2,"Al":7.33,"K":3.88,"x":375398.0,"y":8859144.0}},{"type":"Feature","geometry":{"type":"Point","coordinates":[-76.07337,-10.57351]},"properties":{"codigo":"22k-RGQ24-013","tipo":"Rocas","hoja":"22-k","region":"Pasco","geologia":"Roca volcánica con textura porfirítica, con fenocristales de cuarzo de hasta 1cm, también plagioclasas; englobados dentro de una matriz afanítica de color gris oscuro a negro.","Au":null,"Cu":15.0,"As":5.0,"Fe":2.79,"Al":7.29,"K":3.08,"x":382569.0,"y":8830975.0}},{"type":"Feature","geometry":{"type":"Point","coordinates":[-76.0949,-10.6351]},"properties":{"codigo":"22k-RGQ24-014","tipo":"Rocas","hoja":"22-k","region":"Pasco","geologia":"Roca intrusiva de grano fino a medio, constituida por cristales redondeados de cuarzo (45%), FPsK (22%), PGLs (25%) y ferromagnesianos (8%). Se observa venillas de cuarzo gris y óxidos en fracturas.","Au":null,"Cu":8.0,"As":5.0,"Fe":1.42,"Al":6.66,"K":3.59,"x":380237.0,"y":8824156.0}},{"type":"Feature","geometry":{"type":"Point","coordinates":[-75.94885,-10.65721]},"properties":{"codigo":"22l-RGQ24-043","tipo":"Rocas","hoja":"22-l","region":"Pasco","geologia":"Sienogranito porfídico, con megacristales de feldespato potásico rosado y máficos de hasta 10%. Cuarzo (40%), FPsK (35%), PGLs (10%).","Au":null,"Cu":2.0,"As":5.0,"Fe":1.8,"Al":6.92,"K":2.68,"x":396222.0,"y":8821764.0}},{"type":"Feature","geometry":{"type":"Point","coordinates":[-75.93754,-10.65229]},"properties":{"codigo":"22l-RGQ24-044","tipo":"Rocas","hoja":"22-l","region":"Pasco","geologia":"Roca intrusiva porfirítica, granítica; muy meteorizada, con megacristales de FPsK de hasta 4 cm y también cuarzo.","Au":null,"Cu":3.0,"As":5.0,"Fe":2.2,"Al":7.69,"K":2.82,"x":397457.0,"y":8822311.0}},{"type":"Feature","geometry":{"type":"Point","coordinates":[-75.89417,-10.63641]},"properties":{"codigo":"22l-RGQ24-045","tipo":"Rocas","hoja":"22-l","region":"Pasco","geologia":"Roca intrusiva de grano grueso, inequigranular; con máficos en hasta 10%.","Au":null,"Cu":7.0,"As":5.0,"Fe":1.93,"Al":6.91,"K":0.57,"x":402196.0,"y":8824082.0}},{"type":"Feature","geometry":{"type":"Point","coordinates":[-75.8734,-10.65526]},"properties":{"codigo":"22l-RGQ24-046","tipo":"Rocas","hoja":"22-l","region":"Pasco","geologia":"Granito rico en cuarzo con deformación milonítica, fuertemente deformado, los ferromagnesianos se hallan alterados a clorita, posiblemente anfíbol. Cz (55%), FPsK (25%), ANFs (5%) y PGLs (20%).","Au":null,"Cu":20.0,"As":5.0,"Fe":2.07,"Al":7.23,"K":0.79,"x":404474.0,"y":8822004.0}},{"type":"Feature","geometry":{"type":"Point","coordinates":[-75.85422,-10.63871]},"properties":{"codigo":"22l-RGQ24-047","tipo":"Rocas","hoja":"22-l","region":"Pasco","geologia":"Roca intrusiva leucócrata, inequigranular de grano medio a grueso; con cristales de anfíbol y biotita. Sus componentes son cuarzo (25%), PGLs(40%), FPsK (15%) y ferromagnesianos (20%).","Au":null,"Cu":47.0,"As":5.0,"Fe":6.68,"Al":8.44,"K":0.64,"x":406567.0,"y":8823839.0}},{"type":"Feature","geometry":{"type":"Point","coordinates":[-75.77644,-10.653]},"properties":{"codigo":"22l-RGQ24-048","tipo":"Rocas","hoja":"22-l","region":"Pasco","geologia":"Roca intrusiva leucócrata, inequigranular de grano medio a grueso; con cristales de anfíbol y biotita. Sus componentes son cuarzo (25%), PGLs(40%), FPsK (15%) y ferromagnesianos (20%).","Au":null,"Cu":91.0,"As":5.0,"Fe":5.6,"Al":8.82,"K":0.81,"x":415079.0,"y":8822282.0}},{"type":"Feature","geometry":{"type":"Point","coordinates":[-75.96443,-10.74772]},"properties":{"codigo":"22l-RGQ24-049","tipo":"Rocas","hoja":"22-l","region":"Pasco","geologia":"Sienogranito rosado, con fenocristales de cuarzo y FPsK. Ïndice leucócrata, textura inequigranular de grano grueso a muy grueso. Cuarzo (35%), FPsK (45%), PGLs (15%) y ferromagnesianos (5%).","Au":null,"Cu":11.0,"As":5.0,"Fe":0.45,"Al":6.36,"K":3.98,"x":394549.0,"y":8811750.0}},{"type":"Feature","geometry":{"type":"Point","coordinates":[-75.89018,-10.76907]},"properties":{"codigo":"22l-RGQ24-051","tipo":"Rocas","hoja":"22-l","region":"Pasco","geologia":"Sienogranito rosado, leucócrata e inequigranular de grano grueso. Afloramiento fuertemente diaclasado. Cuarzo (35%), FPsK (35%), PGLs(25%), máficos (5%).","Au":null,"Cu":2.0,"As":5.0,"Fe":0.57,"Al":6.71,"K":3.89,"x":402675.0,"y":8809413.0}},{"type":"Feature","geometry":{"type":"Point","coordinates":[-75.87465,-10.75995]},"properties":{"codigo":"22l-RGQ24-052","tipo":"Rocas","hoja":"22-l","region":"Pasco","geologia":"Monzogranito rico en cristales de cuarzo (55%), PGLs (25%), FPsK (15%) y máficos (3%). Inequigranular, grano grueso. Posiblemente familia de los granitos de Quiparacra.","Au":null,"Cu":2.0,"As":5.0,"Fe":1.0,"Al":7.13,"K":3.23,"x":404370.0,"y":8810427.0}},{"type":"Feature","geometry":{"type":"Point","coordinates":[-75.94721,-10.84035]},"properties":{"codigo":"22l-RGQ24-053","tipo":"Rocas","hoja":"22-l","region":"Pasco","geologia":"Granito leucócrata rico en cuarzo, inequigranular de grano grueso, con cristales de cuarzo de hasta 7mm. Cuarzo (50%), FPsK (25%), PGLs(20%), máficos (5%); aparentes trazas de moscovita.","Au":null,"Cu":3.0,"As":5.0,"Fe":1.34,"Al":6.94,"K":3.52,"x":396463.0,"y":8801512.0}},{"type":"Feature","geometry":{"type":"Point","coordinates":[-75.88854,-10.80957]},"properties":{"codigo":"22l-RGQ24-053A","tipo":"Rocas","hoja":"22-l","region":"Pasco","geologia":"Roca intrusiva de grano medio, equigranular; con cristales de biotita (20%), FPsK (20%), PLGs (30%), cuarzo (30%).","Au":null,"Cu":4.0,"As":5.0,"Fe":3.54,"Al":8.39,"K":1.99,"x":402867.0,"y":8804935.0}},{"type":"Feature","geometry":{"type":"Point","coordinates":[-75.85884,-10.80331]},"properties":{"codigo":"22l-RGQ24-054","tipo":"Rocas","hoja":"22-l","region":"Pasco","geologia":"Roca intrusiva de textura inequigranular de grano grueso, con cristales desarrollados de feldespato potásico y tonalidades rosadas. Posible tufisitas.","Au":null,"Cu":4.0,"As":5.0,"Fe":0.88,"Al":6.63,"K":3.59,"x":406112.0,"y":8805637.0}},{"type":"Feature","geometry":{"type":"Point","coordinates":[-75.83849,-10.78575]},"properties":{"codigo":"22l-RGQ24-055","tipo":"Rocas","hoja":"22-l","region":"Pasco","geologia":"Roca intrusiva leucócrata, félsica. Textura granosa, inequigranular de grano fino a medio; constituida por cristales de cuarzo (25%), PGLs (35%), FPsK (30%) y máficos (10%).","Au":null,"Cu":4.0,"As":5.0,"Fe":3.55,"Al":7.95,"K":2.83,"x":408332.0,"y":8807585.0}},{"type":"Feature","geometry":{"type":"Point","coordinates":[-75.89961,-10.85485]},"properties":{"codigo":"22l-RGQ24-056","tipo":"Rocas","hoja":"22-l","region":"Pasco","geologia":"Monzogranito leucócrata, inequigranular de grano medio a grueso, con leve alteración. Algunos cristales desarrollados de FPsK de hasta 1 cm. FPsK (35%), cuarzo (25%), PGLs (35%), máficos 5%).","Au":null,"Cu":2.0,"As":5.0,"Fe":2.49,"Al":7.12,"K":2.79,"x":401672.0,"y":8799924.0}},{"type":"Feature","geometry":{"type":"Point","coordinates":[-75.79848,-10.84313]},"properties":{"codigo":"22l-RGQ24-057","tipo":"Rocas","hoja":"22-l","region":"Junín","geologia":"Roca intrusiva leucócrata - mesócrata, inequigranular de grano grueso, con cristales de anfíbol (25%), biotita (5%). EL cuarzo aparece restringido (5%), FPsK (30%), PGLs (25%).","Au":null,"Cu":12.0,"As":7.0,"Fe":5.47,"Al":9.48,"K":1.14,"x":412723.0,"y":8801251.0}},{"type":"Feature","geometry":{"type":"Point","coordinates":[-75.79848,-10.84313]},"properties":{"codigo":"22l-RGQ24-058","tipo":"Rocas","hoja":"22-l","region":"Junín","geologia":"Roca ígnea hipoabisal verdsosa, de grano fino a medio. Cuarzo redondeado (15%), FPsK (25%), PGLs (35%); matriz de grano fino cz-FPsK (15%) y máficos (5%).","Au":null,"Cu":4.0,"As":8.0,"Fe":2.01,"Al":7.23,"K":2.37,"x":412723.0,"y":8801251.0}},{"type":"Feature","geometry":{"type":"Point","coordinates":[-75.77608,-10.82959]},"properties":{"codigo":"22l-RGQ24-059","tipo":"Rocas","hoja":"22-l","region":"Junín","geologia":"Monzogranito rico en cristales de cuarzo de hasta 7 mm. Índice de color leucócrata y baja proporción de máficos. Cuarzo (45%), FPsK (20%), PGLs (25%), máficos (10%).","Au":null,"Cu":2.0,"As":5.0,"Fe":1.84,"Al":7.05,"K":1.46,"x":415167.0,"y":8802755.0}},{"type":"Feature","geometry":{"type":"Point","coordinates":[-75.83132,-10.85305]},"properties":{"codigo":"22l-RGQ24-060","tipo":"Rocas","hoja":"22-l","region":"Pasco","geologia":"Roca intrusiva leucócrata - mesócrata, inequigranular de grano grueso, con cristales de anfíbol (25%), biotita (5%). EL cuarzo aparece restringido (5%), FPsK (30%), PGLs (25%).","Au":null,"Cu":9.0,"As":7.0,"Fe":5.7,"Al":9.6,"K":1.08,"x":409136.0,"y":8800145.0}},{"type":"Feature","geometry":{"type":"Point","coordinates":[-75.78679,-10.97923]},"properties":{"codigo":"22l-RGQ24-061","tipo":"Rocas","hoja":"22-l","region":"Junín","geologia":"Sienogranito con feldespatos rosados, inequigranular de grano medio a grueso, leucócrata. Cuarzo (35%), FPsK (45%), PGLs (15%), máficos (5%).","Au":null,"Cu":2.0,"As":5.0,"Fe":0.89,"Al":5.95,"K":3.23,"x":414039.0,"y":8786205.0}},{"type":"Feature","geometry":{"type":"Point","coordinates":[-75.75232,-10.99245]},"properties":{"codigo":"22l-RGQ24-062","tipo":"Rocas","hoja":"22-l","region":"Junín","geologia":"Sienogranito leucocrático, inequigranular de grano grueso; moderadamente alterado por meteorización. Presenta cristales de feldespato potásico rosado. Cz (35%), FPsK (45%), PGLs (15%), máficos (5%).","Au":null,"Cu":2.0,"As":5.0,"Fe":0.56,"Al":6.42,"K":3.61,"x":417809.0,"y":8784752.0}},{"type":"Feature","geometry":{"type":"Point","coordinates":[-75.72495,-10.99069]},"properties":{"codigo":"22l-RGQ24-063","tipo":"Rocas","hoja":"22-l","region":"Junín","geologia":"Leucogranito de grano medio a grueso, posiblemente cortando a sienogranitos. Cuarzo (35%), PGLs (40%), FPsK (18%) y máficos (2%).","Au":null,"Cu":2.0,"As":5.0,"Fe":0.32,"Al":6.13,"K":3.65,"x":420799.0,"y":8784954.0}},{"type":"Feature","geometry":{"type":"Point","coordinates":[-75.46717,-10.73783]},"properties":{"codigo":"22m-RGQ24-004","tipo":"Rocas","hoja":"22-m","region":"Pasco","geologia":"Sienogranito rosado de grano grueso, inequigranular. Con máficos hasta 3%. Cuarzo (40%), FPsK (45%), PGLs (12%).","Au":null,"Cu":2.0,"As":5.0,"Fe":0.36,"Al":5.82,"K":3.4,"x":448920.0,"y":8812970.0}},{"type":"Feature","geometry":{"type":"Point","coordinates":[-75.45293,-10.68693]},"properties":{"codigo":"22m-RGQ24-005","tipo":"Rocas","hoja":"22-m","region":"Pasco","geologia":"Roca intrusiva leucócrata, de grano grueso, relativamente equigranular. Algunos feldespatos son de color rosado, cuarzo individual y por sectores agrupado, las plagioclasas son blancas. Cuarzo (25%), FPsK (25%), PGLs(35%","Au":null,"Cu":8.0,"As":5.0,"Fe":3.29,"Al":7.57,"K":1.58,"x":450468.0,"y":8818600.0}},{"type":"Feature","geometry":{"type":"Point","coordinates":[-75.45791,-10.63257]},"properties":{"codigo":"22m-RGQ24-006","tipo":"Rocas","hoja":"22-m","region":"Pasco","geologia":"Toba de cristales gris rosada, con cristales redondeados de cuarzo, dentro de una matriz rosada de grano fino, posiblemente composición dacítica.","Au":null,"Cu":34.0,"As":5.0,"Fe":0.93,"Al":7.5,"K":4.07,"x":449915.0,"y":8824610.0}},{"type":"Feature","geometry":{"type":"Point","coordinates":[-75.73427,-11.23068]},"properties":{"codigo":"23l-RGQ24-031","tipo":"Rocas","hoja":"23-l","region":"Junín","geologia":"Toba cristalolítica, que infrayace a conglomerados. Líticos de hasta 1.5 cm. Cristales de cuarzo dentro de una matriz blanquecina.","Au":null,"Cu":2.0,"As":9.0,"Fe":1.68,"Al":5.76,"K":0.66,"x":419846.0,"y":8758414.0}},{"type":"Feature","geometry":{"type":"Point","coordinates":[-75.7644,-11.20353]},"properties":{"codigo":"23l-RGQ24-031A","tipo":"Rocas","hoja":"23-l","region":"Junín","geologia":"Toba cristalolítica, fina; algo silicificada; de color gris a gris verdoso. Inicio del volcanismo Ambo.","Au":null,"Cu":9.0,"As":6.0,"Fe":1.28,"Al":5.64,"K":0.79,"x":416550.0,"y":8761408.0}},{"type":"Feature","geometry":{"type":"Point","coordinates":[-75.576,-11.34707]},"properties":{"codigo":"23l-RGQ24-032","tipo":"Rocas","hoja":"23-l","region":"Junín","geologia":"Sienogranito de grano grueso, con cristales desarrollados de cuarzo y feldespato potásico, además de venillas de especularita.","Au":null,"Cu":3.0,"As":5.0,"Fe":1.44,"Al":7.2,"K":3.33,"x":437149.0,"y":8745582.0}},{"type":"Feature","geometry":{"type":"Point","coordinates":[-75.61286,-11.25794]},"properties":{"codigo":"23l-RGQ24-033","tipo":"Rocas","hoja":"23-l","region":"Junín","geologia":"Sienogranito leucócrata, equigranular de grano medio a grueso; con FPsK rosados (47%), cuarzo (35%), PGLs (13%) y máficos alterados a óxidos de hierro (5%).","Au":null,"Cu":6.0,"As":5.0,"Fe":0.9,"Al":7.67,"K":3.67,"x":433107.0,"y":8755430.0}},{"type":"Feature","geometry":{"type":"Point","coordinates":[-75.55263,-11.16564]},"properties":{"codigo":"23l-RGQ24-034","tipo":"Rocas","hoja":"23-l","region":"Junín","geologia":"Roca intrusiva con alteración de cloritas y venillas de epidota y óxidos. Presenta fenocristales de cuarzo, posiblemente granito rico en cuarzo. El afloramiento está cizallado.","Au":null,"Cu":2.0,"As":14.0,"Fe":4.19,"Al":8.33,"K":1.67,"x":439662.0,"y":8765649.0}},{"type":"Feature","geometry":{"type":"Point","coordinates":[-75.58886,-11.21831]},"properties":{"codigo":"23l-RGQ24-035","tipo":"Rocas","hoja":"23-l","region":"Junín","geologia":"Granito rico en cuarzo, con megacristales de cuarzo y feldespato potásico.","Au":null,"Cu":2.0,"As":5.0,"Fe":1.74,"Al":6.77,"K":3.51,"x":435717.0,"y":8759817.0}},{"type":"Feature","geometry":{"type":"Point","coordinates":[-75.58346,-11.25336]},"properties":{"codigo":"23l-RGQ24-036","tipo":"Rocas","hoja":"23-l","region":"Junín","geologia":"Granito inequigranular de grano grueso, con fenocristales de cuarzo y feldespato potásico.","Au":null,"Cu":3.0,"As":6.0,"Fe":1.31,"Al":6.63,"K":3.77,"x":436315.0,"y":8755943.0}},{"type":"Feature","geometry":{"type":"Point","coordinates":[-75.59203,-11.27251]},"properties":{"codigo":"23l-RGQ24-037","tipo":"Rocas","hoja":"23-l","region":"Junín","geologia":"Roca piroclástica félsica, de grano fino; con aparentes fiames. Cuarzo dentro de un matriz de ceniza, eventualmente biotita (1%) que se notan oxidadas. Posiblemente se trate de un depósito de caída.","Au":null,"Cu":9.0,"As":5.0,"Fe":0.45,"Al":7.74,"K":4.77,"x":435383.0,"y":8753824.0}},{"type":"Feature","geometry":{"type":"Point","coordinates":[-75.55576,-11.29701]},"properties":{"codigo":"23l-RGQ24-038","tipo":"Rocas","hoja":"23-l","region":"Junín","geologia":"Roca intrusiva leucócrata e inequigranular de grano grueso. Cristales desarrollados de FPsK de hasta 1 cm, estos son verdosos y opacos, posiblemente por alteración a cloritas o de la especie Amazonita. Cuarzo (40%), FPsK","Au":null,"Cu":2.0,"As":5.0,"Fe":2.31,"Al":6.93,"K":4.09,"x":439347.0,"y":8751122.0}},{"type":"Feature","geometry":{"type":"Point","coordinates":[-75.55797,-11.33484]},"properties":{"codigo":"23l-RGQ24-039","tipo":"Rocas","hoja":"23-l","region":"Junín","geologia":"Roca intrusiva leucócrata, inequigranular de grano grueso. Cristales desarrollados de hasta 1 cm de FPsK, algo rosados. Feldespatos son verdosos y opacos, posiblemente alterados a clorita o de la especie amazonita. Cuarz","Au":null,"Cu":4.0,"As":16.0,"Fe":1.07,"Al":6.4,"K":3.6,"x":439114.0,"y":8746938.0}},{"type":"Feature","geometry":{"type":"Point","coordinates":[-75.55657,-11.3591]},"properties":{"codigo":"23l-RGQ24-040","tipo":"Rocas","hoja":"23-l","region":"Junín","geologia":"Roca intrusiva leucócrata de textura porfirítica. Cristales desarrollados de PGLs y FPsK (<5 mm). Máficos acumulados, todo dentro de una matriz de cz-FP. Cuarzo (30%), PGLs (35%), FPsK (20%) y máficos (15%). Se advierte ","Au":null,"Cu":6.0,"As":5.0,"Fe":2.77,"Al":6.96,"K":3.19,"x":439272.0,"y":8744256.0}},{"type":"Feature","geometry":{"type":"Point","coordinates":[-75.55924,-11.35149]},"properties":{"codigo":"23l-RGQ24-040A","tipo":"Rocas","hoja":"23-l","region":"Junín","geologia":"Roca piroclástica con fenocristales de cuarzo redondeado y  plagioclasas tabulares. Se tratad e una toba de cristales de composición dacítica.","Au":null,"Cu":3.0,"As":5.0,"Fe":1.53,"Al":6.21,"K":4.56,"x":438979.0,"y":8745097.0}},{"type":"Feature","geometry":{"type":"Point","coordinates":[-75.8183,-11.11782]},"properties":{"codigo":"23l-RGQ24-041","tipo":"Rocas","hoja":"23-l","region":"Junín","geologia":"Monzogranito leucócrata, inequigranular de grano medio a grueso, con cristales desarrollados de hasta 2cm (ocasionalmente) de feldespato potásico blanquecino. Cuarzo (30%), FPsK (30%), PGLs (30%), máficos (10%).","Au":null,"Cu":6.0,"As":5.0,"Fe":2.31,"Al":6.91,"K":3.39,"x":410639.0,"y":8770870.0}},{"type":"Feature","geometry":{"type":"Point","coordinates":[-75.79414,-11.11144]},"properties":{"codigo":"23l-RGQ24-042","tipo":"Rocas","hoja":"23-l","region":"Junín","geologia":"Monzogranito leucócrata, inequigranular de grano medio a grueso, con cristales desarrollados de hasta 2cm (ocasionalmente) de feldespato potásico blanquecino. Cuarzo (30%), FPsK (30%), PGLs (30%), máficos (10%).","Au":null,"Cu":7.0,"As":5.0,"Fe":1.7,"Al":6.98,"K":2.75,"x":413275.0,"y":8771583.0}},{"type":"Feature","geometry":{"type":"Point","coordinates":[-75.76637,-11.0934]},"properties":{"codigo":"23l-RGQ24-043","tipo":"Rocas","hoja":"23-l","region":"Junín","geologia":"Monzogranito leucócrata, inequigranular de grano medio a grueso, con cristales desarrollados de hasta 2cm (ocasionalmente) de feldespato potásico blanquecino. Cuarzo (30%), FPsK (30%), PGLs (30%), máficos (10%).","Au":null,"Cu":19.0,"As":5.0,"Fe":3.36,"Al":6.53,"K":2.62,"x":416303.0,"y":8773585.0}},{"type":"Feature","geometry":{"type":"Point","coordinates":[-75.55576,-11.29701]},"properties":{"codigo":"23l-RGQ24-044","tipo":"Rocas","hoja":"23-l","region":"Junín","geologia":"Roca intrusiva leucócrata, inequigranular de grano grueso. Cristales desarrollados de hasta 1 cm de FPsK, algo rosados. Feldespatos son verdosos y opacos, posiblemente alterados a clorita o de la especie amazonita. Cuarz","Au":null,"Cu":2.0,"As":5.0,"Fe":2.24,"Al":6.43,"K":3.51,"x":439347.0,"y":8751122.0}},{"type":"Feature","geometry":{"type":"Point","coordinates":[-75.93943,-10.36178]},"properties":{"codigo":"21l-RGQ24-002","tipo":"Rocas","hoja":"21-l","region":"Huánuco","geologia":"Roca ígnea intrusiva color gris oscuro, textura granular con cuarzo ? 15 %, plagioclasas ? 30 % y biotitas anhedrales alterandose a cloritas. Presenta magnetismo moderado. Óxidos de hierro y pirita en fracturas y en matr","Au":0.027,"Cu":28.0,"As":5.0,"Fe":9.33,"Al":7.99,"K":0.59,"x":397154.0,"y":8854436.0}},{"type":"Feature","geometry":{"type":"Point","coordinates":[-75.60408,-10.46266]},"properties":{"codigo":"21l-RGQ24-006","tipo":"Rocas","hoja":"21-l","region":"Pasco","geologia":"Roca ígnea intrusiva, color blanquecina, textura obliterada con relictos de cuarzo = 50 %, plagiclasas = 30 %, biotitas anhedrales y plagioclasas alterandose a arcillas (argilización). Asociada a la unidad San Ramón??","Au":null,"Cu":3.0,"As":5.0,"Fe":2.14,"Al":10.88,"K":2.34,"x":433890.0,"y":8843370.0}},{"type":"Feature","geometry":{"type":"Point","coordinates":[-75.6692,-10.37725]},"properties":{"codigo":"21l-RGQ24-008","tipo":"Rocas","hoja":"21-l","region":"Pasco","geologia":"Roca ígnea intrusiva color gris, textura granular con cuarzo ? 40 %, plagioclasas ? 30 %, feldespatos potásicos ? 10 % y biotitas anhedrales, presenta óxidos de hierro entre fracturas, roca deleznable con argilización.","Au":null,"Cu":77.0,"As":8.0,"Fe":2.36,"Al":19.14,"K":1.15,"x":426743.0,"y":8852800.0}},{"type":"Feature","geometry":{"type":"Point","coordinates":[-75.67865,-10.35898]},"properties":{"codigo":"21l-RGQ24-009","tipo":"Rocas","hoja":"21-l","region":"Pasco","geologia":"Roca ígnea intrusiva, color blanquecina, textura porfirítica con cuarzo = 40 %, plagioclasas ? 30 %, biotitas anhedrales y feldesapatos K = 20 %, presenta óxidos de hierro entre las fracturas, roca deleznable.","Au":null,"Cu":14.0,"As":7.0,"Fe":3.63,"Al":17.8,"K":1.48,"x":425705.0,"y":8854818.0}},{"type":"Feature","geometry":{"type":"Point","coordinates":[-75.9306,-10.40968]},"properties":{"codigo":"21l-RGQ24-011","tipo":"Rocas","hoja":"21-l","region":"Huánuco","geologia":"Roca ígnea intrusiva, color gris claro, textura granular, roca compacta silicificada con cuarzo = 10 %, plagioclasa ? 40 %, biotitas anhedrales, presenta abundante pirita cúbica y disseminada con venillas de epídota y cl","Au":0.027,"Cu":2.0,"As":7.0,"Fe":2.32,"Al":8.37,"K":4.28,"x":398137.0,"y":8849142.0}},{"type":"Feature","geometry":{"type":"Point","coordinates":[-75.57074,-10.48253]},"properties":{"codigo":"21l-RGQ24-012","tipo":"Rocas","hoja":"21-l","region":"Pasco","geologia":"Roca ígnea intrusiva, color gris claro, textura obliterada con relictos de cuarzo subhedral y biotitas anhedrales; tamaño del cuarzo: 0.5 - 1 cm, roca deleznable. Presenta clorita entre las fracturas.","Au":null,"Cu":2.0,"As":5.0,"Fe":2.48,"Al":11.68,"K":1.43,"x":437543.0,"y":8841180.0}},{"type":"Feature","geometry":{"type":"Point","coordinates":[-75.53851,-10.47115]},"properties":{"codigo":"21l-RGQ24-013","tipo":"Rocas","hoja":"21-l","region":"Pasco","geologia":"Roca ígnea intrusiva, color blanquecina, textura obliterada con relictos de cuarzo subhedral color hialino (cuarzo ? 40 %), plagioclasas = 20 % alterandose a arcillas finas blanquecinas (argilización moderada). Presenta ","Au":null,"Cu":5.0,"As":5.0,"Fe":2.25,"Al":12.77,"K":1.48,"x":441068.0,"y":8842444.0}},{"type":"Feature","geometry":{"type":"Point","coordinates":[-75.65401,-10.37312]},"properties":{"codigo":"21l-RGQ24-014","tipo":"Rocas","hoja":"21-l","region":"Pasco","geologia":"Roca íngea intrusiva, color blanquecina, textura porfirítica con cuarzo ? 30 %, feldespato K = 30 %, plagioclasas = 40 %, biotitas anhedrales y óxidós de hierros, asociada al granito rico en cuarzo del Plutón San Juán. R","Au":null,"Cu":9.0,"As":5.0,"Fe":1.36,"Al":15.79,"K":0.98,"x":428405.0,"y":8853260.0}},{"type":"Feature","geometry":{"type":"Point","coordinates":[-75.63043,-10.38308]},"properties":{"codigo":"21l-RGQ24-015","tipo":"Rocas","hoja":"21-l","region":"Pasco","geologia":"Roca ígnea intrusiva blanquecina con tonalidades rojizas, textura granular, cuarzo = 30 %, plagioclasas = 40%, feldespato K = 30 %, biotitas subhedrales - anhedrales, roca fracturada y deleznable (argilización), presenta","Au":null,"Cu":8.0,"As":26.0,"Fe":0.76,"Al":7.03,"K":2.26,"x":430989.0,"y":8852164.0}},{"type":"Feature","geometry":{"type":"Point","coordinates":[-75.61542,-10.37537]},"properties":{"codigo":"21l-RGQ24-016","tipo":"Rocas","hoja":"21-l","region":"Pasco","geologia":"Roca ígnea intrusiva, color blanquecina con tonalidades rojizas, textura porfirítica granular, cuarzo 40 %, plagioclasas, feldespatos potásicos 40 % y biotitas anhedrales. Presencia de alteración argílica y óxidos de hie","Au":null,"Cu":11.0,"As":5.0,"Fe":0.52,"Al":10.02,"K":4.36,"x":432630.0,"y":8853020.0}},{"type":"Feature","geometry":{"type":"Point","coordinates":[-75.48781,-10.49214]},"properties":{"codigo":"21m-RGQ24-001","tipo":"Rocas","hoja":"21-m","region":"Pasco","geologia":"Roca intrusiva, color blanquecina, textura obliterada con relictos de cuarzo ? 45 %, plagioclasas = 20 % alterandose a arcillas (argilización), feldespato K ? 5 %. Cuarzo hialino de 1 a 2 cm, biotitas anhedrales. Asociad","Au":null,"Cu":3.0,"As":5.0,"Fe":2.38,"Al":8.17,"K":2.65,"x":446620.0,"y":8840133.0}},{"type":"Feature","geometry":{"type":"Point","coordinates":[-75.72562,-10.92047]},"properties":{"codigo":"22l-RGQ24-001","tipo":"Rocas","hoja":"22-l","region":"Junín","geologia":"Roca volcánica sedimentaria color gris, textura granular de grano fino, roca silicificada con mineralización de Cu (calcopirita y pirita) y óxidos de hierro. Ganga de cuarzo.","Au":0.027,"Cu":2.0,"As":6.0,"Fe":1.53,"Al":7.78,"K":3.32,"x":420707.0,"y":8792719.0}},{"type":"Feature","geometry":{"type":"Point","coordinates":[-75.72484,-10.92051]},"properties":{"codigo":"22l-RGQ24-001a","tipo":"Rocas","hoja":"22-l","region":"Junín","geologia":"Muestra de roca de cancha de mineral, fragmentos de roca intrusiva color rojiza, textura brechada con diseminaciones de Au y Cu con abundantes óxidos de hierro (hematita, goethita y jarosita). Se observa pirita cúbica, v","Au":13.667,"Cu":144.0,"As":17432.0,"Fe":18.93,"Al":2.88,"K":1.02,"x":420793.0,"y":8792715.0}},{"type":"Feature","geometry":{"type":"Point","coordinates":[-75.72559,-10.91961]},"properties":{"codigo":"22l-RGQ24-001b","tipo":"Rocas","hoja":"22-l","region":"Junín","geologia":"Muestra de roca de cancha de mineral, fragmentos de roca brechada con clastos subangulosos de intrusivo y cuarzo, presenta pirita, calcopirita, malaquita, calcantita y óxoidos de hierro (hematita, goethita y jarosita), p","Au":1.262,"Cu":14385.0,"As":1129.0,"Fe":2.85,"Al":2.52,"K":1.4,"x":420710.0,"y":8792814.0}},{"type":"Feature","geometry":{"type":"Point","coordinates":[-75.62284,-10.89346]},"properties":{"codigo":"22l-RGQ24-008","tipo":"Rocas","hoja":"22-l","region":"Junín","geologia":"Roca ígnea intrusiva, color gris blanquecina, tonalidad leucócrata, geometría tabular, textura pegmatítica granular. Cristales de cuarzo hialino subhedral ? 30 %, feldespato potásico subhedral ? 15 %, biotita anhedral ? ","Au":null,"Cu":28.0,"As":9.0,"Fe":1.44,"Al":7.92,"K":3.66,"x":431933.0,"y":8795731.0}},{"type":"Feature","geometry":{"type":"Point","coordinates":[-75.62583,-10.88336]},"properties":{"codigo":"22l-RGQ24-008a","tipo":"Rocas","hoja":"22-l","region":"Junín","geologia":"Roca ígnea intrusiva color gris blanquecino, tonalidad leocrácata, geometría tabular, textura pemagtítica. Grandes cristales de cuarzo hialino subhedral ? 30 %, feldespato potásico anhedral ? 10 % y biotita ? 5 % alteran","Au":null,"Cu":15.0,"As":7.0,"Fe":2.88,"Al":6.68,"K":0.82,"x":431604.0,"y":8796847.0}},{"type":"Feature","geometry":{"type":"Point","coordinates":[-75.78288,-10.89757]},"properties":{"codigo":"22l-RGQ24-010","tipo":"Rocas","hoja":"22-l","region":"Junín","geologia":"Roca ígnea intrusiva color blanquecina con tonalidades verdosas, geometría tabular, textura porfirítica granular, cuarzo ? 25 %, plagioclasas > 30 %, biotitas anhedrales alterando a clorita, presenta pirita y óxidos de h","Au":0.027,"Cu":4.0,"As":10.0,"Fe":2.68,"Al":8.51,"K":2.61,"x":414443.0,"y":8795236.0}},{"type":"Feature","geometry":{"type":"Point","coordinates":[-75.77845,-10.90024]},"properties":{"codigo":"22l-RGQ24-010a","tipo":"Rocas","hoja":"22-l","region":"Junín","geologia":"Roca color gris con tonalidades rojizas, textura afanítica, granular fina (seudo afanítica), alteración moderada de silicificación con mineralización diseminada de pirita y calcopirita (0.5 %) en partes, se presenta en l","Au":null,"Cu":579.0,"As":4132.0,"Fe":6.29,"Al":7.3,"K":1.72,"x":414928.0,"y":8794942.0}},{"type":"Feature","geometry":{"type":"Point","coordinates":[-75.80113,-10.7384]},"properties":{"codigo":"22l-RGQ24-011","tipo":"Rocas","hoja":"22-l","region":"Pasco","geologia":"Roca, color gris con tonalidades verdosas, textura obliterada, con presencia de clorita y epídota en matriz y venillas, débil alteración argílica con presencia de óxidos de hierro (hematita-goethita). Seudoestratificació","Au":null,"Cu":101.0,"As":40.0,"Fe":7.39,"Al":9.18,"K":1.62,"x":412402.0,"y":8812831.0}},{"type":"Feature","geometry":{"type":"Point","coordinates":[-75.7997,-10.74154]},"properties":{"codigo":"22l-RGQ24-011a","tipo":"Rocas","hoja":"22-l","region":"Pasco","geologia":"Roca ígnea volcánica, color gris con tonalidades verdosas, textura obliterada, relictos de biotitas anhedrales con óxidos de hierro moderado en fractura y matriz. Fracturamiento 1: S65°W/55°NE y fracturamiento 2: S70°W/3","Au":null,"Cu":128.0,"As":18.0,"Fe":5.84,"Al":9.19,"K":1.31,"x":412560.0,"y":8812485.0}},{"type":"Feature","geometry":{"type":"Point","coordinates":[-75.69335,-10.70704]},"properties":{"codigo":"22l-RGQ24-015","tipo":"Rocas","hoja":"22-l","region":"Pasco","geologia":"Roca ígnea intrusiva, color blanquecina, textura fanerítica granular, cuarzo ? 45%, plagioclasas ? 30% con biotitas anhedrales. Asociado al monzogranito rico en biotitas y anfibol, presenta magnetismo moderado. Diaclasa ","Au":null,"Cu":71.0,"As":5.0,"Fe":4.7,"Al":8.91,"K":1.09,"x":424180.0,"y":8816328.0}},{"type":"Feature","geometry":{"type":"Point","coordinates":[-75.68513,-10.84907]},"properties":{"codigo":"22l-RGQ24-016","tipo":"Rocas","hoja":"22-l","region":"Junín","geologia":"Roca ígnea intrusiva, color gris blanquecina, textura porfirítica granular, con cuarzo ? 45%, plagioclasas ? 25%, biotitas anhedrales alterandose a cloritas, presencia de alteración argílica selectiva, posiblemente monzo","Au":null,"Cu":2.0,"As":5.0,"Fe":1.18,"Al":6.76,"K":2.22,"x":425114.0,"y":8800625.0}},{"type":"Feature","geometry":{"type":"Point","coordinates":[-75.88672,-10.75877]},"properties":{"codigo":"22l-RGQ24-017","tipo":"Rocas","hoja":"22-l","region":"Pasco","geologia":"Roca ígnea intrusiva, color blanquecino, geometría tabular, textura granular, Qz ? 30%, plagioclasas = 10 %, feldespatos K = 5%, con biotitas anhedrales y presencia de óxidos de hierro. Diaclasas S50°E/90°","Au":null,"Cu":2.0,"As":5.0,"Fe":0.69,"Al":6.26,"K":3.85,"x":403050.0,"y":8810553.0}},{"type":"Feature","geometry":{"type":"Point","coordinates":[-75.85244,-10.71791]},"properties":{"codigo":"22l-RGQ24-018","tipo":"Rocas","hoja":"22-l","region":"Pasco","geologia":"Roca ígnea intrusiva, color gris claro, geometría tabular, textura granular con cuarzo hialino ? 30%, plagioclasas: biotitas anhedrales-subhedrales alterandose a cloritas. Presencia de cristales de cuarzo ? 1 cm. Presenc","Au":null,"Cu":2.0,"As":5.0,"Fe":1.89,"Al":6.58,"K":1.34,"x":406785.0,"y":8815082.0}},{"type":"Feature","geometry":{"type":"Point","coordinates":[-75.6584,-10.8673]},"properties":{"codigo":"22l-RGQ24-021","tipo":"Rocas","hoja":"22-l","region":"Junín","geologia":"Roca ígnea intrusiva, color blanquecina con tonalidades verdosas, textura granular, cuarzo ? 45%, plagioclasas = 30%, biotitas y horblendas anhedrales en parte subtabulares. Alteración propilítica con sobreimposición de ","Au":null,"Cu":2.0,"As":5.0,"Fe":2.78,"Al":7.55,"K":1.99,"x":428040.0,"y":8798615.0}},{"type":"Feature","geometry":{"type":"Point","coordinates":[-75.58562,-10.67817]},"properties":{"codigo":"22l-RGQ24-022","tipo":"Rocas","hoja":"22-l","region":"Pasco","geologia":"Roca ígnea intrusiva, color blanquecina, textura granular de grano grueso, presenta cuarzo= 40%, feldespatos K = 40%, asociado a un sienogranito de unidad no identificada.","Au":null,"Cu":5.0,"As":5.0,"Fe":0.82,"Al":7.28,"K":3.82,"x":435955.0,"y":8819544.0}},{"type":"Feature","geometry":{"type":"Point","coordinates":[-75.59234,-10.68862]},"properties":{"codigo":"22l-RGQ24-023","tipo":"Rocas","hoja":"22-l","region":"Pasco","geologia":"Roca ígnea intrusiva, color blanquecina con tonalidades rojizas, geometria tabular, textura granular de grano grueso con cuarzo = 40%, feldespatos K = 40%, plagioclasas = 20%. Presenta biotitas anhedrales y óxidos de hie","Au":null,"Cu":7.0,"As":5.0,"Fe":1.45,"Al":8.17,"K":3.42,"x":435222.0,"y":8818387.0}},{"type":"Feature","geometry":{"type":"Point","coordinates":[-75.83817,-10.77912]},"properties":{"codigo":"22l-RGQ24-025","tipo":"Rocas","hoja":"22-l","region":"Pasco","geologia":"Roca ígnea intrusiva, color gris claro, con tonalidades verdosas, textura fanerítica, biotitas alterandose a cloritas, cuarzo = 25%, plagioclasas = 45%, biotita y horblendas anhedrales > 20%, presencia débil de óxidos de","Au":null,"Cu":14.0,"As":13.0,"Fe":4.81,"Al":8.47,"K":1.9,"x":408364.0,"y":8808318.0}},{"type":"Feature","geometry":{"type":"Point","coordinates":[-75.74333,-10.94082]},"properties":{"codigo":"22l-RGQ24-027","tipo":"Rocas","hoja":"22-l","region":"Junín","geologia":"Roca ígnea intrusiva, color gris claro, con tonalidades verdosas, textura porfirítica con cuarzo < 30%, plagioclasas ? 50%, biotitas anhedrales alterandose a cloritas, óxidos de hierros en fracturas, sin alteración.","Au":null,"Cu":4.0,"As":6.0,"Fe":3.23,"Al":8.44,"K":1.79,"x":418778.0,"y":8790464.0}},{"type":"Feature","geometry":{"type":"Point","coordinates":[-75.77064,-10.80437]},"properties":{"codigo":"22l-RGQ24-033","tipo":"Rocas","hoja":"22-l","region":"Pasco","geologia":"Roca ígnea intrusiva color blanquecina, geometría tabular, textura granular porfirítica obliterada con cuarzo ? 45%, plagioclasas > 25%, biotitas anhedrales, presenta alteración argílicia selectiva, mineralización de pir","Au":null,"Cu":2.0,"As":5.0,"Fe":1.3,"Al":9.36,"K":0.28,"x":415755.0,"y":8805545.0}},{"type":"Feature","geometry":{"type":"Point","coordinates":[-75.83143,-10.85234]},"properties":{"codigo":"22l-RGQ24-034","tipo":"Rocas","hoja":"22-l","region":"Pasco","geologia":"Roca ígnea intrusiva color gris claro, textura porfirítica con horblendas > 10 % y biotitas alterándose a clorita, asociado a un granito rico en cuarzo. Alteración propilitica débil y trazas de calcopirita. Se observa ca","Au":0.027,"Cu":12.0,"As":14.0,"Fe":6.39,"Al":9.0,"K":1.27,"x":409123.0,"y":8800223.0}},{"type":"Feature","geometry":{"type":"Point","coordinates":[-75.63645,-10.84185]},"properties":{"codigo":"22l-RGQ24-036","tipo":"Rocas","hoja":"22-l","region":"Junín","geologia":"Roca ígnea intrusiva con tonalidades rojizas, color mesócrata, geometría tabular, textura granular. Grandres cristales de cuarzo subredondeados sobre matriz feldespato potásico anhedrales, plagioclasa en forma alargada.","Au":null,"Cu":2.0,"As":16.0,"Fe":1.03,"Al":7.25,"K":5.28,"x":430434.0,"y":8801435.0}},{"type":"Feature","geometry":{"type":"Point","coordinates":[-75.7815,-10.85767]},"properties":{"codigo":"22l-RGQ24-037","tipo":"Rocas","hoja":"22-l","region":"Junín","geologia":"Roca ígnea intrusiva color blanquecina, textura fanerítica compacta con cuarzo ? 20 %, plagioclasas ? 35%, horblendas subhedrales y biotitas anhedrales alterándose a cloritas, posiblemente granodiorita. Diaclasa N50°W / ","Au":null,"Cu":2.0,"As":6.0,"Fe":3.63,"Al":7.9,"K":1.41,"x":414583.0,"y":8799648.0}},{"type":"Feature","geometry":{"type":"Point","coordinates":[-75.76289,-10.83093]},"properties":{"codigo":"22l-RGQ24-037a","tipo":"Rocas","hoja":"22-l","region":"Junín","geologia":"Roca ígnea intrusiva color gris con tonalidades rojizas, geometría tabular, textura obliterada relictos de textura porfirítica, con abundantes oxidos de hierro (hematita, goethita y jarosita), además se identifica presen","Au":0.027,"Cu":2.0,"As":7.0,"Fe":2.39,"Al":7.45,"K":3.33,"x":416610.0,"y":8802610.0}},{"type":"Feature","geometry":{"type":"Point","coordinates":[-75.64241,-10.724]},"properties":{"codigo":"22l-RGQ24-038","tipo":"Rocas","hoja":"22-l","region":"Pasco","geologia":"Roca ígnea intrusiva, color gris, textura granular con Qz, feldespatos K, plagiolcasas con biotitas anhedrales. Presenta venillas de cuarzo y óxidos de hierro entre cruzadas, alteración propilítica con argílica selectiva","Au":null,"Cu":92.0,"As":14.0,"Fe":8.72,"Al":7.97,"K":0.73,"x":429755.0,"y":8814465.0}},{"type":"Feature","geometry":{"type":"Point","coordinates":[-75.65925,-10.89792]},"properties":{"codigo":"22l-RGQ24-039","tipo":"Rocas","hoja":"22-l","region":"Junín","geologia":"Roca ígnea intrusiva color blanquecina, geometría tabular, textura granular de grano grueso, con cristales desarrolados de cuarzo, biotitas y horblendas anhedrales, con alterción argílica selectiva y óxidos de hierro.","Au":null,"Cu":5.0,"As":5.0,"Fe":2.83,"Al":7.38,"K":2.12,"x":427955.0,"y":8795229.0}},{"type":"Feature","geometry":{"type":"Point","coordinates":[-75.50405,-10.63609]},"properties":{"codigo":"22l-RGQ24-040","tipo":"Rocas","hoja":"22-l","region":"Pasco","geologia":"Roca ígnea intrusiva, color rosado, textura granular de grano grueso, feldeaptos K ? 40 %, cuarzo ? 40%, plagioclasas y biotitas anhedrales. Roca deleznable con óxidos de hierros débil a moderado entre las fracturas. Alt","Au":null,"Cu":7.0,"As":5.0,"Fe":1.61,"Al":14.33,"K":4.4,"x":444868.0,"y":8824213.0}},{"type":"Feature","geometry":{"type":"Point","coordinates":[-75.76732,-10.86684]},"properties":{"codigo":"22l-RGQ24-064","tipo":"Rocas","hoja":"22-l","region":"Junín","geologia":"Roca ígnea intrusiva, color blanquecina, geometría tabular, textura porfirítica granular silicificada con óxidos de hierro en matriz y fracturas, cortada por venillas de cuarzo blanquecino.","Au":null,"Cu":2.0,"As":32.0,"Fe":2.01,"Al":2.43,"K":0.66,"x":416135.0,"y":8798638.0}},{"type":"Feature","geometry":{"type":"Point","coordinates":[-75.59153,-10.71182]},"properties":{"codigo":"22l-RGQ24-065","tipo":"Rocas","hoja":"22-l","region":"Pasco","geologia":"Roca ígnea intrusiva, color gris con tonalidades rojizas, textura granular, grano medio a grueso, asociada al sienogranito de la unidad, zona de falla, racturamiento intenso con clorita y óxidos de hierro. Presenta un fl","Au":null,"Cu":4.0,"As":5.0,"Fe":1.6,"Al":8.26,"K":3.31,"x":435316.0,"y":8815822.0}},{"type":"Feature","geometry":{"type":"Point","coordinates":[-75.71492,-10.71999]},"properties":{"codigo":"22l-RGQ24-066","tipo":"Rocas","hoja":"22-l","region":"Pasco","geologia":"Roca ígnea intrusiva compacta de color gris claro con textura propilítica constituida por cuarzo, plagioclasas, feldespatos potásicos, posee magnetismo moderado. Asociado al monzogranito de la unidad Quiparacra.","Au":null,"Cu":53.0,"As":5.0,"Fe":3.96,"Al":7.87,"K":2.27,"x":421825.0,"y":8814890.0}},{"type":"Feature","geometry":{"type":"Point","coordinates":[-75.91417,-10.81603]},"properties":{"codigo":"22l-RGQ24-067","tipo":"Rocas","hoja":"22-l","region":"Pasco","geologia":"Roca metamórfica, color gris con tonalidades verdosas, textura foliada, óxidos de hierro en fracturas. Presenta vetillas de cuarzo lechoso con rumbo N-S, contiene pirita lixiviada asociada a esquistos, gneis del Complejo","Au":null,"Cu":23.0,"As":18.0,"Fe":5.35,"Al":9.22,"K":3.24,"x":400067.0,"y":8804213.0}},{"type":"Feature","geometry":{"type":"Point","coordinates":[-75.88998,-10.83681]},"properties":{"codigo":"22l-RGQ24-068","tipo":"Rocas","hoja":"22-l","region":"Pasco","geologia":"Roca ígnea intrusiva color gris claro, textura porfirítica granular, biotitas anhedrales alterandose a cloritas, cuarzo > 20%, presenta epídota en matriz y venillas, asociada a una tonalita. Alteración propilítica débil ","Au":null,"Cu":9.0,"As":10.0,"Fe":3.15,"Al":7.7,"K":2.46,"x":402718.0,"y":8801922.0}},{"type":"Feature","geometry":{"type":"Point","coordinates":[-75.6501,-10.85264]},"properties":{"codigo":"22l-RGQ24-069","tipo":"Rocas","hoja":"22-l","region":"Junín","geologia":"Roca volcánica sedimentaria color gris, geometría tabular, textura granular de grano medio a fino, presenta óxidos de hierro entre las fracturas. Fractura N30°E/80°NW.","Au":null,"Cu":13.0,"As":5.0,"Fe":1.2,"Al":6.57,"K":4.22,"x":428944.0,"y":8800238.0}},{"type":"Feature","geometry":{"type":"Point","coordinates":[-75.45511,-10.6278]},"properties":{"codigo":"22m-RGQ24-009","tipo":"Rocas","hoja":"22-m","region":"Pasco","geologia":"Roca volcánica tabular, color rojiza textura porfirítica con plagioclasas alteradas a arcillas y xeonlitos de roca granular con óxidos de hierro entre las fracturas. Posiblemente dacita?.","Au":null,"Cu":5.0,"As":9.0,"Fe":1.32,"Al":10.14,"K":4.93,"x":450220.0,"y":8825138.0}},{"type":"Feature","geometry":{"type":"Point","coordinates":[-75.47185,-10.74207]},"properties":{"codigo":"22m-RGQ24-010","tipo":"Rocas","hoja":"22-m","region":"Pasco","geologia":"Roca ígnea intrusiva, color rosado claro, textura granular con cuarzo= 50%, feldespatos K = 40% y biotitas anhedrales, asociada al sienogranito San Ramón. Presenta argilización y óxidos de hierro.","Au":null,"Cu":4.0,"As":5.0,"Fe":1.23,"Al":8.19,"K":3.99,"x":448408.0,"y":8812500.0}},{"type":"Feature","geometry":{"type":"Point","coordinates":[-75.43735,-10.67236]},"properties":{"codigo":"22m-RGQ24-011","tipo":"Rocas","hoja":"22-m","region":"Pasco","geologia":"Roca ígnea intrusiva, color gris, textura porfirítica con cuarzo ? 40 %, plagioclasas ? 25% y biotitas subhedrales - Anhedrales (20%) asociada al monzogranito San Ramón. Cortada por venillas de cuarzo (0.5 - 1 cm) subpar","Au":null,"Cu":146.0,"As":5.0,"Fe":5.03,"Al":10.85,"K":0.62,"x":452170.0,"y":8820214.0}},{"type":"Feature","geometry":{"type":"Point","coordinates":[-75.90912,-10.66233]},"properties":{"codigo":"22l-RGQ24-070","tipo":"Rocas","hoja":"22-l","region":"Pasco","geologia":"Vetilla tipo relleno de falla conformada por cuarzo blanco con venilla de pirita en sutura centrada. N340/60 SW y de ancho 8 cm. Roca caja Monzogranito","Au":4.419,"Cu":174.0,"As":214.0,"Fe":11.69,"Al":2.56,"K":1.3,"x":400569.0,"y":8821210.0}},{"type":"Feature","geometry":{"type":"Point","coordinates":[-75.90912,-10.66233]},"properties":{"codigo":"22l-RGQ24-071","tipo":"Rocas","hoja":"22-l","region":"Pasco","geologia":"Vetilla  tipo relleno de falla conformada por cuarzo blanco con venilla de pirita en sutura centrada. N340/60 SW y de ancho 8 cm. Roca caja Monzogranito.","Au":9.5,"Cu":473.0,"As":113.0,"Fe":14.51,"Al":3.62,"K":1.65,"x":400569.0,"y":8821210.0}},{"type":"Feature","geometry":{"type":"Point","coordinates":[-75.82518,-10.35777]},"properties":{"codigo":"21l-RGQ24-017","tipo":"Rocas","hoja":"21-l","region":"Pasco","geologia":"Veta de cuarzo textuta masiva con hilos de goethita-jarosita con diseminados de muscovita. Rb N280/25 NE. Ancho 0.80 m.","Au":0.027,"Cu":6.0,"As":89.0,"Fe":0.36,"Al":8.01,"K":1.0,"x":409662.0,"y":8854914.0}},{"type":"Feature","geometry":{"type":"Point","coordinates":[-75.82518,-10.35777]},"properties":{"codigo":"21l-RGQ24-018","tipo":"Rocas","hoja":"21-l","region":"Pasco","geologia":"Veta de cuarzo textura masiva con hilos de goethita-jarosita con diseminados de muscovita.  Rb N260/25 NW. Ancho 0.70 m.","Au":0.027,"Cu":9.0,"As":42.0,"Fe":0.45,"Al":8.85,"K":1.65,"x":409662.0,"y":8854914.0}},{"type":"Feature","geometry":{"type":"Point","coordinates":[-75.82521,-10.35724]},"properties":{"codigo":"21l-RGQ24-019","tipo":"Rocas","hoja":"21-l","region":"Pasco","geologia":" Diorita a Monzogranito color gris verdoso textura equigranular, tamaño del grano fino a medio con presencia de biotitas cloritizadas. ","Au":null,"Cu":3.0,"As":14.0,"Fe":3.84,"Al":7.47,"K":1.14,"x":409658.0,"y":8854972.0}},{"type":"Feature","geometry":{"type":"Point","coordinates":[-75.82522,-10.35637]},"properties":{"codigo":"21l-RGQ24-020","tipo":"Rocas","hoja":"21-l","region":"Pasco","geologia":"Veta de cuarzo de textura bandeada con hilos de goethita-jarosita. Rb N140/ 80SW. Ancho 0.25 m.","Au":49.0,"Cu":11.0,"As":1084.0,"Fe":2.54,"Al":2.23,"K":0.42,"x":409657.0,"y":8855069.0}},{"type":"Feature","geometry":{"type":"Point","coordinates":[-75.92563,-10.62701]},"properties":{"codigo":"22l-RGQ24-072","tipo":"Rocas","hoja":"22-l","region":"Pasco","geologia":"Veta de cuarzo de textura bandeada con hilos de goethita-jarosita. Rb N310/ 75SW. Ancho 0.25 m.","Au":0.552,"Cu":5.0,"As":31.0,"Fe":2.53,"Al":3.11,"K":1.3,"x":398752.0,"y":8825111.0}},{"type":"Feature","geometry":{"type":"Point","coordinates":[-75.92563,-10.62701]},"properties":{"codigo":"22l-RGQ24-073","tipo":"Rocas","hoja":"22-l","region":"Pasco","geologia":"Monzogranito color gris blanquecino, con textura inequigranular con fenocristales de plagioclasas y biotitas anhedrales. ","Au":null,"Cu":137.0,"As":177.0,"Fe":14.39,"Al":3.06,"K":1.47,"x":398752.0,"y":8825111.0}},{"type":"Feature","geometry":{"type":"Point","coordinates":[-75.92755,-10.62726]},"properties":{"codigo":"22l-RGQ24-075","tipo":"Rocas","hoja":"22-l","region":"Pasco","geologia":"Veta de cuarzo, textura bandeada con venillas de pirita-esfalerita-goethita-jarosita. Rb N320/ 75°SW, ancho 0.30 m.","Au":10.667,"Cu":177.0,"As":28.0,"Fe":4.16,"Al":3.0,"K":1.28,"x":398541.0,"y":8825083.0}},{"type":"Feature","geometry":{"type":"Point","coordinates":[-75.92755,-10.62726]},"properties":{"codigo":"22l-RGQ24-076","tipo":"Rocas","hoja":"22-l","region":"Pasco","geologia":"Veta de cuarzo, textura bandeada con hilos de pirita-goethita-jarosita. Rb N320/ 75°NE, ancho 0.25 m.","Au":39.5,"Cu":571.0,"As":48.0,"Fe":5.87,"Al":0.73,"K":0.31,"x":398541.0,"y":8825083.0}},{"type":"Feature","geometry":{"type":"Point","coordinates":[-75.92755,-10.62726]},"properties":{"codigo":"22l-RGQ24-077","tipo":"Rocas","hoja":"22-l","region":"Pasco","geologia":"Veta de cuarzo, textura bandeada con hilos de pirita-goethita-jarosita. Rb N320/ 70°NE, ancho 0.15 m.","Au":9.835,"Cu":273.0,"As":42.0,"Fe":4.51,"Al":0.64,"K":0.3,"x":398541.0,"y":8825083.0}},{"type":"Feature","geometry":{"type":"Point","coordinates":[-75.89083,-10.67793]},"properties":{"codigo":"22l-RGQ24-078","tipo":"Rocas","hoja":"22-l","region":"Pasco","geologia":"Veta de cuarzo, textura bandeada con hilos de pirita-goethita-jarosita. Rb N320/ 70°NE, ancho 0.15 m.","Au":0.393,"Cu":352.0,"As":9.0,"Fe":1.05,"Al":3.65,"K":1.84,"x":402574.0,"y":8819491.0}},{"type":"Feature","geometry":{"type":"Point","coordinates":[-75.89083,-10.67793]},"properties":{"codigo":"22l-RGQ24-078a","tipo":"Rocas","hoja":"22-l","region":"Pasco","geologia":"Monzogranito color gris blanquecino, textura inequigranular con fenocristales de plagioclasas, biotitas anhedrales. ","Au":null,"Cu":7.0,"As":5.0,"Fe":1.8,"Al":6.28,"K":2.15,"x":402574.0,"y":8819491.0}},{"type":"Feature","geometry":{"type":"Point","coordinates":[-75.93025,-10.62826]},"properties":{"codigo":"22l-RGQ24-080","tipo":"Rocas","hoja":"22-l","region":"Pasco","geologia":"Veta de cuarzo, textura bandeada con hilos de hematita-jarosita. Rb N35°/ 75°SE, ancho 0.15 m.","Au":1.039,"Cu":4.0,"As":153.0,"Fe":1.37,"Al":4.33,"K":1.6,"x":398247.0,"y":8824971.0}},{"type":"Feature","geometry":{"type":"Point","coordinates":[-75.82637,-10.38511]},"properties":{"codigo":"21l-RGQ24-021","tipo":"Rocas","hoja":"21-l","region":"Pasco","geologia":"Veta de cuarzo blanco, textura bandeada con venillas sílice gris con diseminados de pirita fn. Rb N340/ 80NE, ancho 0.40 m.","Au":12.667,"Cu":124.0,"As":1454.0,"Fe":1.27,"Al":2.36,"K":1.05,"x":409539.0,"y":8851890.0}},{"type":"Feature","geometry":{"type":"Point","coordinates":[-75.82637,-10.38511]},"properties":{"codigo":"21l-RGQ24-022","tipo":"Rocas","hoja":"21-l","region":"Pasco","geologia":"Veta de cuarzo blanco masivo con parches de óxidos goethita-hematita y diseminados de muscovita. N350°/65°NE, ancho 0.60 m.","Au":0.027,"Cu":7.0,"As":5.0,"Fe":0.42,"Al":0.84,"K":0.35,"x":409539.0,"y":8851890.0}},{"type":"Feature","geometry":{"type":"Point","coordinates":[-75.82637,-10.38511]},"properties":{"codigo":"21l-RGQ24-023","tipo":"Rocas","hoja":"21-l","region":"Pasco","geologia":"Veta de cuarzo blanco masivo con parches y diseminados de pirita. N325°/65°NE, ancho 0.25 m.","Au":0.371,"Cu":25.0,"As":8.0,"Fe":1.93,"Al":7.12,"K":0.12,"x":409539.0,"y":8851890.0}},{"type":"Feature","geometry":{"type":"Point","coordinates":[-75.82637,-10.38511]},"properties":{"codigo":"21l-RGQ24-024","tipo":"Rocas","hoja":"21-l","region":"Pasco","geologia":"Veta de cuarzo blanco, textura bandeada venillas sílice gris con parches Au y diseminados de pirita. N340°/65°SW, ancho 0.30 m.","Au":114.5,"Cu":162.0,"As":4007.0,"Fe":3.84,"Al":3.42,"K":1.1,"x":409539.0,"y":8851890.0}},{"type":"Feature","geometry":{"type":"Point","coordinates":[-75.82637,-10.38511]},"properties":{"codigo":"21l-RGQ24-025","tipo":"Rocas","hoja":"21-l","region":"Pasco","geologia":"Veta de cuarzo blanco, textura bandeada venillas sílice gris con venillas de pirita a manera de sutura centrada. N330°/65°NE, ancho 0.15 m.","Au":10.723,"Cu":19.0,"As":2662.0,"Fe":1.59,"Al":2.17,"K":0.8,"x":409539.0,"y":8851890.0}},{"type":"Feature","geometry":{"type":"Point","coordinates":[-75.93241,-10.56718]},"properties":{"codigo":"22l-RGQ24-081","tipo":"Rocas","hoja":"22-l","region":"Pasco","geologia":"Veta de cuarzo blanco masivo con venillas y parches óxidos. N350°/80°NE, ancho 0.15 m.","Au":0.249,"Cu":458.0,"As":8.0,"Fe":1.27,"Al":1.0,"K":0.45,"x":397990.0,"y":8831725.0}},{"type":"Feature","geometry":{"type":"Point","coordinates":[-75.93241,-10.56718]},"properties":{"codigo":"22l-RGQ24-082","tipo":"Rocas","hoja":"22-l","region":"Pasco","geologia":"Veta cuarzo blanco masivo cortada por venillas de pirita y óxidos. N340°/80°NE, ancho 0.20 m.","Au":6.724,"Cu":4298.0,"As":11.0,"Fe":5.22,"Al":1.49,"K":0.63,"x":397990.0,"y":8831725.0}},{"type":"Feature","geometry":{"type":"Point","coordinates":[-75.93214,-10.56595]},"properties":{"codigo":"22l-RGQ24-083","tipo":"Rocas","hoja":"22-l","region":"Pasco","geologia":"Veta de cuarzo blanco, textura bandeada con venillas y parches de óxidos. N345°/55°NE, ancho 0.25 m.","Au":0.027,"Cu":6.0,"As":18.0,"Fe":3.88,"Al":4.59,"K":1.91,"x":398019.0,"y":8831861.0}},{"type":"Feature","geometry":{"type":"Point","coordinates":[-75.93214,-10.56595]},"properties":{"codigo":"22l-RGQ24-084","tipo":"Rocas","hoja":"22-l","region":"Pasco","geologia":"Monzogranito color gris blanquecino, textura inequigranular con fenocristales de plagioclasas y biotita anhedral. ","Au":null,"Cu":2.0,"As":15.0,"Fe":2.82,"Al":4.41,"K":1.79,"x":398019.0,"y":8831861.0}},{"type":"Feature","geometry":{"type":"Point","coordinates":[-75.82637,-10.38511]},"properties":{"codigo":"21l-RGQ24-026","tipo":"Rocas","hoja":"21-l","region":"Pasco","geologia":"Veta de cuarzo blanco masivo con óxidos. N150°/85°SW, ancho 0.25 m.","Au":0.027,"Cu":4.0,"As":21.0,"Fe":3.44,"Al":7.91,"K":1.47,"x":409539.0,"y":8851890.0}},{"type":"Feature","geometry":{"type":"Point","coordinates":[-75.82675,-10.38451]},"properties":{"codigo":"21l-RGQ24-027","tipo":"Rocas","hoja":"21-l","region":"Pasco","geologia":"Veta de cuarzo, textura bandeada con cuarzo tipo crustiforme a los bordes que pasa a cuarzo blanco masivo. N330°/75°SW, ancho 0.15 m.","Au":0.027,"Cu":2.0,"As":18.0,"Fe":0.63,"Al":1.17,"K":0.42,"x":409497.0,"y":8851957.0}},{"type":"Feature","geometry":{"type":"Point","coordinates":[-75.82675,-10.38451]},"properties":{"codigo":"21l-RGQ24-028","tipo":"Rocas","hoja":"21-l","region":"Pasco","geologia":"Veta cuarzo, textura bandeada con cuarzo tipo crustiforme a los bordes que pasa a cuarzo blanco masivos. N332°/78°NE, ancho 0.20 m.","Au":0.234,"Cu":111.0,"As":20.0,"Fe":1.21,"Al":4.54,"K":1.31,"x":409497.0,"y":8851957.0}},{"type":"Feature","geometry":{"type":"Point","coordinates":[-75.82675,-10.38451]},"properties":{"codigo":"21l-RGQ24-029","tipo":"Rocas","hoja":"21-l","region":"Pasco","geologia":"Veta de cuarzo blanco bandeado cortada por venillas de óxidos con sílice gris. N340°/70°NE, ancho 0.10 m.","Au":0.112,"Cu":9.0,"As":20.0,"Fe":2.35,"Al":6.17,"K":0.89,"x":409497.0,"y":8851957.0}},{"type":"Feature","geometry":{"type":"Point","coordinates":[-75.8208,-10.44186]},"properties":{"codigo":"21l-RGQ24-030","tipo":"Rocas","hoja":"21-l","region":"Pasco","geologia":"Vetilla cuarzo blanco tipo diente de perro con diseminados muscovita y (?) turmalina. N130°/70°SW, ancho 0.20 m.","Au":0.027,"Cu":9.0,"As":13.0,"Fe":0.77,"Al":8.29,"K":1.24,"x":410165.0,"y":8845617.0}},{"type":"Feature","geometry":{"type":"Point","coordinates":[-75.83434,-10.85529]},"properties":{"codigo":"22l-RGQ24-085","tipo":"Rocas","hoja":"22-l","region":"Pasco","geologia":"Veta sílice gris masivo cortada por venillas de pirita fn. N330°/65°NE, ancho 0.2 m.","Au":35.0,"Cu":106.0,"As":130625.0,"Fe":20.64,"Al":2.77,"K":1.41,"x":408806.0,"y":8799896.0}},{"type":"Feature","geometry":{"type":"Point","coordinates":[-75.83434,-10.85529]},"properties":{"codigo":"22l-RGQ24-086","tipo":"Rocas","hoja":"22-l","region":"Pasco","geologia":"Veta de cuarzo gris con venillas hematita- jarosita y diseminados de pirita. N320°/75°NE, ancho 0.1 m.","Au":3.867,"Cu":18.0,"As":48041.0,"Fe":7.36,"Al":5.27,"K":2.26,"x":408806.0,"y":8799896.0}},{"type":"Feature","geometry":{"type":"Point","coordinates":[-75.83455,-10.85428]},"properties":{"codigo":"22l-RGQ24-087","tipo":"Rocas","hoja":"22-l","region":"Pasco","geologia":"Veta de cuarzo blanco a los bordes seguido de sílice gris cortada con venillas de pirita, sulfuros grises hacia el centro. N290°/55°NE, ancho 0.15 m.","Au":6.203,"Cu":9.0,"As":38249.0,"Fe":16.49,"Al":3.53,"K":1.87,"x":408783.0,"y":8800008.0}},{"type":"Feature","geometry":{"type":"Point","coordinates":[-75.83455,-10.85428]},"properties":{"codigo":"22l-RGQ24-088","tipo":"Rocas","hoja":"22-l","region":"Pasco","geologia":"Veta de cuarzo blanco, textura de reemplazamiento por sílice gris cortada con vetilla de pirita-marcasita- sulfuros grises, diseminados de calcopirita y bornita. N300°/60°NE, ancho 0.20 m.","Au":10.667,"Cu":25.0,"As":32114.0,"Fe":15.53,"Al":4.74,"K":1.9,"x":408783.0,"y":8800008.0}},{"type":"Feature","geometry":{"type":"Point","coordinates":[-75.83455,-10.85428]},"properties":{"codigo":"22l-RGQ24-089","tipo":"Rocas","hoja":"22-l","region":"Pasco","geologia":"Veta de cuarzo grises con pirita en venas de 5cm y venillas de calcita y óxidos de hierro de hasta 10 cm. N320°/75°NE, ancho 0.80 m.","Au":7.464,"Cu":166.0,"As":24573.0,"Fe":6.03,"Al":0.19,"K":0.13,"x":408783.0,"y":8800008.0}},{"type":"Feature","geometry":{"type":"Point","coordinates":[-75.83149,-10.88033]},"properties":{"codigo":"22l-RGQ24-090","tipo":"Rocas","hoja":"22-l","region":"Junín","geologia":"Veta de cuarzo blanco masivo cortada por vetilla de pirita-calcopirita, óxidos. N350°/75°NE, ancho 0.15 m.","Au":0.385,"Cu":12.0,"As":260.0,"Fe":3.5,"Al":3.72,"K":1.97,"x":409125.0,"y":8797128.0}},{"type":"Feature","geometry":{"type":"Point","coordinates":[-75.83103,-10.88301]},"properties":{"codigo":"22l-RGQ24-091","tipo":"Rocas","hoja":"22-l","region":"Junín","geologia":"Veta de cuarzo blanca, textura bandeada cortada por vetilla de pirita hacia la caja piso. N40°/55°SE, ancho 0.30 m.","Au":1.86,"Cu":157.0,"As":10446.0,"Fe":19.1,"Al":2.14,"K":0.82,"x":409177.0,"y":8796832.0}},{"type":"Feature","geometry":{"type":"Point","coordinates":[-75.83103,-10.88301]},"properties":{"codigo":"22l-RGQ24-092","tipo":"Rocas","hoja":"22-l","region":"Junín","geologia":"Veta de cuarzo blanco, calcita cortado por vetillas de pirita de 5cm. N40°/60°SE, ancho 0.15 m.","Au":2.187,"Cu":219.0,"As":13897.0,"Fe":5.8,"Al":1.25,"K":0.67,"x":409177.0,"y":8796832.0}},{"type":"Feature","geometry":{"type":"Point","coordinates":[-75.83322,-10.88313]},"properties":{"codigo":"22l-RGQ24-093","tipo":"Rocas","hoja":"22-l","region":"Junín","geologia":"Veta de cuarzo blanco masivo con oquedades rellenadas por cuarzo hialino tipo diente de perro recubierto por goethita-hematita -jarosita. N35°/65°SE, ancho 1 m.","Au":0.03,"Cu":2.0,"As":30.0,"Fe":1.07,"Al":2.02,"K":1.05,"x":408937.0,"y":8796818.0}},{"type":"Feature","geometry":{"type":"Point","coordinates":[-75.83429,-10.885]},"properties":{"codigo":"22l-RGQ24-094","tipo":"Rocas","hoja":"22-l","region":"Junín","geologia":"Veta de cuarzo blanco masivo con oquedades rellenadas por cuarzo hialino tipo diente de perro recubierto por goethita-hematita-jarosita. N35°/65°SE, ancho 1 m.","Au":0.027,"Cu":2.0,"As":38.0,"Fe":0.33,"Al":0.85,"K":0.49,"x":408821.0,"y":8796611.0}},{"type":"Feature","geometry":{"type":"Point","coordinates":[-75.92916,-10.63535]},"properties":{"codigo":"22l-RGQ24-098","tipo":"Rocas","hoja":"22-l","region":"Pasco","geologia":"Veta de cuarzo blanco con oquedades tapizadas con goethita-jarosita-hematita. N345°/50°SW, ancho 0.15 m.","Au":0.027,"Cu":7.0,"As":19.0,"Fe":4.95,"Al":6.65,"K":3.28,"x":398368.0,"y":8824187.0}},{"type":"Feature","geometry":{"type":"Point","coordinates":[-75.92661,-10.63802]},"properties":{"codigo":"22l-RGQ24-099","tipo":"Rocas","hoja":"22-l","region":"Pasco","geologia":"Veta de cuarzo blanco masivo con oquedades rellenadas por goethita-hematita -jarosita. N140°/65°SO, ancho 0.10 m.","Au":0.902,"Cu":255.0,"As":19.0,"Fe":8.2,"Al":0.55,"K":0.28,"x":398648.0,"y":8823893.0}},{"type":"Feature","geometry":{"type":"Point","coordinates":[-75.94878,-10.64352]},"properties":{"codigo":"22l-RGQ24-100","tipo":"Rocas","hoja":"22-l","region":"Pasco","geologia":"Sienogranito color gris blanquecino, tonalidad mesocrata textura pegmatítica con fenocritales de feldespatos acompañado por plagioclasas subhedrales, cuarzo, biotitas, anfíboles anhedrales. ","Au":null,"Cu":2.0,"As":7.0,"Fe":1.82,"Al":7.5,"K":3.33,"x":396225.0,"y":8823278.0}},{"type":"Feature","geometry":{"type":"Point","coordinates":[-75.36726,-11.64807]},"properties":{"codigo":"24m-RGQ24-001","tipo":"Rocas","hoja":"24-m","region":"Junín","geologia":"Veta de sílice masiva con diseminados de pirita, calcopirita, calcocita,  limolita, jarosita, hematita y goethita. N110°/40°NE, ancho 1.10 m.","Au":0.112,"Cu":24031.0,"As":19.0,"Fe":3.6,"Al":1.98,"K":0.93,"x":459969.0,"y":8712336.0}},{"type":"Feature","geometry":{"type":"Point","coordinates":[-75.36728,-11.64792]},"properties":{"codigo":"24m-RGQ24-002","tipo":"Rocas","hoja":"24-m","region":"Junín","geologia":"Cuerpo de brecha hidrotermal, fragmentos subangulosos y subredondeados, Int silf cemento sílice-pirita. N330°/65° NE, ancho 8 m.","Au":0.065,"Cu":7456.0,"As":18.0,"Fe":3.7,"Al":2.64,"K":0.78,"x":459967.0,"y":8712352.0}},{"type":"Feature","geometry":{"type":"Point","coordinates":[-75.36724,-11.6479]},"properties":{"codigo":"24m-RGQ24-003","tipo":"Rocas","hoja":"24-m","region":"Junín","geologia":"Veta de cuarzo blanco, textura masivo con parches de goethita- jarosita. N280°/80°NE, ancho 0.15 m.","Au":0.41,"Cu":18170.0,"As":632.0,"Fe":10.37,"Al":2.07,"K":0.82,"x":459971.0,"y":8712354.0}},{"type":"Feature","geometry":{"type":"Point","coordinates":[-75.33013,-11.71326]},"properties":{"codigo":"24m-RGQ24-004","tipo":"Rocas","hoja":"24-m","region":"Junín","geologia":"Veta de sílice con óxidos con sulfuros grises con diseminados de pirita-calcopirita. N60°/55°SE, ancho 0.20 m.","Au":0.027,"Cu":17.0,"As":14.0,"Fe":0.7,"Al":0.46,"K":0.16,"x":464025.0,"y":8705132.0}},{"type":"Feature","geometry":{"type":"Point","coordinates":[-75.32972,-11.71238]},"properties":{"codigo":"24m-RGQ24-005","tipo":"Rocas","hoja":"24-m","region":"Junín","geologia":"Venillas gn sulfuros de plata cortado por veta de cuarzo blanco masivo con parches gn con diseminados de pirita, sulf gn y plata. N50°/50°SE, ancho 5 cm.","Au":0.027,"Cu":5.0,"As":26.0,"Fe":1.94,"Al":3.89,"K":1.75,"x":464069.0,"y":8705230.0}},{"type":"Feature","geometry":{"type":"Point","coordinates":[-75.32896,-11.71205]},"properties":{"codigo":"24m-RGQ24-006","tipo":"Rocas","hoja":"24-m","region":"Junín","geologia":"Venillas de cuarzo blanco masivo con parches y diseminados pirita y sulfuros grises. N215/65°NE, ancho 0.10 m.","Au":0.027,"Cu":6.0,"As":24.0,"Fe":5.61,"Al":9.29,"K":2.97,"x":464152.0,"y":8705266.0}},{"type":"Feature","geometry":{"type":"Point","coordinates":[-75.33052,-11.69822]},"properties":{"codigo":"24m-RGQ24-007","tipo":"Rocas","hoja":"24-m","region":"Junín","geologia":"Cuerpo de brecha hidrotermales, fragmentos subangulosos y subredondeados Int silf cemento sílice-pirita. N40°/75° NW, ancho 5.50 m.","Au":0.027,"Cu":7.0,"As":24.0,"Fe":4.26,"Al":9.19,"K":3.53,"x":463980.0,"y":8706795.0}},{"type":"Feature","geometry":{"type":"Point","coordinates":[-75.33182,-11.70257]},"properties":{"codigo":"24m-RGQ24-008","tipo":"Rocas","hoja":"24-m","region":"Junín","geologia":"Veta de cuarzo blanco, textura masiva con parches de goethita-jarosita. N280°/80°NE, ancho 0.15 m.","Au":0.081,"Cu":20498.0,"As":14.0,"Fe":3.14,"Al":1.93,"K":1.15,"x":463839.0,"y":8706314.0}},{"type":"Feature","geometry":{"type":"Point","coordinates":[-75.24635,-10.98321]},"properties":{"codigo":"22m-RGQ24-012","tipo":"Rocas","hoja":"22-m","region":"Junin","geologia":"Sienogranito color rojizo, tonalidad mesócrata, textura granítica - inequigranular, feldespatos K (55 %) subhedrales, plagioclasas (15 %) subhedrales, cuarzo (30 %) y biotita anhedrales, fracturas rellenadas con óxidos.","Au":0.027,"Cu":4.0,"As":5.0,"Fe":1.8,"Al":8.36,"K":4.8,"x":473086.0,"y":8785866.0}},{"type":"Feature","geometry":{"type":"Point","coordinates":[-75.24497,-10.96974]},"properties":{"codigo":"22m-RGQ24-013","tipo":"Rocas","hoja":"22-m","region":"Junin","geologia":"Sienogranito color rojizo, tonalidad mesócrata, textura granítica - inequigranular, feldespatos K (60 %) subhedrales, plagioclasas (10 %) subhedrales, cuarzo (30 %) y biotita anfiboles anhedrales y presencia de xenolitos","Au":0.027,"Cu":6.0,"As":5.0,"Fe":1.87,"Al":8.43,"K":4.38,"x":473236.0,"y":8787356.0}},{"type":"Feature","geometry":{"type":"Point","coordinates":[-75.27056,-10.94928]},"properties":{"codigo":"22m-RGQ24-014","tipo":"Rocas","hoja":"22-m","region":"Junin","geologia":"Sienogranito color rojizo, tonalidad mesócrata, textura granítica - inequigranular, feldespatos K (60 %) subhedrales, plagioclasas (10 %) subhedrales, cuarzo (30 %) y biotita anfiboles anhedrales y presencia de xenolitos","Au":0.027,"Cu":2.0,"As":5.0,"Fe":1.6,"Al":6.87,"K":3.96,"x":470438.0,"y":8789615.0}},{"type":"Feature","geometry":{"type":"Point","coordinates":[-75.40235,-11.10649]},"properties":{"codigo":"23m-RGQ24-018","tipo":"Rocas","hoja":"23-m","region":"Junin","geologia":"Brecha monomíctica matriz soportada conformada por óxidos y carbonatos fragmentos subangulosos a subredondeados. N 330°/30°SW, ancho 0.50 m.","Au":null,"Cu":55.0,"As":141.0,"Fe":1.8,"Al":2.39,"K":1.14,"x":456061.0,"y":8772216.0}},{"type":"Feature","geometry":{"type":"Point","coordinates":[-75.44243,-11.08894]},"properties":{"codigo":"23m-RGQ24-019","tipo":"Rocas","hoja":"23-m","region":"Junin","geologia":"Sienogranito color rojizo, tonalidad mesócrata, textura granítica - equigranular, feldespatos K (60 %) subhedrales, plagioclasas (10 %) subhedrales, cuarzo (30 %) y biotita anfiboles anhedrales y presencia de cloritas y ","Au":0.027,"Cu":44.0,"As":5.0,"Fe":1.36,"Al":7.08,"K":3.55,"x":451681.0,"y":8774151.0}},{"type":"Feature","geometry":{"type":"Point","coordinates":[-75.82204,-10.35524]},"properties":{"codigo":"21l-RGQ24-032","tipo":"Rocas","hoja":"21-l","region":"Pasco","geologia":"Diorita de color gris tonalidad melanócrata textura equigranular con plagioclasas 60 % subhedrales , feldespatos (35 %) subhedrales, cuarzo (5 %) y biotita anfiboles anhedrales y presencia de cloritas y óxidos rellenando","Au":0.027,"Cu":52.0,"As":6.0,"Fe":8.16,"Al":9.29,"K":0.56,"x":410005.0,"y":8855194.0}},{"type":"Feature","geometry":{"type":"Point","coordinates":[-75.82503,-10.35852]},"properties":{"codigo":"21l-RGQ24-033","tipo":"Rocas","hoja":"21-l","region":"Pasco","geologia":"Veta de cuarzo blanco, textura masiva con parches de goethita-jarosita. N190°/80°NW, ancho 0.15 m .","Au":0.027,"Cu":4.0,"As":5.0,"Fe":0.56,"Al":1.55,"K":0.19,"x":409678.0,"y":8854831.0}},{"type":"Feature","geometry":{"type":"Point","coordinates":[-75.82495,-10.36212]},"properties":{"codigo":"21l-RGQ24-034","tipo":"Rocas","hoja":"21-l","region":"Pasco","geologia":"Granodiorita textura granítica - equigranular, feldespatos K (35 %) subhedrales, plagioclasas (35 %) subhedrales, cuarzo (30 %) con presencia de dos micas muscovita y biotita subhedral en enclaves fracturas rellenadas co","Au":null,"Cu":2.0,"As":5.0,"Fe":0.78,"Al":7.95,"K":3.62,"x":409688.0,"y":8854433.0}},{"type":"Feature","geometry":{"type":"Point","coordinates":[-75.778,-10.48286]},"properties":{"codigo":"21l-RGQ24-035","tipo":"Rocas","hoja":"21-l","region":"Pasco","geologia":"Monzogranito color gris blanquecino, tonalidad leucocrata, textura  equigranular, feldespatos K (30%) subhedrales, plagioclasas (40 %) subhedrales, cuarzo (30 %) y biotita anfiboles anhedrales y presencia de cloritas y f","Au":null,"Cu":2.0,"As":5.0,"Fe":0.39,"Al":7.87,"K":4.78,"x":414861.0,"y":8841095.0}},{"type":"Feature","geometry":{"type":"Point","coordinates":[-74.95994,-11.9151]},"properties":{"codigo":"24n-RGQ24-001","tipo":"Rocas","hoja":"24-n","region":"Junín","geologia":"Metandesita gris verdosa de tonalidad mesócrata y textura afanítica, presenta fuerte serpentinización (serpentina-epídota-clorita), con diseminaciones de pirita y trazas de calcopirita. Estas metandesitas se intercalan c","Au":null,"Cu":34.0,"As":5.0,"Fe":8.29,"Al":6.36,"K":0.18,"x":504362.0,"y":8682834.0}},{"type":"Feature","geometry":{"type":"Point","coordinates":[-74.97612,-11.91795]},"properties":{"codigo":"24n-RGQ24-002","tipo":"Rocas","hoja":"24-n","region":"Junín","geologia":"Dacita gris verdosa de tonalidad melanócrata y textura porfirítica, las plagioclasas son subhedrales, biotita anhedral y ojos de cuarzo hialino. Alteración propilítica débil  (pirita-clorita-calcita). Fracturas rellenada","Au":0.027,"Cu":7.0,"As":5.0,"Fe":1.89,"Al":7.62,"K":2.84,"x":502600.0,"y":8682519.0}},{"type":"Feature","geometry":{"type":"Point","coordinates":[-74.97825,-11.91827]},"properties":{"codigo":"24n-RGQ24-002a","tipo":"Rocas","hoja":"24-n","region":"Junín","geologia":"Tobas cristalolíticas dacíticas de textura anhedral fragmental, compuesta de cristales de cuarzo hialino, plagioclasas rotos, anfíboles y biotitas anhedrales con líticos grises melanócratas, y fracturas tapizadas con goe","Au":0.027,"Cu":3.0,"As":5.0,"Fe":1.73,"Al":7.78,"K":3.67,"x":502368.0,"y":8682484.0}},{"type":"Feature","geometry":{"type":"Point","coordinates":[-74.97419,-11.91862]},"properties":{"codigo":"24n-RGQ24-003","tipo":"Rocas","hoja":"24-n","region":"Junín","geologia":"Dacita gris verdosa tonalidad melanócrata y textura porfirítica, con plagioclasas subhedrales, biotita y anfíboles anhedrales y ojos de cuarzo hialino, con débil silicificación. Las fracturas están rellenadas con goethit","Au":0.027,"Cu":5.0,"As":5.0,"Fe":2.4,"Al":7.78,"K":3.52,"x":502811.0,"y":8682445.0}},{"type":"Feature","geometry":{"type":"Point","coordinates":[-74.97209,-11.91834]},"properties":{"codigo":"24n-RGQ24-004","tipo":"Rocas","hoja":"24-n","region":"Junín","geologia":"Dacita gris verdosa tonalidad melanócrata y textura porfirítica, con plagioclasas subhedrales, biotita y anfíboles anhedrales y ojos de cuarzo hialino, fuertemente silicificada. Las fracturas están tapizadas con goethita","Au":null,"Cu":10.0,"As":6.0,"Fe":1.64,"Al":7.72,"K":3.37,"x":503039.0,"y":8682476.0}},{"type":"Feature","geometry":{"type":"Point","coordinates":[-74.96496,-11.918]},"properties":{"codigo":"24n-RGQ24-005","tipo":"Rocas","hoja":"24-n","region":"Junín","geologia":"Pequeño afloramiento de roca intrusiva gris blanquecina de textura fanerítica equigranular, con cristales de plagioclasas y feldespatos con biotita y hornblendas subhedrales-anhedrales, con moderada silicificación.","Au":null,"Cu":11.0,"As":5.0,"Fe":0.76,"Al":7.0,"K":2.27,"x":503816.0,"y":8682514.0}},{"type":"Feature","geometry":{"type":"Point","coordinates":[-74.96589,-11.91954]},"properties":{"codigo":"24n-RGQ24-006","tipo":"Rocas","hoja":"24-n","region":"Junín","geologia":"Filitas --protolito de metandesita gris verdosa-- de tonalidad mesócrata y textura esquistosa foliada con relictos de biotita y anfíboles, con moderada a fuerte propilitización (epídota-clorita), con diseminaciones de pi","Au":null,"Cu":17.0,"As":5.0,"Fe":4.2,"Al":9.01,"K":2.8,"x":503714.0,"y":8682343.0}},{"type":"Feature","geometry":{"type":"Point","coordinates":[-74.96591,-11.91939]},"properties":{"codigo":"24n-RGQ24-008","tipo":"Rocas","hoja":"24-n","region":"Junín","geologia":"Filitas --protolito de metandesita gris verdosa-- de tonalidad mesócrata y textura esquistosa foliada con relictos de biotita y anfíboles, con alteración moderada a fuerte propilitización (epídota-clorita), con venillas ","Au":null,"Cu":53.0,"As":5.0,"Fe":10.02,"Al":7.28,"K":0.87,"x":503712.0,"y":8682360.0}},{"type":"Feature","geometry":{"type":"Point","coordinates":[-74.96812,-11.92693]},"properties":{"codigo":"24n-RGQ24-009","tipo":"Rocas","hoja":"24-n","region":"Junín","geologia":"Metandesita gris verdosa de tonalidad mesócrata y textura  porfirítica, con fenocristales de plagioclasas subhedrales, ojos de cuarzo hialino, biotitas y anfíboles anhedrales; presenta intensa alteración propilítica  (pi","Au":null,"Cu":5.0,"As":5.0,"Fe":2.81,"Al":9.21,"K":3.31,"x":503471.0,"y":8681526.0}},{"type":"Feature","geometry":{"type":"Point","coordinates":[-74.96588,-11.9259]},"properties":{"codigo":"24n-RGQ24-010","tipo":"Rocas","hoja":"24-n","region":"Junín","geologia":"Veta de cuarzo blanco de textura masiva con parches de goethita y jarosita tipo lazo sigmoide (veta 1: N145°/65°SW y ancho de 0.15 m, veta 2: N155°/70°SW y ancho 0.20 m). Roca caja filita gris verdosa --protolito metande","Au":null,"Cu":133.0,"As":6.0,"Fe":2.22,"Al":2.92,"K":0.6,"x":503715.0,"y":8681640.0}},{"type":"Feature","geometry":{"type":"Point","coordinates":[-74.96464,-11.92768]},"properties":{"codigo":"24n-RGQ24-010a","tipo":"Rocas","hoja":"24-n","region":"Junín","geologia":"Veta de cuarzo blanco de textura masiva con parches de goethita y jarosita (N150°/65°SW y ancho de 0.10 m. La roca caja son filitas gris verdosa de protolito metandesita con intensa alt prop (clorita-epídota-pirita).  ","Au":null,"Cu":51.0,"As":5.0,"Fe":1.34,"Al":1.57,"K":0.43,"x":503850.0,"y":8681443.0}},{"type":"Feature","geometry":{"type":"Point","coordinates":[-74.96698,-11.92301]},"properties":{"codigo":"24n-RGQ24-011","tipo":"Rocas","hoja":"24-n","region":"Junín","geologia":"Veta de cuarzo blanco de textura masiva con oquedades rellenadas de goethita y jarosita (N310°/ 40°NE y ancho de 0.15 m). La roca caja son filitas gris verdosa de posible protolito metandesita, está fuertemente cloritiza","Au":null,"Cu":18.0,"As":7.0,"Fe":0.9,"Al":0.32,"K":0.08,"x":503595.0,"y":8681959.0}},{"type":"Feature","geometry":{"type":"Point","coordinates":[-74.967,-11.92321]},"properties":{"codigo":"24n-RGQ24-011a","tipo":"Rocas","hoja":"24-n","region":"Junín","geologia":"Filitas gris verdosa --protolito metandesita gris verdosa-- de textura lepidoblástica y alteración propilítica fuerte (clorita-epídota-pirita) con diseminación de firita fina anhedral y fracturas rellenadas de goethita y","Au":null,"Cu":3.0,"As":5.0,"Fe":7.08,"Al":9.47,"K":0.29,"x":503593.0,"y":8681937.0}},{"type":"Feature","geometry":{"type":"Point","coordinates":[-74.96723,-11.92014]},"properties":{"codigo":"24n-RGQ24-012","tipo":"Rocas","hoja":"24-n","region":"Junín","geologia":"Filitas gris verdosa de protolito metandesita de textura lepidoblástica, contiene venillas de cuarzo blanco de textura masiva, con boxwork tapizados de goethita-hematita-jarosita. Azimiut N210° / Buzamiento 80°NW y ancho","Au":null,"Cu":8.0,"As":5.0,"Fe":11.08,"Al":8.01,"K":0.03,"x":503568.0,"y":8682277.0}},{"type":"Feature","geometry":{"type":"Point","coordinates":[-74.96728,-11.92001]},"properties":{"codigo":"24n-RGQ24-013","tipo":"Rocas","hoja":"24-n","region":"Junín","geologia":"Metavolcánico gris verdoso de textura oblitera, con relictos de biotita y anfíboles, con diseminación de pirita y trazas de calcopirita; presencia de venillas de cuarzo blanco de textura masiva con boxwork tapizados con ","Au":0.027,"Cu":6.0,"As":5.0,"Fe":10.29,"Al":7.55,"K":0.02,"x":503563.0,"y":8682291.0}},{"type":"Feature","geometry":{"type":"Point","coordinates":[-74.96755,-11.92072]},"properties":{"codigo":"24n-RGQ24-014","tipo":"Rocas","hoja":"24-n","region":"Junín","geologia":"Metandesita (Roca volcánica?) gris verdoso de textura afanítica con silicificación, contiene diseminación de pirita con venillas de cuarzo blanco con óxidos (Azimut N340°/ Buzamiento 80°NE y ancho de 0.40 m).","Au":0.027,"Cu":31.0,"As":11.0,"Fe":8.74,"Al":7.96,"K":0.97,"x":503534.0,"y":8682213.0}},{"type":"Feature","geometry":{"type":"Point","coordinates":[-74.96758,-11.92135]},"properties":{"codigo":"24n-RGQ24-015","tipo":"Rocas","hoja":"24-n","region":"Junín","geologia":"Metandesita (Roca volcánica?) gris verdoso de textura afanítica, con venillas de cuarzo blanco masivo y parches de óxidos: goethita-hematita (Azimut N350°/ Buzamiento 65°NE y ancho de 0.60 m).","Au":0.027,"Cu":44.0,"As":5.0,"Fe":5.12,"Al":9.3,"K":1.01,"x":503530.0,"y":8682143.0}},{"type":"Feature","geometry":{"type":"Point","coordinates":[-74.96755,-11.92125]},"properties":{"codigo":"24n-RGQ24-016","tipo":"Rocas","hoja":"24-n","region":"Junín","geologia":"Metandesita (Roca volcánica?) gris verdoso de textura afanítica, con venillas de cuarzo blanco con óxidos de hierro (Sistema 1: S70°W / 65°NW y Sistema 2: S60°W / 45°NW).","Au":0.027,"Cu":91.0,"As":6.0,"Fe":7.84,"Al":7.62,"K":0.55,"x":503534.0,"y":8682154.0}},{"type":"Feature","geometry":{"type":"Point","coordinates":[-74.941,-11.92376]},"properties":{"codigo":"24n-RGQ24-017","tipo":"Rocas","hoja":"24-n","region":"Junín","geologia":"Metandesita (Roca volcánica?) gris oscuro de textura afanítica, con venillas de cuarzo blanco y óxidos de hierro (Sistema 1: N80° / 50SE, Sistema 2: N250° / 65°NW y Sistema 3: N130° / 60°SW).","Au":0.027,"Cu":129.0,"As":58.0,"Fe":6.81,"Al":10.67,"K":2.14,"x":506424.0,"y":8681876.0}},{"type":"Feature","geometry":{"type":"Point","coordinates":[-75.23758,-11.77639]},"properties":{"codigo":"24m-RGQ24-010","tipo":"Rocas","hoja":"24-m","region":"Junín","geologia":"Dacita gris blanquecino de tonalidad mesócrata y textura fanerítica equigranular, con plagioclasas y feldespatos subhedrales y ojos de cuarzo hialino con biotita y anfíboles anhedrales. Fracturas rellenadas con goethita-","Au":null,"Cu":7.0,"As":5.0,"Fe":0.65,"Al":8.45,"K":2.72,"x":474116.0,"y":8698162.0}},{"type":"Feature","geometry":{"type":"Point","coordinates":[-75.21931,-11.76522]},"properties":{"codigo":"24m-RGQ24-011","tipo":"Rocas","hoja":"24-m","region":"Junín","geologia":"Tonalita gris blanquecina de tonalidad leucócrata y textura fanerítica-hipidiomórfica equigranular, contiene plagioclasas y feldespatos hipidiomórficas y cuarzo xenomórfico con cumulos de cristales ferromagnesianos.","Au":null,"Cu":14.0,"As":5.0,"Fe":4.12,"Al":9.0,"K":1.89,"x":476106.0,"y":8699398.0}},{"type":"Feature","geometry":{"type":"Point","coordinates":[-75.18428,-11.77568]},"properties":{"codigo":"24m-RGQ24-012","tipo":"Rocas","hoja":"24-m","region":"Junín","geologia":"Granodiorita gris blanquecina de tonalidad leucócrata y textura fanerítica equigranular, compuesta de feldespatos y plagioclasas subhedrales y cuarzo xenomórfico. Fracturas rellenadas con óxidos.","Au":null,"Cu":14.0,"As":5.0,"Fe":3.74,"Al":9.35,"K":1.43,"x":479923.0,"y":8698244.0}},{"type":"Feature","geometry":{"type":"Point","coordinates":[-74.76344,-11.58185]},"properties":{"codigo":"24n-RGQ24-019","tipo":"Rocas","hoja":"24-n","region":"Junín","geologia":"Veta de sílice-goethita-jarosita (N45°/75°NW y ancho de 0.15 m). Roca caja monzogranito de color gris verdoso de textura bandeada equigranular con alteración argílica moderada y silicificación fuerte . ","Au":0.027,"Cu":12.0,"As":11.0,"Fe":5.99,"Al":7.49,"K":4.58,"x":525791.0,"y":8719673.0}},{"type":"Feature","geometry":{"type":"Point","coordinates":[-74.76344,-11.58185]},"properties":{"codigo":"24n-RGQ24-019a","tipo":"Rocas","hoja":"24-n","region":"Junín","geologia":"Vetilla de cuarzo blanco de textura crustiforme con sutura centrada de goethita-jarosita (N130°/60°SW y ancho de 0.10 m).","Au":0.027,"Cu":8.0,"As":5.0,"Fe":2.85,"Al":4.47,"K":2.17,"x":525791.0,"y":8719673.0}},{"type":"Feature","geometry":{"type":"Point","coordinates":[-74.76344,-11.58185]},"properties":{"codigo":"24n-RGQ24-019b","tipo":"Rocas","hoja":"24-n","region":"Junín","geologia":"Monzogranito color gris blanquecino, tonalidad leucócrata, textura  bandeada equigranular; contiene feldespatos K subhedrales (30 %), plagioclasas subhedrales (40 %), cuarzo (30 %), además de biotita y anfíboles anhedral","Au":0.027,"Cu":20.0,"As":5.0,"Fe":2.07,"Al":7.21,"K":4.04,"x":525791.0,"y":8719673.0}},{"type":"Feature","geometry":{"type":"Point","coordinates":[-74.76344,-11.58185]},"properties":{"codigo":"24n-RGQ24-020","tipo":"Rocas","hoja":"24-n","region":"Junín","geologia":"Monzogranito color gris verdoso cizallado con alteración propilítica fuerte (clorita-epídota-pirita). Azimut N21°/ Buzamiento 78°NE, ancho 0.20 m.","Au":0.027,"Cu":48.0,"As":5.0,"Fe":9.41,"Al":8.9,"K":2.05,"x":525791.0,"y":8719673.0}},{"type":"Feature","geometry":{"type":"Point","coordinates":[-74.76464,-11.58275]},"properties":{"codigo":"24n-RGQ24-021","tipo":"Rocas","hoja":"24-n","region":"Junín","geologia":"Sienogranito color gris rojizo de  tonalidad mesócrata y textura pegmatítica, con fenos de feldespatos acompañado de plagioclasas subhedrales, cuarzo, biotita, anfíboles anhedrales y venillas de cuarzo blanco masivo con ","Au":0.027,"Cu":4.0,"As":5.0,"Fe":1.0,"Al":7.63,"K":2.65,"x":525660.0,"y":8719574.0}},{"type":"Feature","geometry":{"type":"Point","coordinates":[-74.76363,-11.58186]},"properties":{"codigo":"24n-RGQ24-022","tipo":"Rocas","hoja":"24-n","region":"Junín","geologia":"Veta de cuarzo blanco masivo con oquedades (boxwork) rellenadas de cuarzo hialino tipo diente de perro con goethita-jarosita (N245° / 80° SE y ancho de 0.90 m). La roca caja es un dique andesítico fuertemente cloritizado","Au":0.027,"Cu":3.0,"As":5.0,"Fe":0.84,"Al":4.64,"K":2.43,"x":525770.0,"y":8719672.0}},{"type":"Feature","geometry":{"type":"Point","coordinates":[-74.76421,-11.5816]},"properties":{"codigo":"24n-RGQ24-022a","tipo":"Rocas","hoja":"24-n","region":"Junín","geologia":"Sienogranito color gris rojizo de tonalidad mesócrata y textura fanerítica inequigranular con fenocristales de feldespatos y plagioclasas subhedrales con ojos de cuarzo hialino anhedral, biotitas y anfíboles anhedrales. ","Au":null,"Cu":12.0,"As":5.0,"Fe":0.45,"Al":7.79,"K":3.71,"x":525707.0,"y":8719701.0}},{"type":"Feature","geometry":{"type":"Point","coordinates":[-74.76344,-11.58185]},"properties":{"codigo":"24n-RGQ24-023","tipo":"Rocas","hoja":"24-n","region":"Junín","geologia":"Veta de cuarzo blanco masivo con parches de hematita y pirita fina anhedral. Azimut N345° / Buzamiento 75°NE y ancho de 0.10 m.","Au":1.116,"Cu":323.0,"As":8.0,"Fe":1.78,"Al":1.91,"K":0.89,"x":525791.0,"y":8719673.0}},{"type":"Feature","geometry":{"type":"Point","coordinates":[-74.76226,-11.58285]},"properties":{"codigo":"24n-RGQ24-024","tipo":"Rocas","hoja":"24-n","region":"Junín","geologia":"Sienogranito color gris rojizo  tonalidad mesocrata txt fanerítica Inequigranular con fenocristales de felds y palg subhedrales con ojos de qz hialino, bio yanf anhedrales.","Au":0.027,"Cu":10.0,"As":5.0,"Fe":2.57,"Al":7.38,"K":4.67,"x":525919.0,"y":8719562.0}},{"type":"Feature","geometry":{"type":"Point","coordinates":[-74.76227,-11.58298]},"properties":{"codigo":"24n-RGQ24-025","tipo":"Rocas","hoja":"24-n","region":"Junín","geologia":"Sienogranito color gris rojizo  tonalidad mesocrata txt fanerítica Inequigranular con fenocristales de felds y palg subhedrales con ojos de qz hialino, bio yanf anhedrales. Frc tap oxds.","Au":0.027,"Cu":7.0,"As":5.0,"Fe":1.18,"Al":7.16,"K":3.84,"x":525918.0,"y":8719548.0}},{"type":"Feature","geometry":{"type":"Point","coordinates":[-74.77486,-11.60272]},"properties":{"codigo":"24n-RGQ24-026","tipo":"Rocas","hoja":"24-n","region":"Junín","geologia":"Sienogranito color gris rojizo  tonalidad mesocrata txt fanerítica equigranular txt band cizallada alt silicificación fuerte  fract goe jar","Au":0.027,"Cu":5.0,"As":5.0,"Fe":1.54,"Al":7.85,"K":4.95,"x":524544.0,"y":8717367.0}},{"type":"Feature","geometry":{"type":"Point","coordinates":[-74.7786,-11.60586]},"properties":{"codigo":"24n-RGQ24-026a","tipo":"Rocas","hoja":"24-n","region":"Junín","geologia":"Filitas gris verdosa txt protolito sienogranito alt sericitización fuerte cloritización moderada frac tap goe Az N150°/45°NE.","Au":0.027,"Cu":52.0,"As":5.0,"Fe":8.47,"Al":9.18,"K":1.13,"x":524136.0,"y":8717020.0}},{"type":"Feature","geometry":{"type":"Point","coordinates":[-74.77412,-11.59593]},"properties":{"codigo":"24n-RGQ24-030","tipo":"Rocas","hoja":"24-n","region":"Junín","geologia":"Sienogranito color gris rojizo  tonalidad mesocrata txt fanerítica granular foliada con plag felds y qz con ferromagnesianos anhedrales. fract goe jar N20°/60°NW ","Au":0.027,"Cu":9.0,"As":5.0,"Fe":2.62,"Al":7.07,"K":3.04,"x":524625.0,"y":8718117.0}},{"type":"Feature","geometry":{"type":"Point","coordinates":[-74.77403,-11.59573]},"properties":{"codigo":"24n-RGQ24-031","tipo":"Rocas","hoja":"24-n","region":"Junín","geologia":"Metamonzogranito color gris balnquecino tonalidad mesócrata y textura fanerítica granular foliada, con plagioclasas, feldespatos y cuarzo con ferromagnesianos anhedrales. Las fracturas contienen goethita y jarosita (N20°","Au":0.027,"Cu":12.0,"As":5.0,"Fe":3.6,"Al":8.38,"K":3.14,"x":524635.0,"y":8718139.0}},{"type":"Feature","geometry":{"type":"Point","coordinates":[-74.77342,-11.59485]},"properties":{"codigo":"24n-RGQ24-032","tipo":"Rocas","hoja":"24-n","region":"Junín","geologia":"Veta de cuarzo blanco masivo con boxwork tapizadas con goethita-jarosita-hemathita (N230° / 50°SW y ancho de 0.15 m).","Au":0.027,"Cu":39.0,"As":5.0,"Fe":0.62,"Al":1.03,"K":0.46,"x":524702.0,"y":8718237.0}},{"type":"Feature","geometry":{"type":"Point","coordinates":[-74.77342,-11.59485]},"properties":{"codigo":"24n-RGQ24-033","tipo":"Rocas","hoja":"24-n","region":"Junín","geologia":"Andesita gris oscura de tonalidad melanócrata y textura porfirítica con fenos de plagioclasas subhedrales. Las fracturas están tapizadas con epídota-clorita (Sistema 1: N280° y Sistema 2: N250°) y el Band Fluj tiene una ","Au":0.027,"Cu":74.0,"As":5.0,"Fe":2.54,"Al":5.05,"K":1.69,"x":524702.0,"y":8718237.0}},{"type":"Feature","geometry":{"type":"Point","coordinates":[-75.47737,-11.33595]},"properties":{"codigo":"23m-RGQ24-020","tipo":"Rocas","hoja":"23-m","region":"Junín","geologia":"Zona alterada","Au":0.027,"Cu":67.0,"As":24.0,"Fe":4.41,"Al":10.59,"K":3.04,"x":447910.0,"y":8746831.0}},{"type":"Feature","geometry":{"type":"Point","coordinates":[-75.47749,-11.33611]},"properties":{"codigo":"23m-RGQ24-021","tipo":"Rocas","hoja":"23-m","region":"Junín","geologia":"Zona alterada","Au":0.027,"Cu":21.0,"As":74.0,"Fe":3.8,"Al":1.48,"K":0.01,"x":447897.0,"y":8746814.0}},{"type":"Feature","geometry":{"type":"Point","coordinates":[-75.29727,-11.12155]},"properties":{"codigo":"23m-RGQ24-040","tipo":"Rocas","hoja":"23-m","region":"Junín","geologia":"Vetilla de cuarzo con oquedades de goethita y jarosita, de textura brechada reemplazamiento con halos de arcillas blancas. La roca caja es el sienogranito de color rojizo, tonalidad mesócrata y textura fanerítica, compue","Au":null,"Cu":3.0,"As":18.0,"Fe":2.1,"Al":13.2,"K":5.3,"x":467538.0,"y":8770564.0}},{"type":"Feature","geometry":{"type":"Point","coordinates":[-75.29727,-11.12155]},"properties":{"codigo":"23m-RGQ24-041","tipo":"Rocas","hoja":"23-m","region":"Junín","geologia":"Halos de arcillas blancas que engloba a las venillas de sílice y óxidos (muestreo selectivo). Roca caja sienogranito que presenta una alteración argílica moderada (N60°-65° / 65°-70°SE y ancho de 3 a 5 cm).","Au":null,"Cu":13.0,"As":17.0,"Fe":0.62,"Al":13.67,"K":3.93,"x":467538.0,"y":8770564.0}},{"type":"Feature","geometry":{"type":"Point","coordinates":[-75.29731,-11.12166]},"properties":{"codigo":"23m-RGQ24-042","tipo":"Rocas","hoja":"23-m","region":"Junín","geologia":"Vetilla de cuarzo con oquedades de goethita y jarosita, presenta textura brechada reemplazamiento con halos de arcillas blancas. la roca caja es el sienogranito color rojizo de tonalidad mesócrata y textura fanerítica, c","Au":null,"Cu":28.0,"As":37.0,"Fe":3.83,"Al":9.55,"K":4.06,"x":467534.0,"y":8770552.0}},{"type":"Feature","geometry":{"type":"Point","coordinates":[-75.30331,-11.12099]},"properties":{"codigo":"23m-RGQ24-043","tipo":"Rocas","hoja":"23-m","region":"Junín","geologia":"Sienogranito color rojizo de tonalidad mesócrata y textura granítica - inequigranular, cortado por venillas de sílice-goethita-hematita-jarosita con halos de arcillas blancas dispuesta en paralelo a subparalelo (N210° / ","Au":null,"Cu":7.0,"As":16.0,"Fe":2.31,"Al":11.25,"K":5.45,"x":466879.0,"y":8770626.0}},{"type":"Feature","geometry":{"type":"Point","coordinates":[-75.30293,-11.1204]},"properties":{"codigo":"23m-RGQ24-044","tipo":"Rocas","hoja":"23-m","region":"Junín","geologia":"Vetilla de cuarzo con oquedades de goethita-jarosita alojadas en el sienogranito color rojizo de tonalidad mesócrata y textura fanerítica, contiene feldespatos K (65 %) subhedrales, plagioclasas (10 %) subhedrales, cuarz","Au":null,"Cu":3.0,"As":46.0,"Fe":5.14,"Al":12.19,"K":4.8,"x":466920.0,"y":8770691.0}},{"type":"Feature","geometry":{"type":"Point","coordinates":[-75.31568,-11.10524]},"properties":{"codigo":"23m-RGQ24-045","tipo":"Rocas","hoja":"23-m","region":"Junín","geologia":"Venillas selectivas de cuarzo con halos de arcillas blancas alojadas en el sienogranito con alteración argílica .","Au":null,"Cu":4.0,"As":9.0,"Fe":1.48,"Al":14.12,"K":2.71,"x":465526.0,"y":8772366.0}},{"type":"Feature","geometry":{"type":"Point","coordinates":[-74.76107,-11.41034]},"properties":{"codigo":"23n-RGQ24-001","tipo":"Rocas","hoja":"23-m","region":"Junín","geologia":"Diorita gris tonalidad melanócrata de textura equigranular con plagioclasas subhedrales, cuarzo y anfíboles anhedrales; fracturas rellenadas con goethita. Azimut N150° / Buzamiento 30°NE.","Au":null,"Cu":42.0,"As":5.0,"Fe":7.12,"Al":7.27,"K":1.87,"x":526065.0,"y":8738638.0}},{"type":"Feature","geometry":{"type":"Point","coordinates":[-74.76105,-11.41036]},"properties":{"codigo":"23n-RGQ24-002","tipo":"Rocas","hoja":"23-m","region":"Junín","geologia":"Selectivas venillas de cuarzo blanco masivo con óxidos dispuestos en forma paralela a subparalela. Azimut N60°-50° / Buzamiento 35°-40°NW y ancho de 0.03 m a 0.05 m.","Au":null,"Cu":8.0,"As":5.0,"Fe":0.63,"Al":7.57,"K":4.3,"x":526067.0,"y":8738635.0}},{"type":"Feature","geometry":{"type":"Point","coordinates":[-74.75594,-11.40678]},"properties":{"codigo":"23n-RGQ24-003","tipo":"Rocas","hoja":"23-m","region":"Junín","geologia":"Contacto entre la diorita y el monzogranito gris blanquecino de textura fanerítica equigranular con contenidos de plagioclasas, feldespatos K y anfíbloes subhedrales con cuarzo anhedral. Fracturas tapizados de óxidos con","Au":null,"Cu":6.0,"As":5.0,"Fe":0.98,"Al":7.08,"K":4.5,"x":526625.0,"y":8739031.0}},{"type":"Feature","geometry":{"type":"Point","coordinates":[-74.75032,-11.39991]},"properties":{"codigo":"23n-RGQ24-004","tipo":"Rocas","hoja":"23-m","region":"Junín","geologia":"Diorita gris tonalidad melanocrata txt fanerítica equigranular con plag subhedrales qz, anf biotitas anhedrales cortado por vlls qz bco con oxds.  frac rellenadas goe. Az N100°/45°SW..","Au":null,"Cu":27.0,"As":5.0,"Fe":6.92,"Al":7.36,"K":3.05,"x":527239.0,"y":8739790.0}},{"type":"Feature","geometry":{"type":"Point","coordinates":[-74.74909,-11.39356]},"properties":{"codigo":"23n-RGQ24-005","tipo":"Rocas","hoja":"23-m","region":"Junín","geologia":"Monzogranito color gris blanquecino, textura  equigranular, compuesta de feldespatos K (30 %), plagoclasas (40 %) subhedrales, cuarzo (30 %) y ferromagnesianos fuertemente oxidados anhedrales; con fuerte silicificación. ","Au":null,"Cu":6.0,"As":5.0,"Fe":4.34,"Al":7.24,"K":4.04,"x":527373.0,"y":8740492.0}},{"type":"Feature","geometry":{"type":"Point","coordinates":[-74.75174,-11.3924]},"properties":{"codigo":"23n-RGQ24-006","tipo":"Rocas","hoja":"23-m","region":"Junín","geologia":"Contacto entre la diorita y el sienogranito con presencia de xenolitos. El sienogranito es de color gris rojizo, tonalidad mesócrata y textura granítica - equigranular; compuesta de feldespatos K (55 %) subhedrales, plag","Au":0.027,"Cu":105.0,"As":30.0,"Fe":6.24,"Al":7.49,"K":2.5,"x":527084.0,"y":8740621.0}},{"type":"Feature","geometry":{"type":"Point","coordinates":[-74.75409,-11.38753]},"properties":{"codigo":"23n-RGQ24-007","tipo":"Rocas","hoja":"23-m","region":"Junín","geologia":"Sienogranito color rojizo de tonalidad mesócrata y textura granítica - inequigranular, con feldesapatos K (60 %) subhedrales, plagioclasas (10 %) subhedrales, cuarzo (30 %) anhedral y xenomorfos de anfíboles y biotitas. ","Au":null,"Cu":6.0,"As":5.0,"Fe":3.01,"Al":9.94,"K":4.11,"x":526828.0,"y":8741159.0}},{"type":"Feature","geometry":{"type":"Point","coordinates":[-74.74817,-11.38503]},"properties":{"codigo":"23n-RGQ24-008","tipo":"Rocas","hoja":"23-m","region":"Junín","geologia":"Roca Ultrabásica (?) gris melanócrata de textura afanítica con diseminaciones de pirita fina anhedral y fracturas rellenadas con óxidos (Azimut N110°/ Buzamiento 30°SW).","Au":null,"Cu":88.0,"As":21.0,"Fe":8.24,"Al":7.55,"K":4.27,"x":527475.0,"y":8741435.0}},{"type":"Feature","geometry":{"type":"Point","coordinates":[-74.74951,-11.38109]},"properties":{"codigo":"23n-RGQ24-009","tipo":"Rocas","hoja":"23-m","region":"Junín","geologia":"Metandesita gris de tonalidad melanócrata y textura afanítica con diseminación de pirita fina anhedral. Fracturas rellenadas con óxidos (Azimut N320° / Buzamiento 45°NE).","Au":null,"Cu":78.0,"As":21.0,"Fe":6.47,"Al":10.72,"K":5.58,"x":527329.0,"y":8741871.0}},{"type":"Feature","geometry":{"type":"Point","coordinates":[-74.74556,-11.37646]},"properties":{"codigo":"23n-RGQ24-010","tipo":"Rocas","hoja":"23-m","region":"Junín","geologia":"Estructura tipo brecha de reemplazamiento, monomíctica de matriz soportada, conformada por polvo de roca cementada por sílice y óxidos (N 210° / 70°NE y ancho de 0.40 m). La roca caja es una metandesita gris.","Au":null,"Cu":11.0,"As":7.0,"Fe":2.94,"Al":3.98,"K":3.46,"x":527760.0,"y":8742382.0}},{"type":"Feature","geometry":{"type":"Point","coordinates":[-74.74375,-11.37214]},"properties":{"codigo":"23n-RGQ24-012","tipo":"Rocas","hoja":"23-m","region":"Junín","geologia":"Cuerpo de Brecha de reemplazamiento, monomíctica y matriz soportada, conformada por polvo de roca cementada por sílice y óxidos, fragmentos de metandesita gris afanítica de forma subangulosa, Ø 1 a 5 cm con venillas y di","Au":null,"Cu":64.0,"As":23.0,"Fe":10.05,"Al":8.23,"K":1.74,"x":527958.0,"y":8742860.0}},{"type":"Feature","geometry":{"type":"Point","coordinates":[-74.74375,-11.37218]},"properties":{"codigo":"23n-RGQ24-013","tipo":"Rocas","hoja":"23-m","region":"Junín","geologia":"Cuerpo de Brecha de reemplazamiento, monomíctica matriz soportada conformada por polvo de roca cementada por sílice y óxidos, fragmentos de metandesita gris afanítica de forma subangulosa, Ø 1 a  5 cm con jarosita, goeth","Au":null,"Cu":82.0,"As":12.0,"Fe":7.78,"Al":9.11,"K":3.19,"x":527958.0,"y":8742856.0}},{"type":"Feature","geometry":{"type":"Point","coordinates":[-74.7664,-11.42274]},"properties":{"codigo":"23n-RGQ24-014","tipo":"Rocas","hoja":"23-m","region":"Junín","geologia":"Diorita gris de tonalidad melanócrata y textura fanerítica equigranular con plagioclasas subhedrales, cuarzo, anfíboles, biotitas anhedrales y anfiboles hipidiomórficos; presencia de alteración propilítica moderada (clor","Au":null,"Cu":48.0,"As":5.0,"Fe":8.5,"Al":7.64,"K":1.51,"x":525482.0,"y":8737267.0}},{"type":"Feature","geometry":{"type":"Point","coordinates":[-74.7615,-11.41423]},"properties":{"codigo":"23n-RGQ24-015","tipo":"Rocas","hoja":"23-m","region":"Junín","geologia":"Monzogranito color gris blanquecino, tonalidad mesocrata y textura fanerítica equigranular, con feldespatos K (30 %) subhedrales, plagioclasas (40 %) subhedrales, cuarzo (30%) y fantasmas de biotita. Silicificación moder","Au":null,"Cu":77.0,"As":5.0,"Fe":1.18,"Al":7.29,"K":4.29,"x":526018.0,"y":8738208.0}},{"type":"Feature","geometry":{"type":"Point","coordinates":[-74.7499,-11.40458]},"properties":{"codigo":"23n-RGQ24-016","tipo":"Rocas","hoja":"23-m","region":"Junín","geologia":"Monzogranito color gris blanquecino, textura equigranular; feldespatos K (30 %) y plagioclasas (40 %) subhedrales, cuarzo (30 %) y ferromagnesianos fuertemente oxidados anhedrales, con silicificación. Fracturas rellenada","Au":null,"Cu":2.0,"As":5.0,"Fe":1.83,"Al":8.25,"K":3.63,"x":527284.0,"y":8739274.0}},{"type":"Feature","geometry":{"type":"Point","coordinates":[-74.75182,-11.40513]},"properties":{"codigo":"23n-RGQ24-017","tipo":"Rocas","hoja":"23-m","region":"Junín","geologia":"Monzogranito color gris blanquecino, tonalidad mesócrata, textura fanerítica inequigranular; compuesto de feldespatos K (30 %) subhedrales, plagioclasas (40 %) subhedrales, cuarzo (30 %) y ferromagnesianos anhedrales; fr","Au":null,"Cu":2.0,"As":5.0,"Fe":0.86,"Al":7.32,"K":3.88,"x":527075.0,"y":8739213.0}},{"type":"Feature","geometry":{"type":"Point","coordinates":[-74.74834,-11.3714]},"properties":{"codigo":"23n-RGQ24-018","tipo":"Rocas","hoja":"23-m","region":"Junín","geologia":"Cuerpo de Brecha de reemplazamiento, monomíctica y de matriz soportada, conformada por polvo de roca cementada por sílice y óxidos, fragmentos de metandesita gris afanítica de forma subangulosa, Ø ?1 cm, Ø de 4 cm a 6 cm","Au":null,"Cu":119.0,"As":7.0,"Fe":8.15,"Al":9.54,"K":3.27,"x":527457.0,"y":8742942.0}},{"type":"Feature","geometry":{"type":"Point","coordinates":[-74.73399,-11.3746]},"properties":{"codigo":"23n-RGQ24-018a","tipo":"Rocas","hoja":"23-m","region":"Junín","geologia":"Monzogranito color gris blanquecino, textura fanerítica  inequigranular, feldespatos K (30 %) subhedrales, plagioclasas (40 %) subhedrales, cuarzo (30 %), anfíboles y biotitas anhedrales, fracturas rellenadas con óxidos ","Au":null,"Cu":9.0,"As":5.0,"Fe":5.23,"Al":9.29,"K":2.09,"x":529023.0,"y":8742587.0}},{"type":"Feature","geometry":{"type":"Point","coordinates":[-74.72995,-11.37462]},"properties":{"codigo":"23n-RGQ24-019","tipo":"Rocas","hoja":"23-m","region":"Junín","geologia":"Monzogranito color gris blanquecino, tonalidad mesócrata, textura fanerítica  inequigranular; contiene feldesapatos K (30 %) subhedrales, plagioclasas (40 %) subhedrales, cuarzo (30 %), hornblenda y biotita anhedrales. F","Au":null,"Cu":24.0,"As":5.0,"Fe":1.58,"Al":7.83,"K":2.15,"x":529463.0,"y":8742585.0}},{"type":"Feature","geometry":{"type":"Point","coordinates":[-75.48013,-11.3339]},"properties":{"codigo":"23m-RGQ24-022","tipo":"Rocas","hoja":"23-m","region":"Junín","geologia":"Esquisto micáceo gris verdoso de textura lepidoblásticas y alteración sericítica moderada y cloritización débil con presencia de lentes de cuarzo blanco. Azimut N260°/ Buzamiento 20°NW.","Au":null,"Cu":12.0,"As":5.0,"Fe":3.67,"Al":6.89,"K":1.7,"x":447608.0,"y":8747057.0}},{"type":"Feature","geometry":{"type":"Point","coordinates":[-75.48345,-11.33207]},"properties":{"codigo":"23m-RGQ24-023","tipo":"Rocas","hoja":"23-m","region":"Junín","geologia":"Esquisto micáceo gris verdoso de textura lepidoblástica y alteración sericítica moderada con lentes de cuarzo blanco. Fracturas rellenadas con goethita-jarosita.  Azimut N200° / Buzamiento 40°SW.","Au":null,"Cu":49.0,"As":5.0,"Fe":4.27,"Al":7.45,"K":1.84,"x":447246.0,"y":8747259.0}},{"type":"Feature","geometry":{"type":"Point","coordinates":[-75.48614,-11.33059]},"properties":{"codigo":"23m-RGQ24-024","tipo":"Rocas","hoja":"23-m","region":"Junín","geologia":"Esquisto micáceo gris verdoso de textura lepidoblástica y alteración sericítica moderada con lentes de cuarzo blanco. Fracturas rellenadas con goethita-jarosita. Azimut N335° / Buzamiento 60°SW.","Au":null,"Cu":29.0,"As":5.0,"Fe":5.03,"Al":10.21,"K":2.57,"x":446952.0,"y":8747423.0}},{"type":"Feature","geometry":{"type":"Point","coordinates":[-75.30288,-11.12831]},"properties":{"codigo":"23m-RGQ24-025","tipo":"Rocas","hoja":"23-m","region":"Junín","geologia":"Sienogranito color rojizo, tonalidad mesócrata, textura granítica, alteración argílica moderada. Fracturas tapizados por óxidos. Azimut N215° / Buzamiento 80°NW.","Au":null,"Cu":13.0,"As":10.0,"Fe":1.64,"Al":15.18,"K":4.13,"x":466927.0,"y":8769816.0}},{"type":"Feature","geometry":{"type":"Point","coordinates":[-75.30221,-11.12639]},"properties":{"codigo":"23m-RGQ24-026","tipo":"Rocas","hoja":"23-m","region":"Junín","geologia":"Venillas de sílice y óxidos, con halo argílico. Roca caja sienogranito color rojizo, alteración argílica y moderada oxidación. Sistema 1: N310° / 65°SW, Sistema 2: N320° / 80°NE y Sistema 3: EW / 40°S.","Au":null,"Cu":33.0,"As":22.0,"Fe":4.12,"Al":13.39,"K":4.81,"x":466999.0,"y":8770029.0}},{"type":"Feature","geometry":{"type":"Point","coordinates":[-75.30216,-11.12707]},"properties":{"codigo":"23m-RGQ24-027","tipo":"Rocas","hoja":"23-m","region":"Junín","geologia":"Sienogranito color rojizo, tonalidad mesócrata, textura granítica, alteración argílica moderada. Fracturastapizados por óxidos. Azimut N215° / Buzamiento 80°NW.","Au":null,"Cu":7.0,"As":5.0,"Fe":0.8,"Al":10.1,"K":6.09,"x":467005.0,"y":8769953.0}},{"type":"Feature","geometry":{"type":"Point","coordinates":[-75.31812,-11.10526]},"properties":{"codigo":"23m-RGQ24-028","tipo":"Rocas","hoja":"23-m","region":"Junín","geologia":"Venilla de cuarzo drusico, oquedades tapizadas con óxidos y sulfuros grises (N80° / 60°NW). Roca caja sienogranito color rojizo, argilizado .","Au":0.027,"Cu":66.0,"As":5.0,"Fe":3.76,"Al":2.57,"K":2.14,"x":465260.0,"y":8772363.0}},{"type":"Feature","geometry":{"type":"Point","coordinates":[-75.30677,-11.11685]},"properties":{"codigo":"23m-RGQ24-029","tipo":"Rocas","hoja":"23-m","region":"Junín","geologia":"Contacto entre el sienogranito cortado por el monzogranito con alteración argílica fuerte, con venillas tipo stocwork conteniendo cuarzo-goethita-jarosita (Sistema 1: N160° / 65°SW, Sistema 2:  N150° / 70°SW y Sistema 3:","Au":null,"Cu":2.0,"As":12.0,"Fe":0.75,"Al":12.52,"K":5.07,"x":466500.0,"y":8771083.0}},{"type":"Feature","geometry":{"type":"Point","coordinates":[-75.30752,-11.1182]},"properties":{"codigo":"23m-RGQ24-030","tipo":"Rocas","hoja":"23-m","region":"Junín","geologia":"Sienogranito color rojizo, tonalidad mesócrata, textura granítica - inequigranular, feldespatos K (60 %) subhedrales, plagioclasas (10%) subhedrales, cuarzo (30%) anhedral y ferromagnesianos alterados a hematita, con ven","Au":null,"Cu":3.0,"As":13.0,"Fe":2.19,"Al":7.74,"K":3.58,"x":466419.0,"y":8770934.0}},{"type":"Feature","geometry":{"type":"Point","coordinates":[-75.30433,-11.11909]},"properties":{"codigo":"23m-RGQ24-031","tipo":"Rocas","hoja":"23-m","region":"Junín","geologia":"Sienogranito color rojizo, tonalidad mesócrata, textura granítica - inequigranular, feldespatos K (60 %) subhedrales, plagioclasas (10 %) subhedrales alterándose a arcillas blancas, cuarzo (30 %) anhedral y ferromagnesia","Au":null,"Cu":9.0,"As":20.0,"Fe":4.06,"Al":14.17,"K":3.74,"x":466767.0,"y":8770836.0}},{"type":"Feature","geometry":{"type":"Point","coordinates":[-75.31118,-11.11982]},"properties":{"codigo":"23m-RGQ24-032","tipo":"Rocas","hoja":"23-m","region":"Junín","geologia":"Sienogranito color rojizo, tonalidad mesócrata, textura granítica - inequigranular, feldespatos K (60 %) subhedrales, plagioclasas (10 %) subhedrales alterándose a arcillas blancas , cuarzo (30 %) anhedral y ferromagnesi","Au":null,"Cu":6.0,"As":8.0,"Fe":1.63,"Al":14.6,"K":5.19,"x":466019.0,"y":8770754.0}},{"type":"Feature","geometry":{"type":"Point","coordinates":[-75.30842,-11.12293]},"properties":{"codigo":"23m-RGQ24-034","tipo":"Rocas","hoja":"23-m","region":"Junín","geologia":"Sienogranito color rojizo, tonalidad mesócrata, textura granítica - inequigranular, feldespatos K (60 %) subhedrales, plagioclasas (10 %), cuarzo (30 %) anhedral y ferromagnesianos alterados a óxidos; venillas de cuarzo-","Au":null,"Cu":17.0,"As":8.0,"Fe":5.26,"Al":12.73,"K":3.03,"x":466321.0,"y":8770411.0}},{"type":"Feature","geometry":{"type":"Point","coordinates":[-75.30892,-11.12498]},"properties":{"codigo":"23m-RGQ24-035","tipo":"Rocas","hoja":"23-m","region":"Junín","geologia":"Sienogranito color rojizo, tonalidad mesócrata y textura granítica -equigranular, feldespatos K (60 %) subhedrales, plagioclasas (10 %) subhedrales alterándose a arcillas blancas , cuarzo (30 %) anhedral y ferromagnesian","Au":null,"Cu":6.0,"As":5.0,"Fe":2.37,"Al":19.57,"K":0.32,"x":466266.0,"y":8770184.0}},{"type":"Feature","geometry":{"type":"Point","coordinates":[-75.49163,-11.31595]},"properties":{"codigo":"23m-RGQ24-036","tipo":"Rocas","hoja":"23-m","region":"Junín","geologia":"Contacto entre el esquisto micáceos gris verdoso y la diorita, con venillas de cuarzo blanco, pirita y goethita-jarosita.","Au":null,"Cu":80.0,"As":5.0,"Fe":4.55,"Al":8.24,"K":2.36,"x":446350.0,"y":8749040.0}},{"type":"Feature","geometry":{"type":"Point","coordinates":[-75.49163,-11.31572]},"properties":{"codigo":"23m-RGQ24-037","tipo":"Rocas","hoja":"23-m","region":"Junín","geologia":"Apófisis dioríticos gris melanócrata de textura fanerítica, compuesta de cristales de plagioclasas y ferromagnesianos subhedrales con diseminación de pirita y trazas de calcopirita. Fracturas rellenadas con goethita-jaro","Au":0.027,"Cu":23.0,"As":5.0,"Fe":8.66,"Al":7.75,"K":1.2,"x":446350.0,"y":8749066.0}},{"type":"Feature","geometry":{"type":"Point","coordinates":[-75.49163,-11.31595]},"properties":{"codigo":"23m-RGQ24-038","tipo":"Rocas","hoja":"23-m","region":"Junín","geologia":"Veta de cuarzo blanco masivo con óxidos  Dirección E-W / Buzamiento 90 °.","Au":0.027,"Cu":14.0,"As":5.0,"Fe":1.21,"Al":2.05,"K":0.47,"x":446350.0,"y":8749040.0}},{"type":"Feature","geometry":{"type":"Point","coordinates":[-75.49012,-11.31536]},"properties":{"codigo":"23m-RGQ24-039","tipo":"Rocas","hoja":"23-m","region":"Junín","geologia":"Esquisto micáceo gris verdoso de textura lepidoblástica y alteración sericítica moderada con lentes de cuarzo blanco. Fracturas rellenadas con goethita y jarosita. ","Au":null,"Cu":37.0,"As":5.0,"Fe":5.31,"Al":9.06,"K":2.39,"x":446515.0,"y":8749106.0}},{"type":"Feature","geometry":{"type":"Point","coordinates":[-75.24491,-11.0852]},"properties":{"codigo":"23m-RGQ24-046","tipo":"Rocas","hoja":"23-m","region":"Junín","geologia":"Venillas de óxidos de hierro cortando al sienogranito deleznable argilizado. Rumbo: N35°W / Buzamiento: 45°SW","Au":null,"Cu":7.0,"As":5.0,"Fe":6.01,"Al":11.21,"K":2.73,"x":473253.0,"y":8774589.0}},{"type":"Feature","geometry":{"type":"Point","coordinates":[-75.2385,-11.08137]},"properties":{"codigo":"23m-RGQ24-047","tipo":"Rocas","hoja":"23-m","region":"Junín","geologia":"Veta de cuarzo hialino con óxidos de hierro entre las fracturas (N40°W / 55°NE, ancho de 0.15 m y largo de 3 m), corta el intrusivo generando un halo argílico en el contacto.","Au":null,"Cu":16.0,"As":5.0,"Fe":0.76,"Al":0.68,"K":0.21,"x":473952.0,"y":8775013.0}},{"type":"Feature","geometry":{"type":"Point","coordinates":[-75.2522,-11.08925]},"properties":{"codigo":"23m-RGQ24-048","tipo":"Rocas","hoja":"23-m","region":"Junín","geologia":"Roca intrusiva, color rosado con cuarzo ? 40 %, feldespato K ? 30 %, presenta óxidos de hierro entre las fracturas.","Au":null,"Cu":6.0,"As":5.0,"Fe":1.24,"Al":7.79,"K":3.82,"x":472457.0,"y":8774140.0}},{"type":"Feature","geometry":{"type":"Point","coordinates":[-75.26447,-11.04308]},"properties":{"codigo":"23m-RGQ24-049","tipo":"Rocas","hoja":"23-m","region":"Junín","geologia":"Venilla de óxidos de hierro (hematita y gohetita) 1 cm x 10 m. Cortando al intrusivo de grano grueso que contiene plagioclasas alteradas.","Au":null,"Cu":6.0,"As":15.0,"Fe":5.38,"Al":9.37,"K":2.49,"x":471112.0,"y":8779244.0}},{"type":"Feature","geometry":{"type":"Point","coordinates":[-75.2617,-11.05217]},"properties":{"codigo":"23m-RGQ24-051","tipo":"Rocas","hoja":"23-m","region":"Junín","geologia":"Venilla de óxidos de hierro (hematita y gohetita) 1 cm x 5 m. Cortando al intrusivo de grano grueso que contiene plagioclasas alteradas.","Au":null,"Cu":5.0,"As":19.0,"Fe":4.79,"Al":10.91,"K":2.78,"x":471416.0,"y":8778240.0}}]}